Title,prediction
Saving Private Ryan (1998),2.9576952201554403
Schindler's List (1993),2.8070370948580785
Toy Story (1995),2.378381934681188
American Beauty (1999),1.9138851135865613
"Shawshank Redemption, The (1994)",1.9004842047722286
"Silence of the Lambs, The (1991)",1.846228654273199
Braveheart (1995),1.8036561781020886
Star Wars: Episode IV - A New Hope (1977),1.7752700378541484
"Godfather, The (1972)",1.697408325231068
Back to the Future (1985),1.6497760811638515
Star Wars: Episode V - The Empire Strikes Back (1980),1.638761661205719
One Flew Over the Cuckoo's Nest (1975),1.622862090632874
Toy Story 2 (1999),1.6217077097283712
Raiders of the Lost Ark (1981),1.617668822271457
Forrest Gump (1994),1.5204184977045245
Fargo (1996),1.4875357667178424
Beauty and the Beast (1991),1.467970941189866
"Bug's Life, A (1998)",1.465950196679675
"Lion King, The (1994)",1.4051977188657772
Rain Man (1988),1.398188844651336
Shakespeare in Love (1998),1.396560214167292
E.T. the Extra-Terrestrial (1982),1.352357593781296
Babe (1995),1.3416477578107033
Terminator 2: Judgment Day (1991),1.3413721851370304
Good Will Hunting (1997),1.3255085138457021
"Wizard of Oz, The (1939)",1.2700040687969798
"Fugitive, The (1993)",1.265734722647713
Groundhog Day (1993),1.1769493793073273
Pulp Fiction (1994),1.1470611797712538
Jurassic Park (1993),1.1454013483803798
Star Wars: Episode VI - Return of the Jedi (1983),1.1281511325125784
"Godfather: Part II, The (1974)",1.1042126717314165
"Sixth Sense, The (1999)",1.1040439528369008
"Matrix, The (1999)",1.0879717692927662
Aladdin (1992),1.0510040149924336
Butch Cassidy and the Sundance Kid (1969),1.0505471822123145
Apollo 13 (1995),1.0435166144593286
As Good As It Gets (1997),1.0101008488272518
Airplane! (1980),1.007365213211519
Men in Black (1997),0.999464640960851
Dances with Wolves (1990),0.9751693161517552
L.A. Confidential (1997),0.9646770000834318
Jerry Maguire (1996),0.9457382302476752
Alien (1979),0.9127755615363206
"Christmas Story, A (1983)",0.910062854451611
"Princess Bride, The (1987)",0.9023614887997103
"Sound of Music, The (1965)",0.8991367232297303
Die Hard (1988),0.8909138528801129
When Harry Met Sally... (1989),0.8889698968030291
Casablanca (1942),0.8884138711875682
"Green Mile, The (1999)",0.8714677956331167
Stand by Me (1986),0.8713821896694499
"Patriot, The (2000)",0.8581160354098465
Mary Poppins (1964),0.852406017168801
GoodFellas (1990),0.84726069215699
Life Is Beautiful (La Vita � bella) (1997),0.8459587601465968
Star Wars: Episode I - The Phantom Menace (1999),0.8384266621548201
"American President, The (1995)",0.8286101613797507
Titanic (1997),0.8267151150883763
"Little Mermaid, The (1989)",0.8237168690976469
Aliens (1986),0.7952400269636114
North by Northwest (1959),0.7922335812357595
Snow White and the Seven Dwarfs (1937),0.7867047774822231
Speed (1994),0.7830663035298275
Sleepless in Seattle (1993),0.7752552558396403
Contact (1997),0.774829326665256
"Bridge on the River Kwai, The (1957)",0.7725136174467109
Ghostbusters (1984),0.7718470642654627
Gladiator (2000),0.7695479495205102
Fantasia (1940),0.7639053815054857
Big (1988),0.761558089663505
"Sting, The (1973)",0.7542354944053284
"Hunt for Red October, The (1990)",0.7405578380661185
Gone with the Wind (1939),0.7287207838428159
Jaws (1975),0.7280306657531621
Being John Malkovich (1999),0.7215623335458604
Erin Brockovich (2000),0.7121955737083525
"Few Good Men, A (1992)",0.7110179957009845
True Lies (1994),0.704732360552425
Young Frankenstein (1974),0.7039060366925683
"Jungle Book, The (1967)",0.7025007493740465
Cinderella (1950),0.7015586794031035
Total Recall (1990),0.6902974400473798
Ghost (1990),0.6878508093037825
Awakenings (1990),0.6858490839192533
"Terminator, The (1984)",0.6823921509475298
"Rock, The (1996)",0.6651550230104689
Pretty Woman (1990),0.6620504416763813
"Crying Game, The (1992)",0.6583073193808116
Lady and the Tramp (1955),0.6483563353481336
Chicken Run (2000),0.6476477465496878
There's Something About Mary (1998),0.6377805952606634
2001: A Space Odyssey (1968),0.6347733977345013
Monty Python and the Holy Grail (1974),0.6291729506136308
Amadeus (1984),0.6278608511294546
Peter Pan (1953),0.6264548025235868
"African Queen, The (1951)",0.6154338033538558
"Full Monty, The (1997)",0.6138338414089939
M*A*S*H (1970),0.6100253409309779
"League of Their Own, A (1992)",0.6093660966512295
Moonstruck (1987),0.6079916280858145
Lethal Weapon (1987),0.6072522515391531
Animal House (1978),0.6012864143133002
Indiana Jones and the Last Crusade (1989),0.5957654091333927
Who Framed Roger Rabbit? (1988),0.5956663884918251
Platoon (1986),0.5951997034112235
"Usual Suspects, The (1995)",0.5937790834409081
Raising Arizona (1987),0.5920066481110088
"Fish Called Wanda, A (1988)",0.591157648775478
"Breakfast Club, The (1985)",0.5854715000428332
You've Got Mail (1998),0.5784113612426052
Taxi Driver (1976),0.5762042621821166
Sling Blade (1996),0.5716989669148301
Thelma & Louise (1991),0.5710456907338137
Psycho (1960),0.5675846767596513
Seven (Se7en) (1995),0.563916086531267
Blade Runner (1982),0.5570911523503022
Ferris Bueller's Day Off (1986),0.5547737353067655
Mission: Impossible (1996),0.551994702775697
Cool Hand Luke (1967),0.5504106088603705
American Graffiti (1973),0.5499191381541467
"Boat, The (Das Boot) (1981)",0.5445782199671256
Apocalypse Now (1979),0.5429041079449218
"Iron Giant, The (1999)",0.5427861020588098
Dead Man Walking (1995),0.542438963624708
Reservoir Dogs (1992),0.5416597412726933
Witness (1985),0.5389554658712902
X-Men (2000),0.5372735858531603
Ben-Hur (1959),0.5353754996066973
Top Gun (1986),0.5333378803134057
West Side Story (1961),0.5288387903925943
Willy Wonka and the Chocolate Factory (1971),0.5207978411005298
Independence Day (ID4) (1996),0.5188920969284256
James and the Giant Peach (1996),0.5178556518562971
Pleasantville (1998),0.5166287993743477
Blazing Saddles (1974),0.5126224028142478
Back to the Future Part III (1990),0.5125286574622092
Bull Durham (1988),0.5113185394767225
"Hunchback of Notre Dame, The (1996)",0.5102366509168677
Sense and Sensibility (1995),0.5060480759442416
Tarzan (1999),0.5035343962346625
"Blues Brothers, The (1980)",0.5019025855421361
Bambi (1942),0.5002701252883076
Rocky (1976),0.500010072340371
Star Trek: First Contact (1996),0.49901355884808124
Chinatown (1974),0.49543846580707396
Close Encounters of the Third Kind (1977),0.4952125976925111
"Perfect Storm, The (2000)",0.4950672816870367
Mrs. Doubtfire (1993),0.49505290050565176
Dead Poets Society (1989),0.4945361212708364
Patriot Games (1992),0.4932435443591079
"Last of the Mohicans, The (1992)",0.4911987496870809
Splash (1984),0.484702805936726
Austin Powers: The Spy Who Shagged Me (1999),0.4818704171538479
"Secret Garden, The (1993)",0.47896759319644727
Glory (1989),0.47801882817145486
"Untouchables, The (1987)",0.473714326960886
Annie Hall (1977),0.47299182463276995
Twelve Monkeys (1995),0.47124231803824934
Dog Day Afternoon (1975),0.4706275072511274
Four Weddings and a Funeral (1994),0.4701733343031938
"Great Escape, The (1963)",0.46971291224114864
"Insider, The (1999)",0.46537874900678805
Citizen Kane (1941),0.4612822609371777
Clueless (1995),0.4599985980761793
What's Eating Gilbert Grape (1993),0.459856989032325
Driving Miss Daisy (1989),0.4594524140766417
Clerks (1994),0.4587500435395573
Edward Scissorhands (1990),0.4543841221699826
Boogie Nights (1997),0.45334314045032775
Home Alone (1990),0.45302424765528904
Sleeping Beauty (1959),0.45055319652509485
Dumbo (1941),0.45000057117171416
Grease (1978),0.4494055007452892
Alice in Wonderland (1951),0.44914129089241056
Antz (1998),0.4490839115664058
Chariots of Fire (1981),0.44878719001447653
"Maltese Falcon, The (1941)",0.4486741159738505
Mr. Holland's Opus (1995),0.4470528791960222
Patton (1970),0.4466001035382472
Babe: Pig in the City (1998),0.44577818358238247
Air Force One (1997),0.4455159495575841
Unforgiven (1992),0.44341630613020294
Like Water for Chocolate (Como agua para chocolate) (1992),0.43853052084836197
Field of Dreams (1989),0.4374628656743721
My Best Friend's Wedding (1997),0.43585748192651785
"Mummy, The (1999)",0.4356546818681514
Batman (1989),0.43533398664267087
October Sky (1999),0.4352706425041801
101 Dalmatians (1961),0.43511174554580384
Charlotte's Web (1973),0.43105297364244616
Dr. Strangelove or: How I Learned to Stop Worrying and Love the Bomb (1963),0.42928385125776874
American Pie (1999),0.4282616279356139
"Good Morning, Vietnam (1987)",0.4278994263516801
Fast Times at Ridgemont High (1982),0.4263815200531086
Fatal Attraction (1987),0.42541511990486963
Misery (1990),0.42180378842864685
"Mask, The (1994)",0.4205926267434458
Die Hard 2 (1990),0.4191873569471026
Fight Club (1999),0.41741701903493167
Rear Window (1954),0.41579109570108097
"Firm, The (1993)",0.4141171925082863
Dave (1993),0.4118214149122764
Mulan (1998),0.41077816786904137
Grosse Pointe Blank (1997),0.4102617552458311
Run Lola Run (Lola rennt) (1998),0.4069940477438717
Singin' in the Rain (1952),0.4063394816595667
"French Connection, The (1971)",0.4040259720846439
Fantasia 2000 (1999),0.4028964836935142
"Muppet Movie, The (1979)",0.3999771065562598
"Big Chill, The (1983)",0.39952500092580034
Superman (1978),0.3980177566420011
Twister (1996),0.39377700462642795
Fried Green Tomatoes (1991),0.39315438501514727
Elizabeth (1998),0.3890660586304056
"Thomas Crown Affair, The (1999)",0.3870013488222654
Leaving Las Vegas (1995),0.38464013205940567
High Fidelity (2000),0.3833298732183176
Homeward Bound: The Incredible Journey (1993),0.3808246630527749
Liar Liar (1997),0.3789272660086818
Midnight Cowboy (1969),0.37841169788287154
Austin Powers: International Man of Mystery (1997),0.3771668572497817
Rudy (1993),0.37545256632215607
Crimson Tide (1995),0.3753191958362252
Stuart Little (1999),0.37438054786091424
My Fair Lady (1964),0.37051671466015
Hercules (1997),0.37010725479917533
"Right Stuff, The (1983)",0.3686841430326775
"Truman Show, The (1998)",0.3672039704173314
Runaway Bride (1999),0.3664187419492474
Ever After: A Cinderella Story (1998),0.36519290997716125
"River Runs Through It, A (1992)",0.3648768106497037
Lawrence of Arabia (1962),0.364601869859641
Legends of the Fall (1994),0.3639462400053704
Pinocchio (1940),0.36327441912558806
"Abyss, The (1989)",0.36182056901596765
"Aristocats, The (1970)",0.3617271843836007
"Graduate, The (1967)",0.3616479194860727
Office Space (1999),0.36036882450767677
Waking Ned Devine (1998),0.36028117083416006
Boys Don't Cry (1999),0.3593985680597306
Election (1999),0.358877335532843
"Santa Clause, The (1994)",0.3588510317805949
Caddyshack (1980),0.35840957533684614
Old Yeller (1957),0.3580259628032572
JFK (1991),0.3579483105243016
Dirty Dancing (1987),0.35777075570350453
Ace Ventura: Pet Detective (1994),0.35712891632948174
Trading Places (1983),0.35555981484216787
Hoop Dreams (1994),0.3545482141333319
Goldfinger (1964),0.35373804681087273
Gandhi (1982),0.3520596211726907
Galaxy Quest (1999),0.35161975082332214
Armageddon (1998),0.35137484575551475
Three Kings (1999),0.35006753291668424
Notting Hill (1999),0.34970834946101903
"Killing Fields, The (1984)",0.3485668497397285
American History X (1998),0.34785441267677886
"Parent Trap, The (1998)",0.3478298208192177
Some Like It Hot (1959),0.3476762661044279
To Kill a Mockingbird (1962),0.3472891551192898
Full Metal Jacket (1987),0.3468888133931082
"South Park: Bigger, Longer and Uncut (1999)",0.3451081778532418
That Thing You Do! (1996),0.3413659849437344
Crocodile Dundee (1986),0.3410435704940217
"Mis�rables, Les (1995)",0.3396212279688623
Maverick (1994),0.3367406253693791
Lethal Weapon 2 (1989),0.33635514593425153
Spartacus (1960),0.3357272138637153
"Dirty Dozen, The (1967)",0.3351287386611454
Wayne's World (1992),0.3339861421791944
Meet Joe Black (1998),0.3339580007400167
"Last Emperor, The (1987)",0.3331754396072923
"Negotiator, The (1998)",0.3331138055568199
Network (1976),0.33174721113679484
Monty Python's Life of Brian (1979),0.3312435204108805
Searching for Bobby Fischer (1993),0.3307093889494398
"Lost World: Jurassic Park, The (1997)",0.3272148653623004
"Shining, The (1980)",0.3261352563478534
"Good, The Bad and The Ugly, The (1966)",0.32353102781995347
Robin Hood (1973),0.32348711445082773
Ransom (1996),0.3226601083913283
Hope Floats (1998),0.3218303371750792
12 Angry Men (1957),0.3215085240786146
"Manchurian Candidate, The (1962)",0.3207189117601445
Clear and Present Danger (1994),0.32001987149308647
Frequency (2000),0.31676734264381134
"Nutty Professor, The (1996)",0.3164854979659426
Lethal Weapon 3 (1992),0.3153887011038151
"Honey, I Shrunk the Kids (1989)",0.3153057849509486
My Cousin Vinny (1992),0.31065216967756554
Stalag 17 (1953),0.3098076852268425
Dazed and Confused (1993),0.3097872658054383
Midnight Express (1978),0.30940868645153285
Bonnie and Clyde (1967),0.30621907048493757
Romancing the Stone (1984),0.30614445003474133
"Deer Hunter, The (1978)",0.3043276807170123
"Prince of Egypt, The (1998)",0.30416516576550967
Brazil (1985),0.3040827356916864
Doctor Zhivago (1965),0.30396543278709165
Fly Away Home (1996),0.30318311152717803
Predator (1987),0.3002595236983072
"American Tail, An (1986)",0.299649004762019
Cape Fear (1991),0.29872743350304676
Almost Famous (2000),0.2954387386941519
"English Patient, The (1996)",0.2939741688610265
Indiana Jones and the Temple of Doom (1984),0.2939506589966964
"Absent Minded Professor, The (1961)",0.2939279302190757
"Nightmare Before Christmas, The (1993)",0.29242654454021627
Howards End (1992),0.2904769113852503
"Player, The (1992)",0.29045663442936187
"Wedding Singer, The (1998)",0.29028203816422277
Roger & Me (1989),0.28816133410259115
Grumpy Old Men (1993),0.2871184958182615
"Guns of Navarone, The (1961)",0.2870483840410911
Superman II (1980),0.2833222770877789
Beetlejuice (1988),0.28125014598018866
"Professional, The (a.k.a. Leon: The Professional) (1994)",0.2800094298580014
Kelly's Heroes (1970),0.2792702083420988
Sneakers (1992),0.2790996686604208
"Fifth Element, The (1997)",0.2777024751383769
Tin Cup (1996),0.27748086125795635
Kramer Vs. Kramer (1979),0.2770094705226406
Planet of the Apes (1968),0.2752516216762996
Remember the Titans (2000),0.27512222790248997
"Birds, The (1963)",0.27354512420850374
Broadcast News (1987),0.2723382340278261
"Big Lebowski, The (1998)",0.27208781596664794
Wag the Dog (1997),0.2719899048205542
Risky Business (1983),0.27125533600751967
Deep Impact (1998),0.2704583155844356
Eyes Wide Shut (1999),0.26975067456998625
Pocahontas (1995),0.2680395550149325
Pee-wee's Big Adventure (1985),0.2647273498935678
Scream (1996),0.26137450385651817
"Joy Luck Club, The (1993)",0.2612359417711103
Patch Adams (1998),0.2610808418215165
"Mask of Zorro, The (1998)",0.26086091797506444
Magnolia (1999),0.2584014458139823
"Rescuers Down Under, The (1990)",0.258341648223369
Duck Soup (1933),0.2583174649092568
Mister Roberts (1955),0.2580892727273672
"Rainmaker, The (1997)",0.25667892005897885
Hoosiers (1986),0.2566523850100968
In the Line of Fire (1993),0.25482052076529543
Miracle on 34th Street (1947),0.2547885834374556
"Adventures of Milo and Otis, The (1986)",0.25403763117886774
"Grifters, The (1990)",0.25346824898606674
Raging Bull (1980),0.25265890494222154
Double Jeopardy (1999),0.2526331608766483
It's a Wonderful Life (1946),0.25196218967431405
Emma (1996),0.25128579078939517
Back to the Future Part II (1989),0.2510849808185087
Starman (1984),0.25093988284828195
Philadelphia (1993),0.25009936903887986
"Sword in the Stone, The (1963)",0.24985392113147958
"Jungle Book, The (1994)",0.24951749572644472
Bowfinger (1999),0.2489066842813195
Never Been Kissed (1999),0.24873396369194198
"World Is Not Enough, The (1999)",0.24872256523345082
GoldenEye (1995),0.2486433783345144
White Christmas (1954),0.24814427528216149
Enemy of the State (1998),0.24720237663988426
"Simple Plan, A (1998)",0.24678876868872926
"Goonies, The (1985)",0.24644954776474845
From Russia with Love (1963),0.2463759762647426
Ronin (1998),0.24628810925941258
Big Daddy (1999),0.24542125144428883
Ordinary People (1980),0.24530954917077819
Face/Off (1997),0.2451241072930841
While You Were Sleeping (1995),0.24451205893225686
Arachnophobia (1990),0.24393249287292157
"Blair Witch Project, The (1999)",0.2432544905632511
"Poseidon Adventure, The (1972)",0.24301250211492562
"Parent Trap, The (1961)",0.2428661851934481
Powder (1995),0.24212485615207982
"Mis�rables, Les (1998)",0.24172193254867208
Casper (1995),0.24073875995635874
F/X (1986),0.2407222055386084
Arthur (1981),0.2406548076346136
Instinct (1999),0.2402806045307048
Star Trek: The Wrath of Khan (1982),0.24010776044419374
"Talented Mr. Ripley, The (1999)",0.2395407916040766
Papillon (1973),0.2388896237505475
Stripes (1981),0.23818616018201805
28 Days (2000),0.238169520416687
"Indian in the Cupboard, The (1995)",0.23776879876313314
"20,000 Leagues Under the Sea (1954)",0.23765563615197774
"Rocky Horror Picture Show, The (1975)",0.2374763457752725
"Saint, The (1997)",0.2364970341324242
Anastasia (1997),0.23643697314884965
Mad Max 2 (a.k.a. The Road Warrior) (1981),0.2363343270978005
101 Dalmatians (1996),0.23614219823931076
Batman Returns (1992),0.2350245313456748
Star Trek: Generations (1994),0.23474376853253
Starship Troopers (1997),0.2345920916240311
"Clockwork Orange, A (1971)",0.23253787783582308
Flight of the Navigator (1986),0.2315773181697273
"Perfect Murder, A (1998)",0.23094708339786316
Broken Arrow (1996),0.23073149748771454
"Rocketeer, The (1991)",0.23060650173860417
Keeping the Faith (2000),0.2304298367687185
Grumpier Old Men (1995),0.23029594655819946
Swiss Family Robinson (1960),0.23012550958371425
"Fisher King, The (1991)",0.22789886377748728
"Wrong Trousers, The (1993)",0.22776311532327517
Wild Things (1998),0.2267437377882053
Con Air (1997),0.22674327236376662
Six Days Seven Nights (1998),0.22673936959188096
"Fly, The (1986)",0.2263995073204178
Do the Right Thing (1989),0.22616638767890015
"Third Man, The (1949)",0.22591887458937132
Snow Falling on Cedars (1999),0.2251925244136167
Space Jam (1996),0.22512496502884974
Get Shorty (1995),0.224887302461185
Say Anything... (1989),0.22430491896607535
L.A. Story (1991),0.22421054091093107
"Natural, The (1984)",0.22379570406510232
Little Big Man (1970),0.22373481243346713
Vertigo (1958),0.2237193054507065
First Knight (1995),0.2234926349369306
Waterworld (1995),0.22337812123339496
Sister Act (1992),0.2229406877610635
Serpico (1973),0.22283149858030074
"Exorcist, The (1973)",0.22243743890889517
"NeverEnding Story, The (1984)",0.22224945172724078
Desperately Seeking Susan (1985),0.22161284069038384
Dinosaur (2000),0.2213310583702478
Entrapment (1999),0.2199374899102981
Terms of Endearment (1983),0.21985575551088365
Cocoon (1985),0.21905442335205846
Oliver! (1968),0.21778384858446537
Bound (1996),0.2173413387988591
"Elephant Man, The (1980)",0.21708485911499747
Deliverance (1972),0.2166549397987814
"Muppet Christmas Carol, The (1992)",0.216570179011405
"Mighty Ducks, The (1992)",0.21541647394003713
Body Heat (1981),0.21498529211458406
"Close Shave, A (1995)",0.21463453279729583
Sabrina (1995),0.21444372418925448
Winnie the Pooh and the Blustery Day (1968),0.21444259463057466
Akira (1988),0.21398673344888636
Scent of a Woman (1992),0.21391430837292874
Sleeper (1973),0.21360594681175676
Breakfast at Tiffany's (1961),0.21343753166771698
King Kong (1933),0.21207662931401194
Mission to Mars (2000),0.21086672326567596
"Color Purple, The (1985)",0.21061743501547353
Wallace & Gromit: The Best of Aardman Animation (1996),0.20990173629193984
Tomorrow Never Dies (1997),0.20987519487951004
"X-Files: Fight the Future, The (1998)",0.20925942771258288
Of Mice and Men (1992),0.20858067816101974
This Is Spinal Tap (1984),0.20802056410329658
Big Trouble in Little China (1986),0.2079844165143837
Miracle on 34th Street (1994),0.20786488479228815
Children of a Lesser God (1986),0.20699128231094727
Donnie Brasco (1997),0.2065293401693005
George of the Jungle (1997),0.20572001936460205
Somewhere in Time (1980),0.20470044693151065
"Room with a View, A (1986)",0.20468823919866683
Far and Away (1992),0.20426204304110743
Dark City (1998),0.20390704337682033
Pretty in Pink (1986),0.2034993884482788
Pete's Dragon (1977),0.20314452183714243
Beavis and Butt-head Do America (1996),0.20293613420303724
"Godfather: Part III, The (1990)",0.20133980484338235
"Affair to Remember, An (1957)",0.20114673304817168
What About Bob? (1991),0.2010692843629502
Fantastic Voyage (1966),0.20078346514635553
Breaking Away (1979),0.20052826575303626
Star Trek IV: The Voyage Home (1986),0.19999087287077094
Heathers (1989),0.1994849427391357
Sophie's Choice (1982),0.19935503744505692
"Brady Bunch Movie, The (1995)",0.19916405034504503
Harold and Maude (1971),0.19832993961984527
Voyage to the Bottom of the Sea (1961),0.19763999967436047
Phenomenon (1996),0.19711735158473231
Army of Darkness (1993),0.19672242666106063
Crimes and Misdemeanors (1989),0.19661867032224073
Bulworth (1998),0.19590563353360796
"Hard Day's Night, A (1964)",0.19546281735925963
"Little Princess, A (1995)",0.19543842159411337
Michael (1996),0.19540881284881528
"Rescuers, The (1977)",0.19422310718768268
Any Given Sunday (1999),0.1940189678935706
"Truth About Cats & Dogs, The (1996)",0.19380577479453845
Much Ado About Nothing (1993),0.19260156774777507
Quiz Show (1994),0.19225897802048503
Smoke Signals (1998),0.19212931382422527
"Cell, The (2000)",0.19182502547850105
"Hustler, The (1961)",0.19104325284730123
Stargate (1994),0.1905477148551118
"Quiet Man, The (1952)",0.19045706659397965
Star Trek: Insurrection (1998),0.19039176402001876
Rocky II (1979),0.19021819747458912
On Golden Pond (1981),0.18949079747615755
Parenthood (1989),0.1894106976313186
Rosemary's Baby (1968),0.1893049213986626
Copycat (1995),0.18857542323098725
"Bodyguard, The (1992)",0.18856579029416384
Wonder Boys (2000),0.18852383340371753
Cool Runnings (1993),0.1882323293489622
Dumb & Dumber (1994),0.18804795849417724
Dogma (1999),0.18757756963776406
Out of Africa (1985),0.18717499200901297
"Addams Family, The (1991)",0.18702900404844397
"Running Man, The (1987)",0.1869696606008645
Out of Sight (1998),0.18624465234125676
Jackie Brown (1997),0.1861402298676606
Strictly Ballroom (1992),0.18606653575664092
Anna and the King (1999),0.18476667505801933
Arsenic and Old Lace (1944),0.18430918634720347
"Devil's Advocate, The (1997)",0.1842339777539033
Seven Samurai (The Magnificent Seven) (Shichinin no samurai) (1954),0.1839625468477543
Hook (1991),0.1838189078172273
My Left Foot (1989),0.1838139770001713
From Here to Eternity (1953),0.18297337835601293
"Longest Day, The (1962)",0.18266859760108006
Chasing Amy (1997),0.18264390429291916
"Contender, The (2000)",0.18229713321794339
Angel Heart (1987),0.18204911990437816
Diner (1982),0.18169304367129788
Meet the Parents (2000),0.18147739033583274
Kingpin (1996),0.18117332110397993
"Outsiders, The (1983)",0.18114348200329164
"Gods Must Be Crazy, The (1980)",0.1807793023498859
"Goofy Movie, A (1995)",0.1800540169455656
"Honey, I Blew Up the Kid (1992)",0.17935766597515163
Five Easy Pieces (1970),0.17868401839749026
Outbreak (1995),0.17828884935469738
Doctor Dolittle (1998),0.17828276631358317
"Birdcage, The (1996)",0.1780003971273974
"Apostle, The (1997)",0.1778515700331783
"Whole Nine Yards, The (2000)",0.17715110708802967
Angels in the Outfield (1994),0.17680472310053597
"Waterboy, The (1998)",0.17678764502741479
"Pelican Brief, The (1993)",0.17673871456376014
Payback (1999),0.17662418446240116
"King and I, The (1956)",0.1765487421223147
Abbott and Costello Meet Frankenstein (1948),0.17640611281210808
Bedknobs and Broomsticks (1971),0.17625273670813374
"Walk in the Clouds, A (1995)",0.17616778378192482
Tombstone (1993),0.17560824069360628
"Game, The (1997)",0.17545400214701776
"Opposite of Sex, The (1998)",0.1749578060033966
Jacob's Ladder (1990),0.1747730055316552
Amistad (1997),0.1745897330437636
Guess Who's Coming to Dinner (1967),0.17452230824958317
Forever Young (1992),0.1743197907321964
Jumanji (1995),0.174310379757471
Robocop (1987),0.17396947749775668
"American in Paris, An (1951)",0.17280441843441555
Help! (1965),0.17272769236345953
"Last Picture Show, The (1971)",0.17256980409268977
What Lies Beneath (2000),0.1725678080511028
Home Alone 2: Lost in New York (1992),0.17206119960546604
Popeye (1980),0.17176820167622908
"Love Bug, The (1969)",0.17113193093435117
Steamboat Willie (1940),0.17104306016851306
Sabrina (1954),0.17065792280154174
Mission: Impossible 2 (2000),0.17024998273142358
Breaker Morant (1980),0.16942672542301043
Backdraft (1991),0.1692792696721721
Courage Under Fire (1996),0.16906437244052536
Interview with the Vampire (1994),0.16794844156846267
Executive Decision (1996),0.1677926863992716
Air Bud (1997),0.1672416170557575
"Odd Couple, The (1968)",0.1667359186084421
"Philadelphia Story, The (1940)",0.1665195240934379
Lethal Weapon 4 (1998),0.16648173327823845
Airplane II: The Sequel (1982),0.166200132530657
Dick (1999),0.16597307424073288
Sleepers (1996),0.16554390109434394
Peggy Sue Got Married (1986),0.1654944459874946
From Dusk Till Dawn (1996),0.16516511410336446
"American Tail: Fievel Goes West, An (1991)",0.16494697425856214
Batman Forever (1995),0.16423104643762945
"Secret of NIMH, The (1982)",0.1641830818052775
Primal Fear (1996),0.16403681657251587
Song of the South (1946),0.16377992712143377
Heat (1995),0.1636212729729983
Return to Oz (1985),0.16329733427481702
Modern Times (1936),0.16309347056510473
"Bridges of Madison County, The (1995)",0.16298194759675283
Little Women (1994),0.162672274443342
"Time to Kill, A (1996)",0.16260270386341472
Shanghai Noon (2000),0.1622099084170397
Gattaca (1997),0.1621585762343252
Casino (1995),0.1621125116835651
"Kentucky Fried Movie, The (1977)",0.1612843046713749
Flubber (1997),0.16044766050755235
Father of the Bride Part II (1995),0.16028421823752362
Happy Gilmore (1996),0.15999938286597976
"Horse Whisperer, The (1998)",0.15947927724513816
So I Married an Axe Murderer (1993),0.1590085179575232
"Amityville Horror, The (1979)",0.15871162745126133
Sommersby (1993),0.15869377214113964
Footloose (1984),0.15852644154268514
Sleepy Hollow (1999),0.15823857859875887
"Englishman Who Went Up a Hill, But Came Down a Mountain, The (1995)",0.15810667732061534
Prizzi's Honor (1985),0.15731357540069527
"Client, The (1994)",0.1572639715483201
Pollyanna (1960),0.15698408876386807
Rounders (1998),0.15669409335328377
Cinema Paradiso (1988),0.1564340299395929
Private Parts (1997),0.1563207667245111
Swingers (1996),0.1562250824040621
"Crow, The (1994)",0.15609325423242093
Some Folks Call It a Sling Blade (1993),0.15597361120838554
Conspiracy Theory (1997),0.15575948461267972
"Remains of the Day, The (1993)",0.15516515495980865
"Karate Kid, The (1984)",0.15492696022909516
Return to Me (2000),0.1547834055619562
Spaceballs (1987),0.1545230847854655
"Adventures of Priscilla, Queen of the Desert, The (1994)",0.15438388874596265
Cat Ballou (1965),0.15384309389887213
Secrets & Lies (1996),0.15337344130222527
One Fine Day (1996),0.15268826014691345
"Dark Crystal, The (1982)",0.15254372323011714
Matilda (1996),0.1523887517564588
Raise the Red Lantern (1991),0.15184856386667206
"Brothers McMullen, The (1995)",0.15175439596987322
"Three Musketeers, The (1993)",0.15082803007927512
"Commitments, The (1991)",0.15024961651504187
His Girl Friday (1940),0.15002974852682838
U-571 (2000),0.14957195520412114
"Bronx Tale, A (1993)",0.14946048881086949
Me Myself I (2000),0.14872380638695434
Rocky III (1982),0.148710156956427
Local Hero (1983),0.14842775469991332
Blue Velvet (1986),0.14824940319512603
Coneheads (1993),0.14765519572261138
"People vs. Larry Flynt, The (1996)",0.14731735171062765
Scary Movie (2000),0.14714947589234048
"Purple Rose of Cairo, The (1985)",0.14695212088760243
Snow Day (2000),0.14672839547425523
Superman III (1983),0.14666540237847558
"Great Muppet Caper, The (1981)",0.14595119814679502
Dial M for Murder (1954),0.1457988395456086
Heaven Can Wait (1978),0.14567086782513766
It Could Happen to You (1994),0.1455292628297373
Around the World in 80 Days (1956),0.14527169784319427
Fools Rush In (1997),0.14508715663900545
Watership Down (1978),0.14482877707193076
Crumb (1994),0.14480226927801298
Muriel's Wedding (1994),0.14457527280646099
"Goodbye Girl, The (1977)",0.14407896403344866
Christmas Vacation (1989),0.1436493657770524
Mr. Smith Goes to Washington (1939),0.1432236491376303
Bicentennial Man (1999),0.14298132448910295
Home Alone 3 (1997),0.14278192989607133
Sixteen Candles (1984),0.14276645092282275
Dragonheart (1996),0.14237308263577136
Arlington Road (1999),0.14190394052617145
Swing Kids (1993),0.1418413326759357
Midnight in the Garden of Good and Evil (1997),0.14178690085598034
For a Few Dollars More (1965),0.1416365205847393
On the Waterfront (1954),0.14163648403391257
"Corrina, Corrina (1994)",0.14116440529777646
Aladdin and the King of Thieves (1996),0.14095979630775268
"Fox and the Hound, The (1981)",0.14061694000383146
Alive (1993),0.14047256046134857
Invasion of the Body Snatchers (1956),0.14032100084934074
City of Angels (1998),0.14031830251095145
"Doors, The (1991)",0.14004860484503992
"Mission, The (1986)",0.13981762924137092
"Man Who Would Be King, The (1975)",0.13963988236553976
Midnight Run (1988),0.13942583118998697
10 Things I Hate About You (1999),0.13916152484137473
"Cider House Rules, The (1999)",0.1390683532234696
Star Trek VI: The Undiscovered Country (1991),0.1385830120989549
Trainspotting (1996),0.13843862999803483
Shaft (2000),0.13801799780111118
"Karate Kid, Part II, The (1986)",0.13786565579865567
"Spy Who Loved Me, The (1977)",0.13735097775463304
Rocky IV (1985),0.13672859749259436
Basic Instinct (1992),0.13656495161547758
With Honors (1994),0.13649946364975535
Inherit the Wind (1960),0.13630432103196316
Blade (1998),0.13629332990375756
Go (1999),0.13611502888680113
Dangerous Liaisons (1988),0.13587545370546325
"Fistful of Dollars, A (1964)",0.13564944231386958
On Her Majesty's Secret Service (1969),0.1355397553126081
"Red Firecracker, Green Firecracker (1994)",0.13451981386290873
Circle of Friends (1995),0.13429564759565268
Vacation (1983),0.1342837397978981
Mouse Hunt (1997),0.13404380562849913
She's the One (1996),0.13387183504124156
"Little Rascals, The (1994)",0.13382728604931382
Cabaret (1972),0.13357660349411377
Flatliners (1990),0.13348662312777068
Rules of Engagement (2000),0.13304682431575
Moonraker (1979),0.13294026378589047
"Nutty Professor, The (1963)",0.13214230829890342
"Christmas Carol, A (1938)",0.13200087618385625
"Producers, The (1968)",0.13167911293355977
High Noon (1952),0.13157997978331587
"Creature From the Black Lagoon, The (1954)",0.13118537415687673
Lord of the Flies (1963),0.13097496012282028
"Net, The (1995)",0.1309666498798029
"Fabulous Baker Boys, The (1989)",0.13063374781106227
Rob Roy (1995),0.13060253131108576
Ed Wood (1994),0.13000079085739127
Alien� (1992),0.1297643902306313
"Paper Chase, The (1973)",0.12962768464137647
Robin Hood: Prince of Thieves (1991),0.12873419740568012
G.I. Jane (1997),0.12821145150539076
Down Periscope (1996),0.1281789987628889
Beneath the Planet of the Apes (1970),0.1272994259744972
Freaky Friday (1977),0.12703208740063784
Tron (1982),0.12700335002140203
Carlito's Way (1993),0.12688289980164516
"Grand Day Out, A (1992)",0.12679418309920165
Babes in Toyland (1961),0.12677682430116657
"General's Daughter, The (1999)",0.1264882733813302
Excalibur (1981),0.12646519119017435
"Muppets Take Manhattan, The (1984)",0.12595496513286356
"Tigger Movie, The (2000)",0.1257486292063223
Escape from the Planet of the Apes (1971),0.12569037154460366
Easy Rider (1969),0.12564030108506374
Son of Flubber (1963),0.12563714105685436
Gods and Monsters (1998),0.12523368581284156
To Catch a Thief (1955),0.12515931352206416
In the Heat of the Night (1967),0.12512057866068704
Free Willy (1993),0.12476155510530255
"Mighty, The (1998)",0.12381561149066656
Romeo and Juliet (1968),0.12337719549167736
"Golden Child, The (1986)",0.12307667021285609
True Romance (1993),0.12300941281713454
Scream 3 (2000),0.12291650194704166
"Rugrats Movie, The (1998)",0.12285381478001266
When a Man Loves a Woman (1994),0.12277110340107182
Three Amigos! (1986),0.12271832280121439
Shine (1996),0.12258254099826131
"Apple Dumpling Gang, The (1975)",0.12234176580854958
Fallen (1998),0.12224350688440436
"Shaggy D.A., The (1976)",0.12215029024864672
Rumble in the Bronx (1995),0.12153546266084242
Highlander (1986),0.12110351153625858
Batman & Robin (1997),0.12090826632902024
Blast from the Past (1999),0.12082664719394737
Tommy Boy (1995),0.12079849985039372
"Bamba, La (1987)",0.12079127989016766
Take the Money and Run (1969),0.1206685260176224
Jagged Edge (1985),0.12051232139054982
"Grapes of Wrath, The (1940)",0.12007992662788325
Soylent Green (1973),0.12003726856688271
"Money Pit, The (1986)",0.11956030392803287
Frankenstein (1931),0.11882060782777566
"Thomas Crown Affair, The (1968)",0.1186015791101939
To Sir with Love (1967),0.11857728815214029
Rebel Without a Cause (1955),0.11826505528085934
Shall We Dance? (Shall We Dansu?) (1996),0.11768927185539711
I.Q. (1994),0.11718710133937599
Shall We Dance? (1937),0.11715971018658541
Places in the Heart (1984),0.11713391416218605
"Jewel of the Nile, The (1985)",0.11651588926308629
Manhattan (1979),0.1164316995572442
Hackers (1995),0.11642863983732377
Kiss the Girls (1997),0.1164261922837618
Homeward Bound II: Lost in San Francisco (1996),0.11625582599110458
Flipper (1996),0.11593415536417154
Murder at 1600 (1997),0.11587584144508319
Star Trek III: The Search for Spock (1984),0.11586380713276409
Creature Comforts (1990),0.1156175458277263
French Kiss (1995),0.11544698195895267
Die Hard: With a Vengeance (1995),0.11517097925601091
Billy Madison (1995),0.11490618397838943
"Bank Dick, The (1940)",0.11478584402456588
"Lord of the Rings, The (1978)",0.11438967848805198
Mystery Men (1999),0.1138889402706265
"Run Silent, Run Deep (1958)",0.11367034203327431
And Now for Something Completely Different (1971),0.1136262806453319
Manon of the Spring (Manon des sources) (1986),0.11345744525396112
"Thin Red Line, The (1998)",0.11304558112877675
Rushmore (1998),0.11285090421182702
Brighton Beach Memoirs (1986),0.11279888764071164
Double Indemnity (1944),0.11278634721718911
William Shakespeare's Romeo and Juliet (1996),0.11274321294479617
Hud (1963),0.11266733520523622
"Straight Story, The (1999)",0.11252229452249207
White Men Can't Jump (1992),0.1123699160807609
Father of the Bride (1950),0.11185436578003125
Year of Living Dangerously (1982),0.1117119058924318
Grease 2 (1982),0.11167152278942714
Red Dawn (1984),0.1115473672305678
Bird on a Wire (1990),0.11129171438315946
Paulie (1998),0.11107652779857612
"Adventures of Robin Hood, The (1938)",0.11090013510834121
I'll Be Home For Christmas (1998),0.11062846943752433
"First Wives Club, The (1996)",0.1105730848395682
Escape to Witch Mountain (1975),0.11041365594200686
"Jerk, The (1979)",0.11030190849241123
Romy and Michele's High School Reunion (1997),0.11015525477653103
Absolute Power (1997),0.11012177982879948
Space Cowboys (2000),0.11006283294305266
Natural Born Killers (1994),0.10986214913045915
"Black Cauldron, The (1985)",0.10924362502644784
Force 10 from Navarone (1978),0.10915830522165301
Mad Max Beyond Thunderdome (1985),0.10907725160535636
Weekend at Bernie's (1989),0.1086276208401969
Charade (1963),0.10846889495695539
Adventures in Babysitting (1987),0.10785709104986435
"Other Sister, The (1999)",0.10760605526187389
Jean de Florette (1986),0.10748146587670296
Hocus Pocus (1993),0.10735018287866512
Oliver & Company (1988),0.10733939053755445
She's All That (1999),0.10679359772156707
"Cat from Outer Space, The (1978)",0.10668123486655601
Nikita (La Femme Nikita) (1990),0.10645116749614345
Richie Rich (1994),0.10637706782212773
Best in Show (2000),0.10636984093174007
"Great Santini, The (1979)",0.10609248803268499
All Quiet on the Western Front (1930),0.1059408131712389
Dr. No (1962),0.10568249216731981
"Brother from Another Planet, The (1984)",0.10534927251259166
"Quick and the Dead, The (1995)",0.10525894009487255
Repo Man (1984),0.10521361604096571
"Prince of Tides, The (1991)",0.10510149401920804
"Mystery, Alaska (1999)",0.10508495396061246
Ladyhawke (1985),0.10507943932977584
Can't Hardly Wait (1998),0.10506422794887721
Victor/Victoria (1982),0.10456518908510429
"Pillow Book, The (1995)",0.1039885789309993
Where Eagles Dare (1969),0.10382870012456148
"War Room, The (1993)",0.10324789020030323
"Siege, The (1998)",0.10317836050158344
"Verdict, The (1982)",0.1030736852485483
South Pacific (1958),0.10297085155031868
Big Night (1996),0.10199661518800074
"Secret of Roan Inish, The (1994)",0.10199661518800074
"Postino, Il (The Postman) (1994)",0.10192810407876443
"Boys from Brazil, The (1978)",0.101243540933109
"Computer Wore Tennis Shoes, The (1970)",0.1012186791561882
Being There (1979),0.10119666998960648
Bananas (1971),0.10118498831837294
Marathon Man (1976),0.10105817707748102
Willow (1988),0.10044884658786446
Gone in 60 Seconds (2000),0.10035095935382864
Hamlet (1996),0.10026141868373008
Agnes of God (1985),0.10021233915163053
Atlantic City (1980),0.10019868199892398
Wild Wild West (1999),0.10014520012252658
Stepmom (1998),0.10011270043447296
EDtv (1999),0.09961592711234164
Antonia's Line (Antonia) (1995),0.09948174841286607
City Slickers II: The Legend of Curly's Gold (1994),0.09929454448609834
Jeremiah Johnson (1972),0.09910960513100738
Badlands (1973),0.09910300297783989
Road Trip (2000),0.09910100732243361
"Big Sleep, The (1946)",0.09908283319818213
Murphy's Romance (1985),0.09876189879745195
Analyze This (1999),0.09869925686169065
Jack Frost (1998),0.09794049425891903
Private Benjamin (1980),0.09722117720885105
Mad Max (1979),0.09713664433608653
"Man in the Iron Mask, The (1998)",0.09707134119230881
Airport (1970),0.09653249145207173
Condorman (1981),0.09642014170163717
All Dogs Go to Heaven (1989),0.09632350477474204
Robin Hood: Men in Tights (1993),0.09609011320909035
"Walk on the Moon, A (1999)",0.09587394628322483
"Towering Inferno, The (1974)",0.09583649491501739
"Girl, Interrupted (1999)",0.09564777684485662
"Incredible Journey, The (1963)",0.09557674230610122
"Out-of-Towners, The (1999)",0.09524478891914143
Hamlet (1990),0.09496532492577342
Shaft (1971),0.09485031099633737
Practical Magic (1998),0.09457224542956372
For Your Eyes Only (1981),0.09453861805919493
Santa Claus: The Movie (1985),0.09411969783928584
I Know What You Did Last Summer (1997),0.09405369858195574
High Plains Drifter (1972),0.09385831038882722
"Naked Gun: From the Files of Police Squad!, The (1988)",0.09368573796411778
Bean (1997),0.09282781417670738
Koyaanisqatsi (1983),0.09258968740894899
Wes Craven's New Nightmare (1994),0.09227859806704647
"Thin Blue Line, The (1988)",0.09189324381849523
"Three Caballeros, The (1945)",0.0917344506797956
Cop Land (1997),0.09148550907316098
"Civil Action, A (1998)",0.0914841823016693
Ruthless People (1986),0.09139864398495492
"Piano, The (1993)",0.0910905952740122
I Still Know What You Did Last Summer (1998),0.09069145531749186
In & Out (1997),0.09061093107481923
Seven Days in May (1964),0.09059249175684402
Muppets From Space (1999),0.09049720218421936
Center Stage (2000),0.09041038397473977
Magnum Force (1973),0.09016011922545367
Balto (1995),0.08994569501188303
Teenage Mutant Ninja Turtles (1990),0.089925291554967
Doctor Dolittle (1967),0.0898820051197197
City Lights (1931),0.08972818158740282
"Princess Mononoke, The (Mononoke Hime) (1997)",0.08967029278713336
"Naked Gun 2 1/2: The Smell of Fear, The (1991)",0.08949768426140088
Darby O'Gill and the Little People (1959),0.08947880539518772
My Life as a Dog (Mitt liv som hund) (1985),0.08926206112141002
Encino Man (1992),0.0892518889747205
"Treasure of the Sierra Madre, The (1948)",0.0892458392727244
"Pawnbroker, The (1965)",0.0891395848108389
Porky's (1981),0.08909631511726498
Dick Tracy (1990),0.089085399104538
Muppet Treasure Island (1996),0.08881998710090062
Young Guns (1988),0.08876814588892218
"Unbearable Lightness of Being, The (1988)",0.08865783537106199
"Spitfire Grill, The (1996)",0.08846496412499798
Music of the Heart (1999),0.08844471724409447
"Clan of the Cave Bear, The (1986)",0.08839706097675241
"Hand That Rocks the Cradle, The (1992)",0.08829240139467798
"Thing, The (1982)",0.08799490864311554
No Way Out (1987),0.08797724068959836
Priest (1994),0.08719359862946709
Lucas (1986),0.08706819627741061
Air Bud: Golden Receiver (1998),0.08629406131657963
Little Shop of Horrors (1986),0.08620138558439011
That Darn Cat! (1965),0.0859348096422951
Shadowlands (1993),0.08584347594067947
"Last Days of Disco, The (1998)",0.08565999313037229
Superman IV: The Quest for Peace (1987),0.08555212185807658
Live and Let Die (1973),0.08541454947652716
Strange Days (1995),0.08524357339532114
Deuce Bigalow: Male Gigolo (1999),0.0849758390970518
My Blue Heaven (1990),0.08485028559860873
"Return of Jafar, The (1993)",0.08481863970250192
"Preacher's Wife, The (1996)",0.08475815191536154
Mercury Rising (1998),0.08459677404259874
Alaska (1996),0.08447418742625129
Hard-Boiled (Lashou shentan) (1992),0.08442682942028026
"Great Dictator, The (1940)",0.08435357814650479
Boiler Room (2000),0.08425297628665919
Pushing Tin (1999),0.0842247429292212
Everest (1998),0.08416192593921762
Message in a Bottle (1999),0.08390201040422421
American Gigolo (1980),0.08374375761321305
Hero (1992),0.08360927153898351
Hot Shots! Part Deux (1993),0.0835492949669249
Requiem for a Dream (2000),0.08347463178245963
Pump Up the Volume (1990),0.0834713704904961
Happiness (1998),0.0834713704904961
Scream 2 (1997),0.08344168410624758
East of Eden (1955),0.0833093639402679
"Taming of the Shrew, The (1967)",0.08320575023083701
"Bell, Book and Candle (1958)",0.08315571528407276
Immortal Beloved (1994),0.08300039484438604
Lost in Space (1998),0.08291479302110555
In the Name of the Father (1993),0.08278928209460214
Leave It to Beaver (1997),0.0827008895364552
Tall Tale (1994),0.08245283189114123
U.S. Marshalls (1998),0.08219130304591687
Mars Attacks! (1996),0.08206464449357019
"Man for All Seasons, A (1966)",0.08192096954571254
Eraserhead (1977),0.08144948329882701
"Sex, Lies, and Videotape (1989)",0.08144948329882701
"Ipcress File, The (1965)",0.08144948329882701
Glengarry Glen Ross (1992),0.08136555132582757
"Big Country, The (1958)",0.08128402390438089
Nell (1994),0.08115500789448701
Pecker (1998),0.08099532055112134
"Red Violin, The (Le Violon rouge) (1998)",0.08043109613004755
Jungle2Jungle (a.k.a. Jungle 2 Jungle) (1997),0.08041657369305058
Friday (1995),0.08040276956656447
In Love and War (1996),0.08032700735347487
Metropolis (1926),0.08031693718481704
Hang 'em High (1967),0.08030879288272835
Roman Holiday (1953),0.08012167978314036
"Life and Times of Hank Greenberg, The (1998)",0.0801028665859635
Nick of Time (1995),0.07992456251614277
Mr. Mom (1983),0.07987158981037429
Menace II Society (1993),0.0797755139383117
Defending Your Life (1991),0.07951547077186326
"Karate Kid III, The (1989)",0.07939745620119279
Mickey Blue Eyes (1999),0.0789538377755272
Melody Time (1948),0.07895280742567237
D3: The Mighty Ducks (1996),0.0788629523898973
D2: The Mighty Ducks (1994),0.0788629523898973
Madeline (1998),0.0787135522153663
Barry Lyndon (1975),0.07851766528762104
Operation Dumbo Drop (1995),0.07851034764270487
Weird Science (1985),0.07835092951312995
Brassed Off (1996),0.07802651467920993
"Taking of Pelham One Two Three, The (1974)",0.0780068509538641
Farewell My Concubine (1993),0.07778369367191582
That Darn Cat! (1997),0.07775493336119871
"Big Green, The (1995)",0.07771618520976692
Crocodile Dundee II (1988),0.07770762440136895
Labyrinth (1986),0.07767796311445666
Psycho (1998),0.07766013989087596
"Night at the Roxbury, A (1998)",0.0776024170503424
"Long Kiss Goodnight, The (1996)",0.07680724485690764
Key Largo (1948),0.07667474850607851
Escape from New York (1981),0.07657655453919252
Westworld (1973),0.0763432312725861
"Air Up There, The (1994)",0.07599818398276438
"Man Without a Face, The (1993)",0.07588925662868515
In the Company of Men (1997),0.07583386937749874
Rocky V (1990),0.0757959790290853
"Way We Were, The (1973)",0.07570065004413698
"Odessa File, The (1974)",0.07570065004413698
Meet Me in St. Louis (1944),0.07561283418633886
Batman: Mask of the Phantasm (1993),0.07555064689618095
Thunderball (1965),0.0755407252190878
"Great Race, The (1965)",0.07537892765948755
Bullets Over Broadway (1994),0.07527129619251668
Howard the Duck (1986),0.07514769550136403
Son in Law (1993),0.07495814098465191
U Turn (1997),0.07486485204459206
Tea with Mussolini (1999),0.07485499224066133
Runaway Train (1985),0.07479542305923438
"Nosferatu (Nosferatu, eine Symphonie des Grauens) (1922)",0.07470298277502868
Return from Witch Mountain (1978),0.07457042320419915
"River Wild, The (1994)",0.07456754126199361
Notorious (1946),0.07439297533221316
Love Is a Many-Splendored Thing (1955),0.07385099193038754
Where the Heart Is (2000),0.07385099193038754
"Hurricane, The (1999)",0.07369369850889773
Spawn (1997),0.07363857583879488
Stop Making Sense (1984),0.07348053714478828
"Journey of Natty Gann, The (1985)",0.07347123794225226
Gigi (1958),0.07341921316234465
"Man and a Woman, A (Un Homme et une Femme) (1966)",0.07323536049510274
"Me, Myself and Irene (2000)",0.07315832847351442
Albino Alligator (1996),0.07310858511258206
Blue Hawaii (1961),0.07258718242128194
"Cradle Will Rock, The (1999)",0.07243820748238305
"Boy Who Could Fly, The (1986)",0.07225303806441075
Blood Simple (1984),0.07183034694949475
Klute (1971),0.07181981800406523
"39 Steps, The (1935)",0.07174660551409198
Once Upon a Time in America (1984),0.07166296183606996
Stardust Memories (1980),0.07166236543246472
"Story of Us, The (1999)",0.07166236543246472
Mediterraneo (1991),0.0716034211474099
Deep Blue Sea (1999),0.07141224483364936
"Big Kahuna, The (2000)",0.07122928630475472
Ace Ventura: When Nature Calls (1995),0.07118202502023817
True Grit (1969),0.07110035642627938
Boys and Girls (2000),0.07099636407126221
"Conversation, The (1974)",0.07060562802917024
Working Girl (1988),0.0705527875127271
"Astronaut's Wife, The (1999)",0.07047402751723858
Coming Home (1978),0.07022797210306114
"Candidate, The (1972)",0.07022797210306114
Man on the Moon (1999),0.0702002818929153
"Glass Bottom Boat, The (1966)",0.07016376268410873
"Phantom of the Opera, The (1943)",0.0701375052523566
Mighty Morphin Power Rangers: The Movie (1995),0.07012518169057295
Evita (1996),0.06999796151163323
"Dorado, El (1967)",0.06993821453535665
Clue (1985),0.06992692654169687
"Fighting Seabees, The (1944)",0.06992526225684154
Othello (1995),0.0695105983921389
"General, The (1927)",0.06941610664415651
Liberty Heights (1999),0.0693624253992419
Conquest of the Planet of the Apes (1972),0.06931836633930355
Demolition Man (1993),0.06913668817215486
Nashville (1975),0.06907471481470198
Something Wicked This Way Comes (1983),0.06891750691045948
Harriet the Spy (1996),0.06887989829875318
Primary Colors (1998),0.06881309720751366
Kidnapped (1960),0.06873764870044431
"Basketball Diaries, The (1995)",0.06872705485595067
Johnny Mnemonic (1995),0.06871591988361228
Get on the Bus (1996),0.06856830448470731
Clockers (1995),0.06856830448470731
Heartbreak Ridge (1986),0.06838771460453184
Eraser (1996),0.0683734755906096
Reality Bites (1994),0.06829205894700276
Volcano (1997),0.0681046924603368
Farinelli: il castrato (1994),0.068000776157124
Great Expectations (1998),0.06784607530380901
Cliffhanger (1993),0.06781721758904038
Harvey (1950),0.0675372443162176
Seven Years in Tibet (1997),0.06748282443306544
"Craft, The (1996)",0.06746033223036786
Beautiful Girls (1996),0.06746033223036786
Empire Records (1995),0.06745033575054048
"Star Is Born, A (1937)",0.06731680346666413
"Kid in King Arthur's Court, A (1995)",0.06728414814946844
My Bodyguard (1980),0.06696277618775835
Ghost in the Shell (Kokaku kidotai) (1995),0.0669482308448418
How to Make an American Quilt (1995),0.0669098930951747
Sliding Doors (1998),0.06689660629251479
"Streetcar Named Desire, A (1951)",0.0668102049559334
Kids (1995),0.06679610157988228
Welcome to the Dollhouse (1995),0.06677709639239687
"MatchMaker, The (1997)",0.06674898157324452
Playing by Heart (1998),0.06674032012640052
Drugstore Cowboy (1989),0.06670352344065884
"Odd Couple II, The (1998)",0.06668624256514162
Flashdance (1983),0.06648210740641311
Poltergeist (1982),0.06635453175683553
Dead Calm (1989),0.0662014526145952
First Blood (1982),0.06619984751102494
Another Day in Paradise (1998),0.06610615640009423
Small Soldiers (1998),0.06605116995351679
Singles (1992),0.06571192023105529
Bringing Out the Dead (1999),0.06557267993678985
At First Sight (1999),0.0654058121363382
Thirty-Two Short Films About Glenn Gould (1993),0.06535556522584149
"Color of Money, The (1986)",0.06521835905492931
"Day the Earth Stood Still, The (1951)",0.0651447680613294
Death Wish (1974),0.0651447680613294
Ran (1985),0.06489691010706132
Predator 2 (1990),0.06463372764725894
"Mirror Has Two Faces, The (1996)",0.06419088933315774
Benny & Joon (1993),0.06401716602396858
"Champ, The (1979)",0.06384183065736579
Fatal Instinct (1993),0.06384095523724527
"Falcon and the Snowman, The (1984)",0.06382006311513769
Up Close and Personal (1996),0.06380724629001389
Only You (1994),0.06374625350041
Forget Paris (1995),0.06373786111984733
"Lawnmower Man, The (1992)",0.0635295238252877
Bed of Roses (1996),0.063500848206518
To Die For (1995),0.06327371426314005
"Faculty, The (1998)",0.06307461037834244
Cape Fear (1962),0.06288056254797156
Godzilla (1998),0.06285209867731421
Little Voice (1998),0.06268946691341398
Anywhere But Here (1999),0.0626838084507408
Romeo Must Die (2000),0.0625183732180001
"Road to El Dorado, The (2000)",0.06251487927459477
Once Upon a Time in the West (1969),0.06247366117209683
Stir of Echoes (1999),0.06221892344137327
Cutthroat Island (1995),0.0621896206123025
Dante's Peak (1997),0.062157131929777544
Everything You Always Wanted to Know About Sex (1972),0.06188952171501971
Gaslight (1944),0.06167151992197896
Congo (1995),0.06166498488488166
54 (1998),0.06108715595205663
2010 (1984),0.06108176216229291
Heavy Metal (1981),0.06097010981473427
Virus (1999),0.06046735800517669
Teaching Mrs. Tingle (1999),0.06046453353833757
"Shaggy Dog, The (1959)",0.06037006432410062
Wayne's World 2 (1993),0.0600945088635514
Cats Don't Dance (1997),0.05984425430596656
All That Jazz (1979),0.059104325078967714
"Monster, The (Il Mostro) (1994)",0.059101807211272415
"Charlie, the Lonesome Cougar (1967)",0.05903102882713393
Addams Family Values (1993),0.058801907367781014
King Kong (1976),0.05876725896471005
Junior (1994),0.05874710033484729
Milk Money (1994),0.05871647688620507
Nurse Betty (2000),0.05866609035361109
Exotica (1994),0.05846172841653889
Days of Thunder (1990),0.05824486169906729
"Prophecy, The (1995)",0.05824486169906729
Bram Stoker's Dracula (1992),0.05824486169906729
Stealing Home (1988),0.05824486169906729
"Beverly Hillbillies, The (1993)",0.05788012506159855
Rebecca (1940),0.057589252800006485
Shane (1953),0.05738384812645267
Indochine (1992),0.05732989234597177
Trekkies (1997),0.05732989234597177
Stigmata (1999),0.057157830095524526
"Flintstones, The (1994)",0.05690925331463806
My Man Godfrey (1936),0.056882191187800496
Rush Hour (1998),0.05657650630145036
Bloodsport (1988),0.05637200520530011
Rising Sun (1993),0.05622945777529067
"Man with the Golden Gun, The (1974)",0.05622945777529067
Disclosure (1994),0.056165444260058706
Ulee's Gold (1997),0.0561450687157702
"Evening Star, The (1996)",0.05599831151993024
Up in Smoke (1978),0.05599831151993024
"Return of the Pink Panther, The (1974)",0.05576023779627153
"Ideal Husband, An (1999)",0.05575672741677108
"Cutting Edge, The (1992)",0.05570683095726173
Dudley Do-Right (1999),0.055499862410891346
"Cable Guy, The (1996)",0.05538900083393864
Mutiny on the Bounty (1935),0.0553040338188963
Bride of Frankenstein (1935),0.0553040338188963
"Body Snatcher, The (1945)",0.0553040338188963
Butterfly (La Lengua de las Mariposas) (2000),0.0553040338188963
"Beach, The (2000)",0.05528007436356748
Halloween: The Curse of Michael Myers (1995),0.05504626786015389
"Devil's Own, The (1997)",0.05503978644444485
Licence to Kill (1989),0.05491909881519567
Three Days of the Condor (1975),0.05460126372284064
"Bear, The (1988)",0.05458553792047926
2 Days in the Valley (1996),0.05453911836694561
Hellraiser (1987),0.05440570777544105
Hellbound: Hellraiser II (1988),0.05440570777544105
In the Army Now (1994),0.053520912964257386
Anne Frank Remembered (1995),0.053034570315513486
Bringing Up Baby (1938),0.05272712888158017
"Man with Two Brains, The (1983)",0.05263487741912322
Harry and the Hendersons (1987),0.052470014283384735
Make Mine Music (1946),0.052443946692631145
Mighty Joe Young (1949),0.052443946692631145
So Dear to My Heart (1949),0.052443946692631145
Cimarron (1931),0.052443946692631145
Ghostbusters II (1989),0.052443946692631145
Yellow Submarine (1968),0.05219250031701689
Night of the Living Dead (1968),0.05207999029731849
Species (1995),0.05195518991741514
"Little Shop of Horrors, The (1960)",0.05189351152871774
Shaft in Africa (1973),0.051852891736858545
Squanto: A Warrior's Tale (1994),0.051852891736858545
Shaft's Big Score! (1972),0.051852891736858545
End of Days (1999),0.05179740403098969
Mighty Aphrodite (1995),0.05167994401538763
Children of Paradise (Les enfants du paradis) (1945),0.05121354161723472
Drive Me Crazy (1999),0.0512073244767257
It Takes Two (1995),0.0512073244767257
Gold Diggers: The Secret of Bear Mountain (1995),0.0512073244767257
Spice World (1997),0.0512073244767257
Kiss of Death (1995),0.051084933115970385
"Very Brady Sequel, A (1996)",0.05095989873615894
8 1/2 (1963),0.050897435468741876
"Dinner Game, The (Le D�ner de cons) (1998)",0.050823631592362584
Sweet and Lowdown (1999),0.050823631592362584
Nine Months (1995),0.05068493703594654
"Swan Princess, The (1994)",0.05039409899789307
"Fly II, The (1989)",0.05039044612440723
Blank Check (1994),0.05025555699519556
"Double Life of Veronique, The (La Double Vie de V�ronique) (1991)",0.050151573530731186
"Man Who Knew Too Little, The (1997)",0.04999205269500617
One False Move (1991),0.04985194867867132
M (1931),0.04985194867867132
"Raisin in the Sun, A (1961)",0.04985194867867132
"Barefoot Executive, The (1971)",0.04985194867867132
Red Sorghum (Hong Gao Liang) (1987),0.04985194867867132
Waiting to Exhale (1995),0.04970378632881704
Angela's Ashes (1999),0.04964985702315838
Simon Birch (1998),0.04964985702315838
"Midsummer Night's Dream, A (1999)",0.049251878315673236
Hairspray (1988),0.04913393534323345
Days of Heaven (1978),0.04913393534323345
Benji (1974),0.04906063909139967
Herbie Goes to Monte Carlo (1977),0.04906063909139967
Herbie Rides Again (1974),0.04906063909139967
Bottle Rocket (1996),0.049003824372517595
Return to Paradise (1998),0.049003824372517595
Nineteen Eighty-Four (1984),0.04895151888739069
"Adventures of Rocky and Bullwinkle, The (2000)",0.04893047671943017
"Wings of the Dove, The (1997)",0.04864167581434696
Steel Magnolias (1989),0.04852314289070891
Anaconda (1997),0.048355943639526305
American Psycho (2000),0.04834684314192017
Lolita (1962),0.04809568174666132
"Lost Weekend, The (1945)",0.04809568174666132
"Good Earth, The (1937)",0.04809568174666132
Quest for Fire (1981),0.04809568174666132
"Hard 8 (a.k.a. Sydney, a.k.a. Hard Eight) (1996)",0.04809568174666132
Xiu Xiu: The Sent-Down Girl (Tian yu) (1998),0.04809568174666132
Lifeboat (1944),0.04809568174666132
Who's Afraid of Virginia Woolf? (1966),0.04809568174666132
Beloved (1998),0.04809568174666132
Canadian Bacon (1994),0.04802134160205927
Star Trek: The Motion Picture (1979),0.047599242349270814
Return of the Fly (1959),0.047437582698823755
Air America (1990),0.04743290603985955
"Bachelor, The (1999)",0.047309202050464974
"Kid, The (2000)",0.047257157662178625
"Simple Wish, A (1997)",0.04725001742778463
Dersu Uzala (1974),0.04695157625814211
Indecent Proposal (1993),0.046693208520938626
Police Academy 3: Back in Training (1986),0.04659588935925383
Andre (1994),0.04644964020450974
"$1,000,000 Duck (1971)",0.04644964020450974
True Crime (1995),0.046393421583027866
Pale Rider (1985),0.046393421583027866
"Invisible Man, The (1933)",0.046393421583027866
Scrooged (1988),0.04636676876282551
What Ever Happened to Baby Jane? (1962),0.04609271318861932
"Outlaw Josey Wales, The (1976)",0.04600721754328411
"Skulls, The (2000)",0.04592838338613138
McHale's Navy (1997),0.045901933021812044
Jingle All the Way (1996),0.04585191240032032
Airport '77 (1977),0.04573152831470864
Holiday Inn (1942),0.04562153821910743
Better Off Dead... (1985),0.045350358183895274
"Program, The (1993)",0.045350358183895274
Mallrats (1995),0.045350358183895274
"To Wong Foo, Thanks for Everything! Julie Newmar (1995)",0.04532820173519907
Last Action Hero (1993),0.04506144115985144
What Dreams May Come (1998),0.044978258975688676
"Long Walk Home, The (1990)",0.044978258975688676
"Women, The (1939)",0.044978258975688676
Women on the Verge of a Nervous Breakdown (1988),0.044978258975688676
"Name of the Rose, The (1986)",0.04495613063559279
Threesome (1994),0.04488278873236465
Random Hearts (1999),0.04482492565520037
Gulliver's Travels (1939),0.04479864921594419
Poltergeist III (1988),0.04479864921594419
Falling Down (1993),0.04475574062239576
Bachelor Party (1984),0.044608190237017224
Tom Jones (1963),0.044608190237017224
Living in Oblivion (1995),0.04424322705511704
"Hitch-Hiker, The (1953)",0.04418590009525834
Blame It on Rio (1984),0.04404861249473566
Ride with the Devil (1999),0.04393739569152849
"Peacemaker, The (1997)",0.04379821288264968
"Slingshot, The (K�disbellan ) (1993)",0.043454953093813004
Otello (1986),0.043454953093813004
Flawless (1999),0.043454953093813004
My Life in Pink (Ma vie en rose) (1997),0.043454953093813004
"Official Story, The (La Historia Oficial) (1985)",0.043454953093813004
"Gold Rush, The (1925)",0.043454953093813004
"Boys of St. Vincent, The (1993)",0.043454953093813004
Top Hat (1935),0.04330871825619788
Jury Duty (1995),0.04330355666223268
"Killer, The (Die xue shuang xiong) (1989)",0.043285846729455874
"Price Above Rubies, A (1998)",0.04307412137156187
Houseguest (1994),0.0430369836619437
Titan A.E. (2000),0.043012080256695694
"Family Thing, A (1996)",0.04299741925947883
Alien Nation (1988),0.04299741925947883
Everyone Says I Love You (1996),0.04299741925947883
Soul Man (1986),0.0427424927504044
Gremlins (1984),0.0427424927504044
Pet Sematary (1989),0.04272016707076764
Night Shift (1982),0.04267443283592813
Escape from L.A. (1996),0.04241821099242954
Forbidden Planet (1956),0.04237337042400811
Of Human Bondage (1934),0.04230145230253987
Black Sheep (1996),0.04223013375597447
God Said 'Ha!' (1998),0.04220087866005052
Fletch (1985),0.04194877498159224
Some Kind of Wonderful (1987),0.04178319821396154
Time Bandits (1981),0.04172863044970888
"Cruise, The (1998)",0.04169225194020711
"Umbrellas of Cherbourg, The (Parapluies de Cherbourg, Les) (1964)",0.04169225194020711
"Suddenly, Last Summer (1959)",0.04169225194020711
"Night Porter, The (Il Portiere di notte) (1974)",0.04169225194020711
Swept Away (Travolti da un insolito destino nell'azzurro mare d'Agosto) (1975),0.04169225194020711
Whipped (2000),0.041688172276534576
Modulations (1998),0.041688172276534576
Tigerland (2000),0.041688172276534576
Serial Mom (1994),0.041688172276534576
Sister Act 2: Back in the Habit (1993),0.041587975676024756
Geronimo: An American Legend (1993),0.04148231338948683
"Mariachi, El (1992)",0.04114098269082439
Tom and Huck (1995),0.041043903064177586
Rent-a-Kid (1995),0.04096585958138056
Guys and Dolls (1955),0.04096585958138056
"Alley Cats, The (1968)",0.04096585958138056
"Deep End of the Ocean, The (1999)",0.04096585958138056
Crimes of the Heart (1986),0.040658905273890066
Married to the Mob (1988),0.040658905273890066
Marnie (1964),0.040658905273890066
Living Out Loud (1998),0.0405597765708691
"Sweet Hereafter, The (1997)",0.0405597765708691
Henry V (1989),0.0405597765708691
Captain Horatio Hornblower (1951),0.04055891459027134
Sanjuro (1962),0.04055891459027134
Child's Play 2 (1990),0.04047619933822071
"Searchers, The (1956)",0.04034234616629733
Tender Mercies (1983),0.04034234616629733
Dancing at Lughnasa (1998),0.04024012084020331
"Ghost and Mrs. Muir, The (1947)",0.04024012084020331
"Castle, The (1997)",0.04024012084020331
Heidi Fleiss: Hollywood Madam (1995),0.04012673559262258
Woman in the Dunes (Suna no onna) (1964),0.04012673559262258
When We Were Kings (1996),0.04012673559262258
Beyond Rangoon (1995),0.03988155894293705
"Great Mouse Detective, The (1986)",0.03988155894293705
Hamlet (1964),0.03988155894293705
Twin Peaks: Fire Walk with Me (1992),0.03988155894293705
White Sands (1992),0.03988155894293705
Hollow Man (2000),0.03930714827458676
My Family (1995),0.03930714827458676
Jeffrey (1995),0.03930714827458676
Central Station (Central do Brasil) (1998),0.03930714827458676
Waiting for Guffman (1996),0.03930714827458676
"Hanging Garden, The (1997)",0.03930714827458676
Maya Lin: A Strong Clear Vision (1994),0.03930714827458676
Six Degrees of Separation (1993),0.03930714827458676
Shower (Xizhao) (1999),0.03930714827458676
Body Snatchers (1993),0.03930714827458676
"Omen, The (1976)",0.03930714827458676
Strawberry and Chocolate (Fresa y chocolate) (1993),0.03930714827458676
Swept from the Sea (1997),0.03920305949801407
Problem Child (1990),0.03885559875953829
"Davy Crockett, King of the Wild Frontier (1955)",0.03882647949324152
"Apple Dumpling Gang Rides Again, The (1979)",0.03882647949324152
Stop! Or My Mom Will Shoot (1992),0.03882647949324152
Alvarez Kelly (1966),0.03882647949324152
Bikini Beach (1964),0.03882647949324152
"Little Princess, The (1939)",0.03882647949324152
Blackbeard's Ghost (1968),0.03882647949324152
Angel and the Badman (1947),0.03882647949324152
In Search of the Castaways (1962),0.03882647949324152
"7th Voyage of Sinbad, The (1958)",0.03882647949324152
Candleshoe (1977),0.03882647949324152
"Man Who Knew Too Much, The (1956)",0.03882647949324152
Roustabout (1964),0.03882647949324152
Daylight (1996),0.03882647949324152
Beach Party (1963),0.03882647949324152
Pajama Party (1964),0.03882647949324152
MacKenna's Gold (1969),0.03882647949324152
How to Stuff a Wild Bikini (1965),0.03882647949324152
Rough Night in Jericho (1967),0.03882647949324152
Backbeat (1993),0.03882647949324152
Last Man Standing (1996),0.03882647949324152
Jaws 2 (1978),0.03882647949324152
Hot Lead and Cold Feet (1978),0.03882647949324152
Maximum Risk (1996),0.03882647949324152
"'burbs, The (1989)",0.0387145972900299
Passion Fish (1992),0.03870182074117138
Agnes Browne (1999),0.03870182074117138
Jackie Chan's First Strike (1996),0.03847654539732905
Malcolm X (1992),0.03847654539732905
Drunken Master (Zui quan) (1979),0.03847654539732905
All About Eve (1950),0.03846601645189954
Picnic at Hanging Rock (1975),0.03846601645189954
Melvin and Howard (1980),0.03830916028390426
Palmetto (1998),0.03830916028390426
"Third Miracle, The (1999)",0.03830916028390426
Under Suspicion (2000),0.03830916028390426
Croupier (1998),0.03830916028390426
"Pope of Greenwich Village, The (1984)",0.03830916028390426
My Dog Skip (1999),0.038296778661094155
On the Beach (1959),0.038017641404704754
My Life So Far (1999),0.03761368014804839
Dunston Checks In (1996),0.03761335329349601
Conan the Barbarian (1982),0.03756445317424927
"Messenger: The Story of Joan of Arc, The (1999)",0.037514249937684374
But I'm a Cheerleader (1999),0.0374139095906822
Renaissance Man (1994),0.037274103571034514
Deterrence (1998),0.03723739276736878
Snake Eyes (1998),0.03719143889779865
"Borrowers, The (1997)",0.036879439080412926
"Bad Seed, The (1956)",0.03687417055089545
Buddy (1997),0.03687417055089545
Topaz (1969),0.03687417055089545
"Haunting, The (1999)",0.03687417055089545
...And Justice for All (1979),0.03687417055089545
Betrayed (1988),0.03687417055089545
Shampoo (1975),0.03687417055089545
Frances (1982),0.03687417055089545
"Cry in the Dark, A (1988)",0.03687417055089545
St. Elmo's Fire (1985),0.03687417055089545
"Buddy Holly Story, The (1978)",0.036792084584686684
"Edge, The (1997)",0.036792084584686684
For Love of the Game (1999),0.03674533793769602
Dying Young (1991),0.036718891268190376
Baby Geniuses (1999),0.036607911104383106
"War of the Worlds, The (1953)",0.03629631036859391
Lightning Jack (1994),0.03629631036859391
Young Guns II (1990),0.03628028654711622
Meet the Deedles (1998),0.036203962389749295
Naked Gun 33 1/3: The Final Insult (1994),0.036185871522280186
Mighty Joe Young (1998),0.03610965909747521
"Object of My Affection, The (1998)",0.036051108891191355
Inspector Gadget (1999),0.03598261098750631
Tampopo (1986),0.03598260718055094
"Cabinet of Dr. Ramirez, The (1991)",0.03598260718055094
"Dog's Life, A (1920)",0.03598260718055094
"Thirteenth Floor, The (1999)",0.03598260718055094
Heavenly Creatures (1994),0.03581885300960717
"Dead Zone, The (1983)",0.03560843676272556
Event Horizon (1997),0.03548589747652489
Halloween 4: The Return of Michael Myers (1988),0.03530049628478144
Under Siege (1992),0.03509105142411718
Varsity Blues (1999),0.034946917019440374
Nine 1/2 Weeks (1986),0.034946917019440374
"Hollywood Knights, The (1980)",0.034946917019440374
Dangerous Minds (1995),0.034946917019440374
European Vacation (1985),0.034946917019440374
Showgirls (1995),0.034946917019440374
March of the Wooden Soldiers (a.k.a. Laurel & Hardy in Toyland) (1934),0.034946917019440374
Superstar (1999),0.034946917019440374
"Bicycle Thief, The (Ladri di biciclette) (1948)",0.034763962475050404
"Winslow Boy, The (1998)",0.034763962475050404
East is East (1999),0.034763962475050404
Outside Providence (1999),0.03473009902363518
Poison Ivy: New Seduction (1997),0.03473009902363518
All About My Mother (Todo Sobre Mi Madre) (1999),0.0346469746049583
Outrageous Fortune (1987),0.03461487140045802
Auntie Mame (1958),0.03461487140045802
History of the World: Part I (1981),0.03461487140045802
True Crime (1999),0.03440966420535656
Gridlock'd (1997),0.03440966420535656
No Escape (1994),0.03440966420535656
8 Heads in a Duffel Bag (1997),0.03420069675092996
Stuart Saves His Family (1995),0.034156814107044055
To Gillian on Her 37th Birthday (1996),0.033997448008146164
Brokedown Palace (1999),0.033997448008146164
"Babysitter, The (1995)",0.033997448008146164
Eye of the Beholder (1999),0.033819213119888294
"Hudsucker Proxy, The (1994)",0.033819213119888294
My Fellow Americans (1996),0.033819213119888294
Giant (1956),0.03376070292804042
Fun and Fancy Free (1947),0.03376070292804042
About Last Night... (1986),0.03376070292804042
8MM (1999),0.03376070292804042
Trouble in Paradise (1932),0.03359898691195814
"Perils of Pauline, The (1947)",0.03359898691195814
Spanking the Monkey (1994),0.033426558571169225
King of the Hill (1993),0.033426558571169225
Single White Female (1992),0.033426558571169225
"Perfect World, A (1993)",0.033426558571169225
"Hunger, The (1983)",0.03335380155216569
"Tin Drum, The (Blechtrommel, Die) (1979)",0.03335380155216569
Short Cuts (1993),0.03335380155216569
"Conformist, The (Il Conformista) (1970)",0.03335380155216569
Gilda (1946),0.03335380155216569
Diva (1981),0.03335380155216569
And the Ship Sails On (E la nave va) (1984),0.03335380155216569
Strangers on a Train (1951),0.03335380155216569
Sunset Blvd. (a.k.a. Sunset Boulevard) (1950),0.03335380155216569
Seven Beauties (Pasqualino Settebellezze) (1976),0.03335380155216569
"They Shoot Horses, Don't They? (1969)",0.03335380155216569
Birdy (1984),0.03335380155216569
American Flyers (1985),0.03335380155216569
Down by Law (1986),0.03335380155216569
"Soldier's Story, A (1984)",0.03335380155216569
Jules and Jim (Jules et Jim) (1961),0.03335380155216569
Mulholland Falls (1996),0.03335380155216569
Cecil B. Demented (2000),0.033350537821227655
Detroit Rock City (1999),0.033350537821227655
Foxfire (1996),0.033350537821227655
Things to Do in Denver when You're Dead (1995),0.033350537821227655
Freeway (1996),0.033350537821227655
"Battleship Potemkin, The (Bronenosets Potyomkin) (1925)",0.03292012602085047
Walkabout (1971),0.03292012602085047
"Thin Man, The (1934)",0.03292012602085047
Robocop 3 (1993),0.032894304813509745
Police Academy 5: Assignment: Miami Beach (1988),0.03280890562516598
For the Love of Benji (1977),0.032781158845287976
Blues Brothers 2000 (1998),0.03271468406043568
Meteor (1979),0.03271468406043568
Halloween (1978),0.03268388645406789
Pi (1998),0.03244782125669528
Solaris (Solyaris) (1972),0.03244782125669528
"Life Less Ordinary, A (1997)",0.03244782125669528
"Killing, The (1956)",0.03244713167221707
Toys (1992),0.032390129034556875
"Madness of King George, The (1994)",0.03227387693303786
"Haunted World of Edward D. Wood Jr., The (1995)",0.03227387693303786
Live Nude Girls (1995),0.03223823960180607
Freejack (1992),0.03223823960180607
"Hidden, The (1987)",0.03223823960180607
Dangerous Beauty (1998),0.03219209667216264
Rosencrantz and Guildenstern Are Dead (1990),0.03219209667216264
Clara's Heart (1988),0.03219209667216264
Penny Serenade (1941),0.03219209667216264
Cyrano de Bergerac (1990),0.031820742189308096
Twelfth Night (1996),0.031820742189308096
Richard III (1995),0.031820742189308096
Far From Home: The Adventures of Yellow Dog (1995),0.031820742189308096
For Richer or Poorer (1997),0.031820742189308096
"Cowboy Way, The (1994)",0.03175274795959899
Funny Farm (1988),0.03165458432241922
Free Willy 3: The Rescue (1997),0.031447698061860194
Supergirl (1984),0.031111735042115122
Bogus (1996),0.031111735042115122
"Avengers, The (1998)",0.031111735042115122
Final Destination (2000),0.03105326511533764
Angus (1995),0.03072439468603542
Wide Awake (1998),0.03072439468603542
"Beautician and the Beast, The (1997)",0.03072439468603542
Withnail and I (1987),0.03053846128124513
"Thousand Acres, A (1997)",0.030494178955417547
Sgt. Bilko (1996),0.030303250382890716
Mona Lisa (1986),0.029911169207202788
52 Pick-Up (1986),0.029911169207202788
Heaven & Earth (1993),0.029911169207202788
Switchback (1997),0.029911169207202788
Paris Is Burning (1990),0.029480361205940074
"Next Best Thing, The (2000)",0.029480361205940074
Love! Valour! Compassion! (1997),0.029480361205940074
Kids in the Hall: Brain Candy (1996),0.029480361205940074
"Mosquito Coast, The (1986)",0.029480361205940074
Moonlight and Valentino (1995),0.029480361205940074
Hanging Up (2000),0.029402294623510555
Persuasion (1995),0.029402294623510555
Boomerang (1992),0.029402294623510555
"Next Stop, Wonderland (1998)",0.029402294623510555
Crooklyn (1994),0.029374333691872007
Go Fish (1994),0.029374333691872007
Highlander: Endgame (2000),0.029151675245089208
Godzilla (Gojira) (1954),0.02911985961993114
King Kong vs. Godzilla (Kingukongu tai Gojira) (1962),0.02911985961993114
Tequila Sunrise (1988),0.02911985961993114
"Crow: City of Angels, The (1996)",0.02911985961993114
Barefoot in the Park (1967),0.02911985961993114
"Mummy, The (1959)",0.02911985961993114
"Sandpiper, The (1965)",0.02911985961993114
Cocoon: The Return (1988),0.029035947967522423
Striptease (1996),0.02887223612601353
Mystery Science Theater 3000: The Movie (1996),0.028857409047996784
Cat on a Hot Tin Roof (1958),0.028849512338924653
Eat Drink Man Woman (1994),0.028731870212928196
"Slums of Beverly Hills, The (1998)",0.028731870212928196
Zero Effect (1998),0.028731870212928196
One Night Stand (1997),0.028731870212928196
"Underneath, The (1995)",0.028731870212928196
Circus (2000),0.028731870212928196
"Flamingo Kid, The (1984)",0.028731870212928196
Saving Grace (2000),0.028731870212928196
"Lock, Stock & Two Smoking Barrels (1998)",0.028731870212928196
I'm Not Rappaport (1996),0.028618191476256136
Beyond the Mat (2000),0.0285015077604288
Honeymoon in Vegas (1992),0.028344188504033863
"Flintstones in Viva Rock Vegas, The (2000)",0.028332153442225328
Barbarella (1968),0.028186002602650057
Freddy's Dead: The Final Nightmare (1991),0.027836052949816722
Halloween 5: The Revenge of Michael Myers (1989),0.027836052949816722
My Giant (1998),0.02779708285158272
"Mrs. Brown (Her Majesty, Mrs. Brown) (1997)",0.02779708285158272
North Dallas Forty (1979),0.02765562791317159
Reds (1981),0.02765562791317159
Mommie Dearest (1981),0.02765562791317159
Jack (1996),0.02765562791317159
Still Crazy (1998),0.027594063438515008
Star Trek V: The Final Frontier (1989),0.027515915447792853
"Concorde: Airport '79, The (1979)",0.027490569108193166
Firewalker (1986),0.027242703592862128
Kama Sutra: A Tale of Love (1996),0.027242703592862128
Poltergeist II: The Other Side (1986),0.02721021491033717
Needful Things (1993),0.02721021491033717
"Tao of Steve, The (2000)",0.026986955385413208
Delicatessen (1991),0.026986955385413208
"Postman, The (1997)",0.026986955385413208
Jawbreaker (1999),0.026984132892147145
"Muse, The (1999)",0.026984132892147145
Tin Men (1987),0.026742645458806537
Affliction (1997),0.02669993403426529
Joe's Apartment (1996),0.02650886073304122
For Love or Money (1993),0.02650886073304122
Mr. Nice Guy (1997),0.02650886073304122
Life with Mikey (1993),0.02650886073304122
Addicted to Love (1997),0.02650886073304122
"Butcher's Wife, The (1991)",0.02650886073304122
"Road to Wellville, The (1994)",0.02650886073304122
Made in America (1993),0.02650886073304122
Meatballs (1979),0.02650886073304122
Lawn Dogs (1997),0.026475372213586083
"13th Warrior, The (1999)",0.026419979505214998
Carrie (1976),0.02641996887791858
Friday the 13th (1980),0.026391928608092086
Don Juan DeMarco (1995),0.026364932844650267
Rambo: First Blood Part II (1985),0.02631828856808788
Quest for Camelot (1998),0.02631828856808788
Phantasm (1979),0.02631828856808788
Bio-Dome (1996),0.026250344016687834
It Happened One Night (1934),0.0260729718562878
"Dreamlife of Angels, The (La Vie r�v�e des anges) (1998)",0.0260729718562878
Sullivan's Travels (1942),0.0260729718562878
"Seventh Seal, The (Sjunde inseglet, Det) (1957)",0.0260729718562878
Pather Panchali (1955),0.0260729718562878
Terminal Velocity (1994),0.026047574267726387
"Mole People, The (1956)",0.026047574267726387
Going My Way (1944),0.025961153550343515
"Impostors, The (1998)",0.025961153550343515
House (1986),0.02584447282293713
"Newton Boys, The (1998)",0.025807248154017415
Desperate Measures (1998),0.025807248154017415
Night of the Comet (1984),0.025807248154017415
Playing God (1997),0.025807248154017415
Sphere (1998),0.025807248154017415
Vampire in Brooklyn (1995),0.02574589347095789
Vegas Vacation (1997),0.02574589347095789
"Crew, The (2000)",0.025697417161127587
"Mod Squad, The (1999)",0.025542466557985193
Carnosaur (1993),0.025498086006109623
"Relic, The (1997)",0.025498086006109623
Alien: Resurrection (1997),0.025498086006109623
Exit to Eden (1994),0.02536440983991622
Beverly Hills Ninja (1997),0.02536440983991622
Loaded Weapon 1 (1993),0.02536440983991622
Beverly Hills Cop III (1994),0.02536440983991622
Krippendorf's Tribe (1998),0.02536440983991622
Sid and Nancy (1986),0.025320527196030316
Children of the Corn (1984),0.025320527196030316
Class (1983),0.025320527196030316
Bad Boys (1995),0.025320527196030316
Boxing Helena (1993),0.025075786765365593
Pink Floyd - The Wall (1982),0.025069918928376917
Poison Ivy (1992),0.025069918928376917
Cujo (1983),0.025069918928376917
Kalifornia (1993),0.025069918928376917
Shallow Grave (1994),0.025069918928376917
Urban Legend (1998),0.025069918928376917
Wolf (1994),0.025069918928376917
Creepshow (1982),0.025069918928376917
Stand and Deliver (1987),0.025069918928376917
Stranger in the House (1997),0.025069918928376917
Firestarter (1984),0.025069918928376917
Alligator (1980),0.025069918928376917
Tommy (1975),0.025015351164124264
Restoration (1995),0.025015351164124264
Devil in a Blue Dress (1995),0.025015351164124264
Mephisto (1981),0.025015351164124264
"Return of Martin Guerre, The (Retour de Martin Guerre, Le) (1982)",0.025015351164124264
Eyes of Laura Mars (1978),0.025015351164124264
Kagemusha (1980),0.025015351164124264
Irma la Douce (1963),0.025015351164124264
Flirting With Disaster (1996),0.025012903365920745
SLC Punk! (1998),0.025012903365920745
Deceiver (1997),0.025012903365920745
Swimming with Sharks (1995),0.025012903365920745
"Paper, The (1994)",0.025012903365920745
"Night to Remember, A (1958)",0.02469009451563785
"Apartment, The (1960)",0.02469009451563785
Mrs. Winterbourne (1996),0.02467436871327647
Hamlet (1948),0.02467436871327647
Dance with Me (1998),0.02467436871327647
And the Band Played On (1993),0.02467436871327647
"Ghost and the Darkness, The (1996)",0.02467436871327647
How Stella Got Her Groove Back (1998),0.02467436871327647
"Far Off Place, A (1993)",0.02467436871327647
Re-Animator (1985),0.024512914840550917
Village of the Damned (1960),0.024512914840550917
Medicine Man (1992),0.02433586594252146
Jumpin' Jack Flash (1986),0.024335348754162805
Selena (1997),0.0242054076997784
American Pop (1981),0.024144072504121983
"Phantom, The (1996)",0.023297944679626915
National Lampoon's Senior Trip (1995),0.023297944679626915
"Prophecy II, The (1998)",0.023297944679626915
Breakdown (1997),0.020741156694743416
Assassins (1995),0.020741156694743416
Dune (1984),0.020741156694743416
Grand Canyon (1991),0.020741156694743416
"Ninth Gate, The (2000)",0.020702176743558422
Thumbelina (1994),0.02048292979069028
Mr. Wonderful (1993),0.02048292979069028
Black and White (1999),0.020441788994560735
Super Mario Bros. (1993),0.02034096808310597
Battlefield Earth (2000),0.02006788301641097
Coma (1978),0.019940779471468526
Free Willy 2: The Adventure Home (1995),0.019940779471468526
Marked for Death (1990),0.019940779471468526
Logan's Run (1976),0.019940779471468526
Bushwhacked (1995),0.019940779471468526
Hard Rain (1998),0.019940779471468526
Tora! Tora! Tora! (1970),0.019940779471468526
Radioland Murders (1994),0.019940779471468526
Porky's II: The Next Day (1983),0.019793248547526704
"Ice Storm, The (1997)",0.01965357413729338
Topsy-Turvy (1999),0.01965357413729338
Friday the 13th: The Final Chapter (1984),0.019649039058241738
Bait (2000),0.019601529749007036
Whatever It Takes (2000),0.019601529749007036
Love and Death on Long Island (1997),0.019601529749007036
Pitch Black (2000),0.019601529749007036
Ready to Rumble (2000),0.019601529749007036
"Original Kings of Comedy, The (2000)",0.019601529749007036
Duets (2000),0.019601529749007036
Before Sunrise (1995),0.019601529749007036
Urban Legends: Final Cut (2000),0.019601529749007036
Pok�mon the Movie 2000 (2000),0.01941323974662076
Hideaway (1995),0.01941323974662076
Reindeer Games (2000),0.01915458014195213
Half Baked (1998),0.01915458014195213
"Virgin Suicides, The (1999)",0.01915458014195213
Jakob the Liar (1999),0.019008820702352377
3 Ninjas: High Noon On Mega Mountain (1998),0.01889719196023134
Rambo III (1988),0.018870367747156027
"Nightmare on Elm Street 4: The Dream Master, A (1988)",0.018557368633211148
Dolores Claiborne (1994),0.01853138856772181
Evil Dead II (Dead By Dawn) (1987),0.018410565467744368
Lone Star (1996),0.018396042292343342
Another Stakeout (1993),0.01837266896884801
Desert Blue (1999),0.018367173998226422
Herbie Goes Bananas (1980),0.01832702937852657
Out to Sea (1997),0.01814014327355811
Next Friday (1999),0.018138399329810432
Virtuosity (1995),0.01799130359027547
Dog Park (1998),0.017799956022843528
Three to Tango (1999),0.017799956022843528
Fathers' Day (1997),0.01767257382202748
Heart and Souls (1993),0.01767257382202748
Heavyweights (1994),0.01767257382202748
Picture Perfect (1997),0.01767257382202748
Kissing a Fool (1998),0.01767257382202748
"Pagemaster, The (1994)",0.01767257382202748
Attack of the Killer Tomatoes! (1980),0.01767257382202748
"Frighteners, The (1996)",0.01767257382202748
Gung Ho (1986),0.01767257382202748
I'll Do Anything (1994),0.01767257382202748
Little Big League (1994),0.01767257382202748
Set It Off (1996),0.01765024814239072
Drop Zone (1994),0.01754552571205859
Newsies (1992),0.01754552571205859
Under Siege 2: Dark Territory (1995),0.01754552571205859
Earthquake (1974),0.01754552571205859
Senseless (1998),0.01736504951181759
Son of Frankenstein (1939),0.01732348730247915
She-Devil (1989),0.01730743570022901
North (1994),0.016909606559944147
Drop Dead Fred (1991),0.016909606559944147
Mixed Nuts (1994),0.016909606559944147
Boys on the Side (1995),0.01688035146402021
Maximum Overdrive (1986),0.01688035146402021
Smoke (1995),0.016713279285584613
Police Academy (1984),0.016713279285584613
"Omega Man, The (1971)",0.016676900776082845
Suicide Kings (1997),0.016675268910613827
Henry: Portrait of a Serial Killer (1990),0.016675268910613827
"Yards, The (1999)",0.016675268910613827
Mildred Pierce (1945),0.016460063010425234
Marty (1955),0.016460063010425234
Thunderbolt and Lightfoot (1974),0.016460063010425234
Major Payne (1994),0.016449579142184315
"End of the Affair, The (1999)",0.016449579142184315
"Nightmare on Elm Street 5: The Dream Child, A (1989)",0.01622391062834764
Desperado (1995),0.01609604833608132
Amos & Andrew (1993),0.014332473086492943
Cube (1997),0.014332473086492943
Autumn in New York (2000),0.012848708580563794
Cruel Intentions (1999),0.011648972339813457
Forces of Nature (1999),0.011648972339813457
American Pimp (1999),0.010606914063102699
Candyman (1992),0.010370578347371708
Teenage Mutant Ninja Turtles III (1993),0.010370578347371708
Kazaam (1996),0.010370578347371708
Universal Soldier (1992),0.009970389735734263
Let's Get Harry (1986),0.009970389735734263
Mortal Kombat (1995),0.009970389735734263
Allan Quartermain and the Lost City of Gold (1987),0.009970389735734263
Horror Hotel (a.k.a. The City of the Dead) (1960),0.009970389735734263
Action Jackson (1988),0.009970389735734263
Christine (1983),0.009970389735734263
Mortal Kombat: Annihilation (1997),0.009970389735734263
Fire Down Below (1997),0.009970389735734263
Spy Hard (1996),0.009800764874503518
Big Momma's House (2000),0.009800764874503518
Hellraiser III: Hell on Earth (1992),0.009800764874503518
"Toxic Avenger Part III: The Last Temptation of Toxie, The (1989)",0.009800764874503518
"NeverEnding Story II: The Next Chapter, The (1990)",0.009678649322507475
Speed 2: Cruise Control (1997),0.009678649322507475
Body Shots (1999),0.009678649322507475
Friday the 13th Part VIII: Jason Takes Manhattan (1989),0.009678649322507475
Friday the 13th Part V: A New Beginning (1985),0.009678649322507475
Friday the 13th Part 3: 3D (1982),0.009678649322507475
Friday the 13th Part VII: The New Blood (1988),0.009678649322507475
Friday the 13th Part VI: Jason Lives (1986),0.009678649322507475
Police Academy 4: Citizens on Patrol (1987),0.009678649322507475
Friday the 13th Part 2 (1981),0.009678649322507475
About Adam (2000),0.009448062834677954
Fletch Lives (1989),0.009448062834677954
Sleepaway Camp (1983),0.009265694283860905
Judge Dredd (1995),0.009265694283860905
Caligula (1980),0.009218542637723863
Pok�mon: The First Movie (1998),0.009218542637723863
Mr. Wrong (1996),0.009218542637723863
Barney's Great Adventure (1998),0.009218542637723863
Bonfire of the Vanities (1990),0.009218542637723863
Problem Child 2 (1991),0.009186334484424005
Porky's Revenge (1985),0.009186334484424005
Police Academy 6: City Under Siege (1989),0.009186334484424005
Barenaked in America (1999),0.008899978011421764
Holy Man (1998),0.00883628691101374
"Garbage Pail Kids Movie, The (1987)",0.00883628691101374
Cabin Boy (1994),0.00883628691101374
"Pest, The (1997)",0.00883628691101374
Booty Call (1997),0.00883628691101374
Money Talks (1997),0.00883628691101374
Dirty Work (1998),0.00883628691101374
Monkey Shines (1988),0.008772762856029294
Robocop 2 (1990),0.008772762856029294
Hoodlum (1997),0.00860241605133914
"Fan, The (1996)",0.008356639642792306
Hard Target (1993),0.008337634455306914
Play it to the Bone (1999),0.008337634455306914
Very Bad Things (1998),0.008337634455306914
Fearless (1993),0.008224789571092158
Men Don't Leave (1990),0.008224789571092158
"Governess, The (1998)",0.008224789571092158
Clay Pigeons (1998),0.008224789571092158
Mr. Jones (1993),0.008224789571092158
"Haunting, The (1963)",0.00804802416804066
"Fly, The (1958)",0.00804802416804066
Idle Hands (1999),0.00804802416804066
