words,"",2015,2016,ahead,amid,back,bad,bank,better,big,boost,brexit,budget,business,central,china,chinas,chinese,crisis,data,despite,digital,economic,economy,economys,eu,expected,fed,feds,first,focus,fuel,gdp,german,gig,global,good,government,grew,grow,growing,grows,growth,help,hit,imf,impact,india,indian,japan,japans,jobs,local,low,market,markets,may,minister,new,obama,oil,outlook,pct,percent,plan,policy,president,prices,quarter,rate,rates,recession,report,risks,russian,saudi,says,sees,sharing,shows,signs,slowing,slows,south,spending,state,still,stocks,strong,tax,top,trade,trump,uk,us,warns,weak,world,year,years
"",0,29.0,99.0,10.0,5.0,18.0,12.0,45.0,11.0,22.0,29.0,87.0,12.0,29.0,27.0,68.0,45.0,21.0,14.0,16.0,9.0,15.0,87.0,1316,10.0,37.0,15.0,15.0,8.0,5.0,8.0,5.0,20.0,35.0,6.0,86.0,22.0,13.0,14.0,71.0,20.0,14.0,85,10.0,25.0,37.0,22.0,7.0,10.0,18.0,12.0,22.0,1.0,7.0,31.0,13.0,37.0,70.0,35.0,6.0,38.0,14.0,41.0,30.0,8.0,15.0,10.0,15.0,10.0,19.0,14.0,19.0,41.0,22.0,56.0,12.0,16,13.0,21.0,17.0,19.0,7.0,14.0,14.0,9.0,18.0,24.0,12.0,10.0,8.0,12.0,15.0,10.0,79.0,98,2.0,10.0,34.0,45.0,19.0
2015,29,0.0,16.0,0.0,2.0,3.0,3.0,13.0,6.0,8.0,6.0,0.0,0.0,12.0,12.0,23.0,26.0,6.0,0.0,5.0,15.0,1.0,44.0,442,6.0,6.0,5.0,0.0,0.0,1.0,0.0,4.0,34.0,21.0,1.0,14.0,6.0,3.0,63.0,12.0,4.0,57.0,78,1.0,2.0,1.0,1.0,7.0,3.0,0.0,4.0,11.0,4.0,4.0,8.0,1.0,2.0,6.0,4.0,0.0,6.0,1.0,42.0,58.0,0.0,0.0,6.0,5.0,23.0,10.0,0.0,2.0,10.0,0.0,12.0,0.0,28,8.0,4.0,6.0,0.0,4.0,16.0,3.0,4.0,7.0,3.0,0.0,5.0,0.0,12.0,5.0,0.0,26.0,28,0.0,1.0,11.0,17.0,23.0
2016,99,16.0,0.0,18.0,7.0,9.0,3.0,36.0,15.0,6.0,8.0,6.0,72.0,12.0,13.0,39.0,47.0,11.0,6.0,2.0,10.0,2.0,121.0,889,5.0,4.0,27.0,7.0,10.0,16.0,10.0,14.0,19.0,13.0,2.0,90.0,16.0,8.0,8.0,96.0,23.0,5.0,105,10.0,1.0,19.0,0.0,24.0,11.0,0.0,2.0,13.0,4.0,19.0,33.0,11.0,24.0,34.0,22.0,5.0,12.0,47.0,33.0,37.0,5.0,6.0,4.0,5.0,9.0,15.0,9.0,12.0,24.0,12.0,30.0,5.0,63,26.0,7.0,5.0,1.0,6.0,2.0,10.0,4.0,26.0,0.0,2.0,30.0,3.0,13.0,2.0,2.0,25.0,72,17.0,10.0,39.0,21.0,6.0
ahead,10,0.0,18.0,0.0,3.0,4.0,0.0,3.0,1.0,2.0,1.0,8.0,2.0,0.0,3.0,6.0,11.0,4.0,0.0,11.0,3.0,0.0,50.0,167,0.0,9.0,10.0,14.0,4.0,0.0,9.0,0.0,5.0,1.0,1.0,25.0,2.0,2.0,0.0,1.0,1.0,2.0,10,0.0,1.0,1.0,2.0,2.0,3.0,5.0,0.0,7.0,2.0,0.0,2.0,4.0,6.0,4.0,4.0,1.0,2.0,9.0,0.0,1.0,0.0,2.0,0.0,0.0,0.0,20.0,1.0,3.0,4.0,6.0,3.0,1.0,10,5.0,1.0,1.0,1.0,1.0,2.0,1.0,1.0,0.0,2.0,5.0,1.0,2.0,1.0,2.0,0.0,6.0,26,2.0,2.0,3.0,14.0,0.0
amid,5,2.0,7.0,3.0,0.0,1.0,0.0,8.0,0.0,1.0,1.0,6.0,2.0,6.0,2.0,25.0,11.0,9.0,13.0,2.0,1.0,0.0,56.0,206,0.0,1.0,2.0,1.0,1.0,3.0,4.0,4.0,6.0,6.0,0.0,73.0,0.0,3.0,0.0,2.0,5.0,2.0,39,1.0,3.0,2.0,0.0,6.0,1.0,0.0,0.0,5.0,3.0,8.0,10.0,0.0,1.0,7.0,6.0,0.0,13.0,7.0,0.0,3.0,0.0,3.0,5.0,7.0,3.0,14.0,3.0,1.0,2.0,3.0,2.0,4.0,4,5.0,2.0,2.0,11.0,11.0,11.0,4.0,0.0,1.0,1.0,33.0,0.0,0.0,0.0,1.0,1.0,14.0,19,1.0,5.0,16.0,10.0,2.0
back,18,3.0,9.0,4.0,1.0,0.0,1.0,1.0,0.0,2.0,1.0,2.0,0.0,6.0,0.0,12.0,6.0,3.0,4.0,0.0,0.0,2.0,20.0,214,0.0,2.0,0.0,4.0,0.0,0.0,2.0,6.0,2.0,3.0,0.0,12.0,1.0,4.0,1.0,1.0,1.0,7.0,11,2.0,0.0,2.0,1.0,2.0,0.0,9.0,9.0,10.0,2.0,0.0,1.0,0.0,5.0,1.0,3.0,1.0,2.0,3.0,2.0,3.0,1.0,1.0,1.0,0.0,3.0,0.0,4.0,15.0,4.0,0.0,0.0,0.0,13,1.0,4.0,1.0,1.0,0.0,1.0,3.0,6.0,1.0,1.0,1.0,2.0,0.0,3.0,6.0,1.0,11.0,13,0.0,3.0,11.0,4.0,4.0
bad,12,3.0,3.0,0.0,0.0,1.0,0.0,3.0,2.0,2.0,1.0,14.0,0.0,2.0,1.0,5.0,12.0,5.0,3.0,5.0,3.0,1.0,11.0,213,8.0,1.0,0.0,2.0,0.0,0.0,0.0,0.0,1.0,0.0,0.0,11.0,34.0,4.0,0.0,0.0,0.0,0.0,3,1.0,1.0,2.0,0.0,5.0,6.0,1.0,0.0,3.0,0.0,6.0,3.0,2.0,5.0,3.0,5.0,2.0,10.0,2.0,0.0,0.0,1.0,1.0,0.0,6.0,0.0,0.0,0.0,1.0,3.0,0.0,0.0,1.0,10,4.0,0.0,2.0,0.0,1.0,2.0,1.0,0.0,1.0,1.0,2.0,0.0,2.0,1.0,6.0,8.0,5.0,14,0.0,2.0,6.0,3.0,0.0
bank,45,13.0,36.0,3.0,8.0,1.0,3.0,0.0,2.0,3.0,11.0,26.0,0.0,4.0,186.0,22.0,10.0,5.0,2.0,3.0,11.0,3.0,64.0,435,3.0,14.0,8.0,5.0,5.0,3.0,2.0,0.0,6.0,1.0,0.0,52.0,7.0,3.0,5.0,24.0,5.0,3.0,64,18.0,8.0,8.0,6.0,8.0,4.0,11.0,2.0,3.0,2.0,3.0,3.0,1.0,21.0,9.0,21.0,0.0,14.0,10.0,13.0,12.0,1.0,13.0,3.0,5.0,4.0,32.0,28.0,5.0,5.0,21.0,20.0,0.0,91,29.0,1.0,1.0,1.0,3.0,3.0,8.0,3.0,0.0,8.0,2.0,3.0,7.0,0.0,1.0,1.0,24.0,24,22.0,6.0,144.0,11.0,12.0
better,11,6.0,15.0,1.0,0.0,0.0,2.0,2.0,0.0,3.0,5.0,1.0,0.0,2.0,0.0,9.0,0.0,0.0,0.0,3.0,6.0,3.0,11.0,216,2.0,2.0,12.0,2.0,1.0,2.0,0.0,8.0,5.0,1.0,5.0,4.0,1.0,0.0,8.0,0.0,3.0,0.0,8,1.0,0.0,0.0,0.0,5.0,6.0,0.0,1.0,4.0,1.0,0.0,2.0,3.0,6.0,1.0,5.0,4.0,2.0,2.0,1.0,5.0,0.0,0.0,8.0,3.0,6.0,5.0,0.0,0.0,4.0,0.0,0.0,0.0,11,1.0,0.0,3.0,0.0,1.0,0.0,1.0,0.0,3.0,13.0,1.0,3.0,1.0,1.0,0.0,5.0,0.0,42,0.0,4.0,3.0,8.0,0.0
big,22,8.0,6.0,2.0,1.0,2.0,2.0,3.0,3.0,0.0,15.0,15.0,3.0,6.0,1.0,16.0,7.0,1.0,1.0,6.0,2.0,2.0,24.0,201,2.0,2.0,0.0,3.0,3.0,0.0,0.0,0.0,5.0,1.0,9.0,20.0,2.0,5.0,0.0,2.0,8.0,0.0,8,2.0,14.0,12.0,3.0,8.0,5.0,1.0,0.0,4.0,8.0,1.0,5.0,2.0,9.0,1.0,4.0,1.0,3.0,1.0,2.0,2.0,3.0,1.0,2.0,2.0,0.0,2.0,1.0,1.0,4.0,3.0,3.0,1.0,8,6.0,7.0,0.0,0.0,0.0,0.0,0.0,6.0,5.0,4.0,1.0,2.0,0.0,0.0,3.0,3.0,14.0,15,1.0,0.0,5.0,4.0,0.0
boost,29,6.0,8.0,1.0,1.0,1.0,1.0,11.0,5.0,15.0,0.0,3.0,11.0,3.0,4.0,37.0,9.0,7.0,4.0,4.0,1.0,9.0,23.0,726,0.0,12.0,16.0,0.0,7.0,2.0,4.0,6.0,4.0,3.0,1.0,16.0,4.0,19.0,0.0,1.0,0.0,0.0,21,23.0,0.0,1.0,1.0,5.0,5.0,16.0,5.0,13.0,25.0,5.0,8.0,3.0,24.0,10.0,32.0,0.0,15.0,7.0,2.0,7.0,23.0,10.0,9.0,5.0,1.0,15.0,9.0,2.0,17.0,1.0,3.0,1.0,35,0.0,5.0,1.0,1.0,0.0,1.0,7.0,18.0,8.0,1.0,2.0,2.0,15.0,0.0,11.0,6.0,17.0,19,2.0,0.0,5.0,4.0,6.0
brexit,87,0.0,6.0,8.0,6.0,2.0,14.0,26.0,1.0,15.0,3.0,0.0,2.0,9.0,4.0,6.0,3.0,4.0,8.0,0.0,5.0,0.0,70.0,752,3.0,44.0,3.0,7.0,13.0,2.0,5.0,1.0,2.0,17.0,0.0,115.0,3.0,4.0,0.0,3.0,0.0,2.0,17,1.0,76.0,53.0,71.0,7.0,5.0,3.0,3.0,7.0,3.0,8.0,8.0,7.0,28.0,19.0,7.0,2.0,4.0,6.0,1.0,1.0,2.0,4.0,4.0,5.0,2.0,2.0,11.0,17.0,8.0,26.0,7.0,0.0,101,12.0,1.0,4.0,0.0,7.0,5.0,1.0,2.0,0.0,2.0,6.0,5.0,8.0,8.0,12.0,10.0,258.0,65,80.0,0.0,48.0,2.0,3.0
budget,12,0.0,72.0,2.0,2.0,0.0,0.0,0.0,0.0,3.0,11.0,2.0,0.0,4.0,0.0,1.0,7.0,2.0,4.0,0.0,3.0,0.0,15.0,174,1.0,2.0,1.0,0.0,3.0,1.0,14.0,0.0,2.0,0.0,0.0,0.0,2.0,1.0,0.0,2.0,3.0,3.0,4,10.0,2.0,0.0,1.0,5.0,1.0,3.0,1.0,2.0,0.0,1.0,1.0,1.0,2.0,6.0,12.0,3.0,4.0,2.0,0.0,0.0,3.0,2.0,2.0,1.0,1.0,0.0,0.0,1.0,0.0,0.0,6.0,2.0,13,3.0,1.0,0.0,1.0,3.0,0.0,3.0,4.0,7.0,0.0,0.0,9.0,7.0,6.0,0.0,1.0,7.0,3,2.0,1.0,1.0,2.0,2.0
business,29,12.0,12.0,0.0,6.0,6.0,2.0,4.0,2.0,6.0,3.0,9.0,4.0,0.0,0.0,3.0,13.0,2.0,4.0,2.0,7.0,5.0,31.0,280,4.0,2.0,2.0,2.0,0.0,1.0,0.0,2.0,3.0,16.0,4.0,10.0,5.0,2.0,1.0,1.0,5.0,3.0,25,3.0,6.0,1.0,4.0,4.0,1.0,8.0,3.0,2.0,10.0,6.0,5.0,2.0,3.0,4.0,21.0,3.0,1.0,5.0,0.0,0.0,4.0,1.0,1.0,0.0,3.0,3.0,0.0,7.0,5.0,2.0,2.0,1.0,12,4.0,8.0,4.0,1.0,5.0,4.0,5.0,9.0,5.0,6.0,0.0,4.0,2.0,4.0,1.0,0.0,19.0,23,9.0,4.0,5.0,3.0,7.0
central,27,12.0,13.0,3.0,2.0,0.0,1.0,186.0,0.0,1.0,4.0,4.0,0.0,0.0,0.0,14.0,21.0,3.0,3.0,1.0,3.0,0.0,25.0,190,1.0,2.0,3.0,1.0,4.0,2.0,1.0,0.0,0.0,0.0,0.0,14.0,0.0,1.0,1.0,7.0,1.0,7.0,31,4.0,17.0,0.0,2.0,0.0,0.0,2.0,1.0,0.0,0.0,2.0,0.0,3.0,3.0,5.0,14.0,0.0,4.0,4.0,13.0,7.0,1.0,5.0,2.0,6.0,4.0,10.0,15.0,2.0,2.0,4.0,17.0,0.0,62,11.0,0.0,0.0,1.0,2.0,0.0,4.0,0.0,1.0,6.0,0.0,2.0,0.0,1.0,0.0,0.0,0.0,7,2.0,1.0,6.0,5.0,4.0
china,68,23.0,39.0,6.0,25.0,12.0,5.0,22.0,9.0,16.0,37.0,6.0,1.0,3.0,14.0,0.0,5.0,4.0,12.0,55.0,14.0,1.0,142.0,840,5.0,40.0,7.0,3.0,7.0,12.0,17.0,1.0,41.0,7.0,1.0,91.0,8.0,6.0,4.0,24.0,12.0,14.0,139,8.0,7.0,9.0,15.0,22.0,0.0,5.0,0.0,5.0,2.0,5.0,88.0,17.0,21.0,9.0,45.0,0.0,15.0,9.0,8.0,33.0,10.0,28.0,7.0,8.0,16.0,6.0,6.0,5.0,9.0,17.0,1.0,0.0,86,15.0,7.0,37.0,40.0,43.0,45.0,4.0,13.0,8.0,25.0,49.0,6.0,4.0,18.0,14.0,4.0,5.0,70,15.0,8.0,37.0,16.0,17.0
chinas,45,26.0,47.0,11.0,11.0,6.0,12.0,10.0,0.0,7.0,9.0,3.0,7.0,13.0,21.0,5.0,0.0,9.0,5.0,15.0,9.0,3.0,150.0,878,2.0,9.0,5.0,4.0,0.0,12.0,5.0,3.0,12.0,3.0,0.0,49.0,18.0,4.0,7.0,30.0,14.0,8.0,76,13.0,18.0,5.0,7.0,6.0,3.0,3.0,6.0,4.0,0.0,12.0,52.0,10.0,14.0,2.0,44.0,0.0,5.0,9.0,1.0,17.0,7.0,12.0,10.0,6.0,14.0,11.0,0.0,3.0,12.0,7.0,0.0,0.0,97,6.0,5.0,18.0,33.0,43.0,44.0,2.0,1.0,9.0,16.0,13.0,5.0,3.0,9.0,9.0,3.0,0.0,24,5.0,6.0,19.0,31.0,14.0
chinese,21,6.0,11.0,4.0,9.0,3.0,5.0,5.0,0.0,1.0,7.0,4.0,2.0,2.0,3.0,4.0,9.0,0.0,9.0,18.0,5.0,0.0,54.0,369,7.0,3.0,3.0,1.0,0.0,1.0,4.0,2.0,2.0,2.0,0.0,25.0,2.0,2.0,1.0,20.0,5.0,0.0,31,7.0,7.0,7.0,3.0,1.0,6.0,4.0,0.0,4.0,0.0,3.0,15.0,9.0,9.0,1.0,26.0,0.0,5.0,2.0,3.0,2.0,0.0,6.0,14.0,6.0,3.0,2.0,0.0,2.0,2.0,5.0,4.0,0.0,28,6.0,1.0,11.0,6.0,16.0,9.0,1.0,1.0,9.0,7.0,14.0,2.0,2.0,1.0,6.0,0.0,0.0,12,0.0,6.0,18.0,8.0,3.0
crisis,14,0.0,6.0,0.0,13.0,4.0,3.0,2.0,0.0,1.0,4.0,8.0,4.0,4.0,3.0,12.0,5.0,9.0,0.0,0.0,3.0,1.0,82.0,177,2.0,2.0,3.0,1.0,0.0,3.0,3.0,3.0,4.0,2.0,0.0,38.0,1.0,1.0,0.0,0.0,1.0,7.0,10,2.0,2.0,4.0,1.0,7.0,2.0,2.0,0.0,1.0,0.0,1.0,0.0,0.0,4.0,7.0,8.0,0.0,8.0,0.0,0.0,1.0,0.0,0.0,0.0,2.0,3.0,3.0,0.0,3.0,1.0,3.0,10.0,1.0,20,3.0,0.0,0.0,6.0,3.0,1.0,8.0,2.0,2.0,2.0,1.0,0.0,0.0,2.0,3.0,2.0,14.0,3,7.0,0.0,18.0,5.0,7.0
data,16,5.0,2.0,11.0,2.0,0.0,5.0,3.0,3.0,6.0,4.0,0.0,0.0,2.0,1.0,55.0,15.0,18.0,0.0,0.0,5.0,9.0,93.0,243,12.0,3.0,3.0,7.0,5.0,3.0,5.0,17.0,20.0,2.0,5.0,17.0,5.0,3.0,2.0,0.0,6.0,6.0,25,2.0,1.0,0.0,3.0,2.0,3.0,18.0,16.0,20.0,0.0,1.0,3.0,8.0,15.0,13.0,14.0,0.0,4.0,5.0,10.0,2.0,0.0,1.0,0.0,2.0,9.0,6.0,3.0,7.0,4.0,0.0,1.0,5.0,11,1.0,5.0,29.0,4.0,9.0,0.0,0.0,2.0,1.0,8.0,21.0,18.0,1.0,1.0,15.0,1.0,15.0,67,0.0,13.0,0.0,0.0,1.0
despite,9,15.0,10.0,3.0,1.0,0.0,3.0,11.0,6.0,2.0,1.0,5.0,3.0,7.0,3.0,14.0,9.0,5.0,3.0,5.0,0.0,1.0,30.0,295,5.0,1.0,3.0,7.0,3.0,1.0,2.0,2.0,2.0,5.0,0.0,54.0,11.0,1.0,2.0,17.0,18.0,11.0,39,0.0,1.0,1.0,1.0,9.0,8.0,6.0,6.0,10.0,2.0,5.0,19.0,5.0,2.0,4.0,8.0,1.0,22.0,4.0,3.0,4.0,4.0,1.0,2.0,8.0,1.0,3.0,3.0,3.0,7.0,6.0,4.0,3.0,16,7.0,0.0,7.0,7.0,23.0,1.0,6.0,2.0,2.0,23.0,5.0,20.0,3.0,3.0,0.0,0.0,11.0,38,2.0,22.0,4.0,4.0,3.0
digital,15,1.0,2.0,0.0,0.0,2.0,1.0,3.0,3.0,2.0,9.0,0.0,0.0,5.0,0.0,1.0,3.0,0.0,1.0,9.0,1.0,0.0,3.0,233,1.0,0.0,0.0,0.0,0.0,7.0,2.0,1.0,4.0,0.0,0.0,5.0,1.0,2.0,0.0,2.0,2.0,0.0,12,4.0,0.0,0.0,0.0,6.0,1.0,0.0,0.0,6.0,0.0,0.0,1.0,1.0,3.0,5.0,10.0,0.0,0.0,0.0,1.0,0.0,2.0,1.0,0.0,0.0,1.0,1.0,0.0,0.0,6.0,0.0,0.0,1.0,5,1.0,6.0,0.0,1.0,0.0,0.0,1.0,0.0,0.0,1.0,0.0,0.0,5.0,5.0,0.0,0.0,16.0,11,1.0,0.0,3.0,1.0,1.0
economic,87,44.0,121.0,50.0,56.0,20.0,11.0,64.0,11.0,24.0,23.0,70.0,15.0,31.0,25.0,142.0,150.0,54.0,82.0,93.0,30.0,3.0,0.0,160,1.0,39.0,26.0,27.0,12.0,23.0,16.0,4.0,32.0,27.0,0.0,182.0,20.0,13.0,2.0,7.0,16.0,3.0,494,15.0,20.0,27.0,36.0,49.0,9.0,23.0,23.0,35.0,2.0,23.0,34.0,27.0,48.0,36.0,93.0,25.0,41.0,99.0,8.0,24.0,52.0,37.0,18.0,15.0,32.0,41.0,24.0,17.0,38.0,37.0,37.0,49.0,108,26.0,3.0,32.0,16.0,11.0,38.0,23.0,20.0,13.0,38.0,30.0,8.0,13.0,26.0,20.0,27.0,62.0,196,41.0,21.0,58.0,39.0,32.0
economy,1316,442.0,889.0,167.0,206.0,214.0,213.0,435.0,216.0,201.0,726.0,752.0,174.0,280.0,190.0,840.0,878.0,369.0,177.0,243.0,295.0,233.0,160.0,0,1.0,338.0,260.0,360.0,179.0,293.0,230.0,302.0,150.0,296.0,294.0,1555.0,324.0,208.0,322.0,514.0,402.0,393.0,826,306.0,242.0,273.0,242.0,280.0,286.0,242.0,231.0,453.0,235.0,216.0,382.0,170.0,395.0,517.0,775.0,221.0,529.0,177.0,242.0,333.0,189.0,188.0,195.0,234.0,608.0,431.0,198.0,257.0,408.0,233.0,233.0,170.0,1422,210.0,420.0,276.0,215.0,222.0,207.0,245.0,159.0,330.0,309.0,251.0,265.0,206.0,221.0,159.0,218.0,691.0,2229,255.0,287.0,585.0,461.0,223.0
economys,10,6.0,5.0,0.0,0.0,0.0,8.0,3.0,2.0,2.0,0.0,3.0,1.0,4.0,1.0,5.0,2.0,7.0,2.0,12.0,5.0,1.0,1.0,1,0.0,1.0,1.0,5.0,0.0,1.0,1.0,0.0,2.0,4.0,4.0,17.0,0.0,0.0,0.0,0.0,2.0,1.0,25,1.0,0.0,3.0,3.0,1.0,6.0,0.0,0.0,6.0,0.0,2.0,1.0,2.0,12.0,1.0,8.0,2.0,4.0,2.0,0.0,1.0,1.0,2.0,0.0,4.0,4.0,10.0,2.0,0.0,3.0,1.0,3.0,1.0,12,1.0,11.0,0.0,1.0,1.0,0.0,1.0,1.0,1.0,4.0,6.0,10.0,1.0,0.0,1.0,1.0,6.0,35,3.0,4.0,7.0,4.0,2.0
eu,37,6.0,4.0,9.0,1.0,2.0,1.0,14.0,2.0,2.0,12.0,44.0,2.0,2.0,2.0,40.0,9.0,3.0,2.0,3.0,1.0,0.0,39.0,338,1.0,0.0,5.0,0.0,0.0,0.0,7.0,0.0,2.0,12.0,0.0,22.0,2.0,1.0,6.0,2.0,1.0,0.0,6,7.0,13.0,5.0,12.0,1.0,0.0,0.0,1.0,9.0,2.0,0.0,53.0,0.0,21.0,27.0,5.0,0.0,1.0,3.0,1.0,8.0,3.0,1.0,2.0,1.0,0.0,2.0,1.0,1.0,4.0,12.0,1.0,0.0,49,2.0,12.0,4.0,0.0,0.0,12.0,0.0,1.0,1.0,6.0,0.0,1.0,0.0,1.0,15.0,0.0,60.0,7,23.0,0.0,4.0,2.0,3.0
expected,15,5.0,27.0,10.0,2.0,0.0,0.0,8.0,12.0,0.0,16.0,3.0,1.0,2.0,3.0,7.0,5.0,3.0,3.0,3.0,3.0,0.0,26.0,260,1.0,5.0,0.0,2.0,0.0,12.0,3.0,1.0,14.0,3.0,0.0,4.0,0.0,0.0,17.0,36.0,8.0,24.0,30,2.0,2.0,0.0,1.0,2.0,5.0,24.0,6.0,4.0,4.0,3.0,0.0,0.0,4.0,5.0,8.0,0.0,3.0,11.0,9.0,10.0,0.0,10.0,2.0,8.0,31.0,14.0,5.0,4.0,2.0,0.0,1.0,0.0,17,0.0,1.0,0.0,0.0,0.0,1.0,0.0,6.0,2.0,8.0,0.0,2.0,0.0,2.0,2.0,0.0,6.0,37,1.0,14.0,1.0,6.0,4.0
fed,15,0.0,7.0,14.0,1.0,4.0,2.0,5.0,2.0,3.0,0.0,7.0,0.0,2.0,1.0,3.0,4.0,1.0,1.0,7.0,7.0,0.0,27.0,360,5.0,0.0,2.0,0.0,3.0,20.0,2.0,0.0,2.0,0.0,0.0,49.0,11.0,1.0,4.0,1.0,29.0,3.0,17,8.0,1.0,0.0,6.0,1.0,2.0,3.0,3.0,20.0,0.0,2.0,9.0,14.0,13.0,1.0,6.0,4.0,5.0,11.0,4.0,21.0,0.0,16.0,2.0,4.0,21.0,87.0,37.0,3.0,22.0,16.0,0.0,0.0,46,5.0,0.0,13.0,1.0,1.0,0.0,0.0,7.0,2.0,15.0,13.0,8.0,0.0,4.0,1.0,1.0,2.0,180,6.0,6.0,4.0,2.0,7.0
feds,8,0.0,10.0,4.0,1.0,0.0,0.0,5.0,1.0,3.0,7.0,13.0,3.0,0.0,4.0,7.0,0.0,0.0,0.0,5.0,3.0,0.0,12.0,179,0.0,0.0,0.0,3.0,0.0,1.0,0.0,2.0,1.0,0.0,0.0,12.0,3.0,0.0,0.0,0.0,0.0,0.0,6,0.0,0.0,0.0,5.0,0.0,0.0,0.0,0.0,1.0,0.0,8.0,7.0,3.0,14.0,0.0,1.0,0.0,1.0,15.0,0.0,1.0,0.0,15.0,0.0,0.0,0.0,44.0,15.0,2.0,1.0,10.0,0.0,0.0,38,16.0,0.0,1.0,0.0,4.0,1.0,0.0,1.0,1.0,6.0,4.0,4.0,0.0,0.0,2.0,5.0,0.0,95,0.0,0.0,1.0,4.0,0.0
first,5,1.0,16.0,0.0,3.0,0.0,0.0,3.0,2.0,0.0,2.0,2.0,1.0,1.0,2.0,12.0,12.0,1.0,3.0,3.0,1.0,7.0,23.0,293,1.0,0.0,12.0,20.0,1.0,0.0,4.0,1.0,19.0,3.0,2.0,6.0,1.0,1.0,34.0,2.0,16.0,24.0,40,0.0,2.0,0.0,1.0,0.0,0.0,6.0,7.0,3.0,0.0,0.0,1.0,0.0,3.0,3.0,8.0,0.0,1.0,0.0,9.0,32.0,0.0,2.0,1.0,0.0,197.0,17.0,9.0,8.0,3.0,0.0,1.0,0.0,9,4.0,5.0,20.0,3.0,1.0,21.0,4.0,0.0,2.0,1.0,1.0,2.0,3.0,2.0,2.0,0.0,18.0,71,1.0,6.0,0.0,9.0,16.0
focus,8,0.0,10.0,9.0,4.0,2.0,0.0,2.0,0.0,0.0,4.0,5.0,14.0,0.0,1.0,17.0,5.0,4.0,3.0,5.0,2.0,2.0,16.0,230,1.0,7.0,3.0,2.0,0.0,4.0,0.0,0.0,0.0,0.0,1.0,24.0,1.0,2.0,0.0,0.0,2.0,0.0,8,2.0,0.0,1.0,1.0,4.0,1.0,3.0,1.0,16.0,1.0,1.0,2.0,1.0,0.0,0.0,14.0,11.0,1.0,1.0,0.0,0.0,2.0,0.0,2.0,0.0,0.0,1.0,2.0,1.0,1.0,7.0,1.0,0.0,4,0.0,2.0,1.0,2.0,1.0,1.0,1.0,0.0,4.0,0.0,8.0,3.0,2.0,1.0,3.0,3.0,1.0,10,1.0,4.0,14.0,2.0,2.0
fuel,5,4.0,14.0,0.0,4.0,6.0,0.0,0.0,8.0,0.0,6.0,1.0,0.0,2.0,0.0,1.0,3.0,2.0,3.0,17.0,2.0,1.0,4.0,302,0.0,0.0,1.0,0.0,2.0,1.0,0.0,0.0,0.0,0.0,0.0,4.0,0.0,1.0,0.0,0.0,1.0,0.0,1,5.0,2.0,0.0,1.0,0.0,0.0,10.0,0.0,0.0,1.0,7.0,2.0,1.0,5.0,1.0,15.0,0.0,2.0,0.0,0.0,0.0,1.0,0.0,7.0,7.0,0.0,1.0,0.0,0.0,15.0,0.0,1.0,0.0,26,1.0,0.0,2.0,0.0,1.0,0.0,0.0,0.0,0.0,1.0,1.0,2.0,1.0,2.0,0.0,0.0,1.0,36,0.0,1.0,4.0,3.0,3.0
gdp,20,34.0,19.0,5.0,6.0,2.0,1.0,6.0,5.0,5.0,4.0,2.0,2.0,3.0,0.0,41.0,12.0,2.0,4.0,20.0,2.0,4.0,32.0,150,2.0,2.0,14.0,2.0,1.0,19.0,0.0,0.0,0.0,0.0,0.0,3.0,1.0,3.0,11.0,11.0,5.0,25.0,131,0.0,0.0,0.0,0.0,4.0,7.0,24.0,9.0,0.0,0.0,4.0,0.0,1.0,9.0,15.0,4.0,0.0,5.0,13.0,13.0,32.0,0.0,0.0,0.0,0.0,43.0,6.0,3.0,9.0,11.0,0.0,9.0,0.0,10,10.0,1.0,10.0,3.0,2.0,20.0,2.0,12.0,6.0,6.0,1.0,0.0,0.0,0.0,1.0,0.0,25.0,47,0.0,13.0,2.0,10.0,10.0
german,35,21.0,13.0,1.0,6.0,3.0,0.0,1.0,1.0,1.0,3.0,17.0,0.0,16.0,0.0,7.0,3.0,2.0,2.0,2.0,5.0,0.0,27.0,296,4.0,12.0,3.0,0.0,0.0,3.0,0.0,0.0,0.0,0.0,0.0,27.0,14.0,11.0,11.0,10.0,2.0,16.0,63,0.0,3.0,7.0,5.0,0.0,1.0,0.0,0.0,1.0,0.0,4.0,6.0,0.0,0.0,36.0,1.0,0.0,0.0,5.0,2.0,5.0,0.0,0.0,0.0,1.0,31.0,12.0,0.0,0.0,3.0,3.0,0.0,0.0,40,4.0,0.0,4.0,2.0,0.0,8.0,0.0,8.0,1.0,2.0,0.0,5.0,0.0,0.0,9.0,2.0,2.0,1,0.0,2.0,4.0,7.0,8.0
gig,6,1.0,2.0,1.0,0.0,0.0,0.0,0.0,5.0,9.0,1.0,0.0,0.0,4.0,0.0,1.0,0.0,0.0,0.0,5.0,0.0,0.0,0.0,294,4.0,0.0,0.0,0.0,0.0,2.0,1.0,0.0,0.0,0.0,0.0,0.0,4.0,3.0,0.0,0.0,12.0,0.0,2,2.0,0.0,0.0,1.0,0.0,0.0,0.0,0.0,9.0,0.0,0.0,3.0,0.0,6.0,0.0,14.0,0.0,0.0,0.0,0.0,1.0,0.0,0.0,0.0,0.0,0.0,0.0,0.0,0.0,4.0,0.0,0.0,0.0,4,0.0,4.0,9.0,0.0,0.0,0.0,0.0,0.0,1.0,3.0,0.0,0.0,8.0,2.0,0.0,1.0,1.0,7,0.0,0.0,0.0,1.0,2.0
global,86,14.0,90.0,25.0,73.0,12.0,11.0,52.0,4.0,20.0,16.0,115.0,0.0,10.0,14.0,91.0,49.0,25.0,38.0,17.0,54.0,5.0,182.0,1555,17.0,22.0,4.0,49.0,12.0,6.0,24.0,4.0,3.0,27.0,0.0,0.0,11.0,6.0,2.0,15.0,22.0,4.0,131,15.0,15.0,71.0,39.0,61.0,15.0,12.0,6.0,14.0,1.0,21.0,29.0,45.0,28.0,4.0,56.0,13.0,61.0,26.0,0.0,8.0,9.0,4.0,5.0,21.0,2.0,29.0,30.0,29.0,8.0,63.0,12.0,5.0,95,24.0,9.0,4.0,17.0,13.0,10.0,1.0,0.0,7.0,37.0,68.0,19.0,5.0,14.0,17.0,10.0,41.0,145,62.0,37.0,65.0,33.0,18.0
good,22,6.0,16.0,2.0,0.0,1.0,34.0,7.0,1.0,2.0,4.0,3.0,2.0,5.0,0.0,8.0,18.0,2.0,1.0,5.0,11.0,1.0,20.0,324,0.0,2.0,0.0,11.0,3.0,1.0,1.0,0.0,1.0,14.0,4.0,11.0,0.0,2.0,0.0,1.0,2.0,1.0,14,0.0,0.0,7.0,0.0,2.0,10.0,1.0,2.0,9.0,5.0,6.0,2.0,3.0,13.0,3.0,8.0,3.0,29.0,1.0,0.0,1.0,2.0,4.0,1.0,8.0,1.0,5.0,3.0,1.0,3.0,0.0,1.0,0.0,26,3.0,5.0,1.0,3.0,0.0,0.0,3.0,4.0,1.0,1.0,6.0,4.0,5.0,0.0,2.0,2.0,7.0,40,0.0,0.0,4.0,5.0,1.0
government,13,3.0,8.0,2.0,3.0,4.0,4.0,3.0,0.0,5.0,19.0,4.0,1.0,2.0,1.0,6.0,4.0,2.0,1.0,3.0,1.0,2.0,13.0,208,0.0,1.0,0.0,1.0,0.0,1.0,2.0,1.0,3.0,11.0,3.0,6.0,2.0,0.0,2.0,6.0,2.0,1.0,6,4.0,3.0,0.0,1.0,5.0,5.0,7.0,3.0,2.0,2.0,0.0,1.0,0.0,3.0,5.0,11.0,0.0,1.0,2.0,1.0,3.0,8.0,3.0,0.0,1.0,6.0,1.0,0.0,0.0,5.0,1.0,10.0,1.0,20,5.0,6.0,1.0,0.0,0.0,2.0,2.0,17.0,1.0,2.0,0.0,4.0,3.0,4.0,2.0,0.0,12.0,9,2.0,7.0,1.0,2.0,0.0
grew,14,63.0,8.0,0.0,0.0,1.0,0.0,5.0,8.0,0.0,0.0,0.0,0.0,1.0,1.0,4.0,7.0,1.0,0.0,2.0,2.0,0.0,2.0,322,0.0,6.0,17.0,4.0,0.0,34.0,0.0,0.0,11.0,11.0,0.0,2.0,0.0,2.0,0.0,0.0,0.0,0.0,4,0.0,1.0,1.0,0.0,4.0,1.0,0.0,2.0,2.0,1.0,1.0,1.0,0.0,5.0,4.0,3.0,0.0,0.0,2.0,40.0,61.0,0.0,0.0,0.0,0.0,133.0,57.0,0.0,0.0,5.0,0.0,0.0,0.0,19,0.0,0.0,3.0,1.0,1.0,0.0,1.0,5.0,1.0,2.0,0.0,3.0,0.0,0.0,0.0,0.0,17.0,100,0.0,0.0,0.0,21.0,10.0
grow,71,12.0,96.0,1.0,2.0,1.0,0.0,24.0,0.0,2.0,1.0,3.0,2.0,1.0,7.0,24.0,30.0,20.0,0.0,0.0,17.0,2.0,7.0,514,0.0,2.0,36.0,1.0,0.0,2.0,0.0,0.0,11.0,10.0,0.0,15.0,1.0,6.0,0.0,0.0,3.0,0.0,1,6.0,0.0,20.0,1.0,18.0,37.0,0.0,2.0,6.0,7.0,0.0,3.0,3.0,12.0,7.0,7.0,3.0,4.0,0.0,49.0,60.0,8.0,5.0,9.0,1.0,7.0,4.0,1.0,2.0,13.0,1.0,6.0,0.0,38,4.0,2.0,1.0,1.0,2.0,3.0,2.0,2.0,3.0,7.0,0.0,3.0,5.0,4.0,0.0,2.0,13.0,18,0.0,1.0,14.0,59.0,10.0
growing,20,4.0,23.0,1.0,5.0,1.0,0.0,5.0,3.0,8.0,0.0,0.0,3.0,5.0,1.0,12.0,14.0,5.0,1.0,6.0,18.0,2.0,16.0,402,2.0,1.0,8.0,29.0,0.0,16.0,2.0,1.0,5.0,2.0,12.0,22.0,2.0,2.0,0.0,3.0,0.0,0.0,5,0.0,1.0,6.0,1.0,82.0,5.0,0.0,1.0,6.0,2.0,2.0,4.0,1.0,3.0,4.0,7.0,2.0,2.0,0.0,7.0,22.0,1.0,0.0,2.0,1.0,28.0,4.0,1.0,3.0,16.0,8.0,2.0,2.0,18,14.0,2.0,3.0,1.0,3.0,1.0,1.0,0.0,2.0,9.0,3.0,0.0,1.0,2.0,3.0,1.0,8.0,65,8.0,2.0,19.0,8.0,9.0
grows,14,57.0,5.0,2.0,2.0,7.0,0.0,3.0,0.0,0.0,0.0,2.0,3.0,3.0,7.0,14.0,8.0,0.0,7.0,6.0,11.0,0.0,3.0,393,1.0,0.0,24.0,3.0,0.0,24.0,0.0,0.0,25.0,16.0,0.0,4.0,1.0,1.0,0.0,0.0,0.0,0.0,2,0.0,1.0,0.0,1.0,2.0,2.0,3.0,12.0,0.0,0.0,0.0,3.0,0.0,1.0,0.0,5.0,0.0,6.0,9.0,28.0,78.0,0.0,1.0,0.0,0.0,88.0,26.0,2.0,3.0,0.0,1.0,0.0,2.0,7,1.0,4.0,0.0,0.0,0.0,0.0,16.0,7.0,0.0,4.0,1.0,1.0,3.0,0.0,8.0,0.0,18.0,26,1.0,6.0,5.0,10.0,34.0
growth,85,78.0,105.0,10.0,39.0,11.0,3.0,64.0,8.0,8.0,21.0,17.0,4.0,25.0,31.0,139.0,76.0,31.0,10.0,25.0,39.0,12.0,494.0,826,25.0,6.0,30.0,17.0,6.0,40.0,8.0,1.0,131.0,63.0,2.0,131.0,14.0,6.0,4.0,1.0,5.0,2.0,0,5.0,23.0,42.0,1.0,50.0,25.0,16.0,3.0,40.0,2.0,27.0,9.0,9.0,39.0,28.0,23.0,3.0,23.0,31.0,32.0,62.0,6.0,11.0,7.0,6.0,122.0,57.0,14.0,17.0,22.0,38.0,21.0,11.0,97,63.0,7.0,27.0,21.0,19.0,105.0,7.0,39.0,15.0,20.0,9.0,36.0,4.0,19.0,11.0,1.0,107.0,213,12.0,28.0,69.0,41.0,52.0
help,10,1.0,10.0,0.0,1.0,2.0,1.0,18.0,1.0,2.0,23.0,1.0,10.0,3.0,4.0,8.0,13.0,7.0,2.0,2.0,0.0,4.0,15.0,306,1.0,7.0,2.0,8.0,0.0,0.0,2.0,5.0,0.0,0.0,2.0,15.0,0.0,4.0,0.0,6.0,0.0,0.0,5,0.0,0.0,1.0,0.0,7.0,3.0,3.0,11.0,3.0,6.0,4.0,1.0,2.0,5.0,4.0,14.0,5.0,12.0,3.0,0.0,0.0,1.0,5.0,1.0,3.0,0.0,16.0,12.0,3.0,1.0,0.0,1.0,0.0,20,0.0,4.0,0.0,1.0,2.0,2.0,4.0,11.0,1.0,1.0,2.0,3.0,6.0,5.0,0.0,2.0,3.0,15,0.0,8.0,5.0,1.0,1.0
hit,25,2.0,1.0,1.0,3.0,0.0,1.0,8.0,0.0,14.0,0.0,76.0,2.0,6.0,17.0,7.0,18.0,7.0,2.0,1.0,1.0,0.0,20.0,242,0.0,13.0,2.0,1.0,0.0,2.0,0.0,2.0,0.0,3.0,0.0,15.0,0.0,3.0,1.0,0.0,1.0,1.0,23,0.0,0.0,15.0,1.0,1.0,2.0,6.0,2.0,5.0,1.0,12.0,5.0,2.0,22.0,2.0,2.0,0.0,21.0,0.0,1.0,0.0,1.0,1.0,3.0,21.0,3.0,1.0,1.0,3.0,1.0,0.0,7.0,2.0,29,0.0,2.0,0.0,1.0,4.0,3.0,0.0,0.0,0.0,2.0,7.0,0.0,1.0,1.0,9.0,0.0,45.0,28,9.0,5.0,5.0,2.0,2.0
imf,37,1.0,19.0,1.0,2.0,2.0,2.0,8.0,0.0,12.0,1.0,53.0,0.0,1.0,0.0,9.0,5.0,7.0,4.0,0.0,1.0,0.0,27.0,273,3.0,5.0,0.0,0.0,0.0,0.0,1.0,0.0,0.0,7.0,0.0,71.0,7.0,0.0,1.0,20.0,6.0,0.0,42,1.0,15.0,0.0,5.0,12.0,1.0,2.0,0.0,0.0,0.0,1.0,0.0,2.0,2.0,1.0,9.0,0.0,12.0,12.0,15.0,2.0,3.0,4.0,0.0,5.0,0.0,1.0,5.0,4.0,1.0,13.0,3.0,3.0,52,24.0,0.0,0.0,1.0,1.0,1.0,3.0,0.0,0.0,8.0,1.0,1.0,3.0,3.0,0.0,0.0,28.0,11,28.0,3.0,35.0,12.0,1.0
impact,22,1.0,0.0,2.0,0.0,1.0,0.0,6.0,0.0,3.0,1.0,71.0,1.0,4.0,2.0,15.0,7.0,3.0,1.0,3.0,1.0,0.0,36.0,242,3.0,12.0,1.0,6.0,5.0,1.0,1.0,1.0,0.0,5.0,1.0,39.0,0.0,1.0,0.0,1.0,1.0,1.0,1,0.0,1.0,5.0,0.0,5.0,7.0,5.0,1.0,2.0,9.0,3.0,10.0,5.0,4.0,16.0,2.0,0.0,13.0,0.0,0.0,0.0,2.0,1.0,2.0,12.0,0.0,8.0,6.0,3.0,8.0,5.0,9.0,0.0,16,4.0,2.0,2.0,0.0,1.0,0.0,2.0,2.0,4.0,0.0,2.0,3.0,0.0,1.0,2.0,1.0,14.0,27,6.0,2.0,12.0,0.0,1.0
india,7,7.0,24.0,2.0,6.0,2.0,5.0,8.0,5.0,8.0,5.0,7.0,5.0,4.0,0.0,22.0,6.0,1.0,7.0,2.0,9.0,6.0,49.0,280,1.0,1.0,2.0,1.0,0.0,0.0,4.0,0.0,4.0,0.0,0.0,61.0,2.0,5.0,4.0,18.0,82.0,2.0,50,7.0,1.0,12.0,5.0,0.0,6.0,0.0,1.0,0.0,1.0,1.0,5.0,2.0,11.0,3.0,4.0,0.0,4.0,3.0,2.0,8.0,1.0,4.0,1.0,2.0,1.0,6.0,3.0,2.0,11.0,1.0,1.0,0.0,33,16.0,1.0,0.0,0.0,0.0,2.0,0.0,0.0,1.0,4.0,2.0,2.0,6.0,2.0,3.0,0.0,3.0,14,0.0,1.0,31.0,5.0,8.0
indian,10,3.0,11.0,3.0,1.0,0.0,6.0,4.0,6.0,5.0,5.0,5.0,1.0,1.0,0.0,0.0,3.0,6.0,2.0,3.0,8.0,1.0,9.0,286,6.0,0.0,5.0,2.0,0.0,0.0,1.0,0.0,7.0,1.0,0.0,15.0,10.0,5.0,1.0,37.0,5.0,2.0,25,3.0,2.0,1.0,7.0,6.0,0.0,0.0,0.0,0.0,0.0,4.0,3.0,5.0,7.0,1.0,2.0,0.0,5.0,0.0,0.0,4.0,0.0,3.0,5.0,4.0,4.0,5.0,6.0,0.0,4.0,3.0,1.0,0.0,24,1.0,1.0,0.0,1.0,1.0,0.0,0.0,1.0,0.0,2.0,0.0,1.0,0.0,3.0,0.0,0.0,2.0,10,1.0,1.0,6.0,5.0,10.0
japan,18,0.0,0.0,5.0,0.0,9.0,1.0,11.0,0.0,1.0,16.0,3.0,3.0,8.0,2.0,5.0,3.0,4.0,2.0,18.0,6.0,0.0,23.0,242,0.0,0.0,24.0,3.0,0.0,6.0,3.0,10.0,24.0,0.0,0.0,12.0,1.0,7.0,0.0,0.0,0.0,3.0,16,3.0,6.0,2.0,5.0,0.0,0.0,0.0,1.0,0.0,0.0,7.0,6.0,4.0,1.0,44.0,6.0,0.0,4.0,5.0,5.0,8.0,0.0,13.0,0.0,3.0,16.0,11.0,4.0,57.0,6.0,3.0,0.0,0.0,22,4.0,1.0,2.0,1.0,1.0,2.0,0.0,7.0,0.0,4.0,3.0,1.0,8.0,0.0,9.0,0.0,1.0,5,10.0,11.0,2.0,4.0,1.0
japans,12,4.0,2.0,0.0,0.0,9.0,0.0,2.0,1.0,0.0,5.0,3.0,1.0,3.0,1.0,0.0,6.0,0.0,0.0,16.0,6.0,0.0,23.0,231,0.0,1.0,6.0,3.0,0.0,7.0,1.0,0.0,9.0,0.0,0.0,6.0,2.0,3.0,2.0,2.0,1.0,12.0,3,11.0,2.0,0.0,1.0,1.0,0.0,1.0,0.0,1.0,0.0,0.0,4.0,4.0,8.0,10.0,6.0,0.0,3.0,5.0,7.0,5.0,1.0,0.0,0.0,1.0,16.0,4.0,4.0,23.0,2.0,1.0,0.0,0.0,3,0.0,0.0,0.0,1.0,1.0,0.0,0.0,5.0,0.0,3.0,0.0,2.0,14.0,2.0,0.0,0.0,1.0,5,1.0,11.0,6.0,0.0,1.0
jobs,22,11.0,13.0,7.0,5.0,10.0,3.0,3.0,4.0,4.0,13.0,7.0,2.0,2.0,0.0,5.0,4.0,4.0,1.0,20.0,10.0,6.0,35.0,453,6.0,9.0,4.0,20.0,1.0,3.0,16.0,0.0,0.0,1.0,9.0,14.0,9.0,2.0,2.0,6.0,6.0,0.0,40,3.0,5.0,0.0,2.0,0.0,0.0,0.0,1.0,0.0,3.0,13.0,17.0,2.0,22.0,2.0,43.0,8.0,2.0,3.0,15.0,7.0,3.0,3.0,2.0,8.0,1.0,54.0,3.0,5.0,101.0,3.0,0.0,0.0,19,1.0,2.0,10.0,2.0,12.0,3.0,1.0,2.0,4.0,11.0,7.0,24.0,1.0,14.0,3.0,7.0,10.0,190,0.0,12.0,2.0,6.0,8.0
local,1,4.0,4.0,2.0,3.0,2.0,0.0,2.0,1.0,8.0,25.0,3.0,0.0,10.0,0.0,2.0,0.0,0.0,0.0,0.0,2.0,0.0,2.0,235,0.0,2.0,4.0,0.0,0.0,0.0,1.0,1.0,0.0,0.0,0.0,1.0,5.0,2.0,1.0,7.0,2.0,0.0,2,6.0,1.0,0.0,9.0,1.0,0.0,0.0,0.0,3.0,0.0,0.0,5.0,0.0,2.0,0.0,10.0,0.0,3.0,1.0,0.0,0.0,2.0,0.0,1.0,5.0,0.0,0.0,3.0,0.0,5.0,0.0,1.0,0.0,6,0.0,3.0,2.0,0.0,1.0,0.0,3.0,3.0,2.0,1.0,1.0,2.0,3.0,1.0,1.0,0.0,0.0,4,1.0,2.0,0.0,7.0,0.0
low,7,4.0,19.0,0.0,8.0,0.0,6.0,3.0,0.0,1.0,5.0,8.0,1.0,6.0,2.0,5.0,12.0,3.0,1.0,1.0,5.0,0.0,23.0,216,2.0,0.0,3.0,2.0,8.0,0.0,1.0,7.0,4.0,4.0,0.0,21.0,6.0,0.0,1.0,0.0,2.0,0.0,27,4.0,12.0,1.0,3.0,1.0,4.0,7.0,0.0,13.0,0.0,0.0,4.0,5.0,3.0,1.0,4.0,0.0,87.0,4.0,2.0,2.0,1.0,0.0,1.0,87.0,2.0,8.0,29.0,4.0,4.0,0.0,5.0,8.0,12,2.0,0.0,0.0,1.0,2.0,2.0,2.0,0.0,1.0,6.0,2.0,3.0,1.0,0.0,1.0,1.0,8.0,27,2.0,6.0,6.0,6.0,4.0
market,31,8.0,33.0,2.0,10.0,1.0,3.0,3.0,2.0,5.0,8.0,8.0,1.0,5.0,0.0,88.0,52.0,15.0,0.0,3.0,19.0,1.0,34.0,382,1.0,53.0,0.0,9.0,7.0,1.0,2.0,2.0,0.0,6.0,3.0,29.0,2.0,1.0,1.0,3.0,4.0,3.0,9,1.0,5.0,0.0,10.0,5.0,3.0,6.0,4.0,17.0,5.0,4.0,0.0,0.0,20.0,4.0,5.0,2.0,8.0,9.0,0.0,0.0,0.0,0.0,0.0,4.0,0.0,1.0,0.0,4.0,10.0,3.0,2.0,2.0,15,2.0,5.0,3.0,6.0,17.0,2.0,4.0,3.0,18.0,6.0,4.0,21.0,0.0,5.0,2.0,0.0,8.0,62,11.0,6.0,4.0,6.0,1.0
markets,13,1.0,11.0,4.0,0.0,0.0,2.0,1.0,3.0,2.0,3.0,7.0,1.0,2.0,3.0,17.0,10.0,9.0,0.0,8.0,5.0,1.0,27.0,170,2.0,0.0,0.0,14.0,3.0,0.0,1.0,1.0,1.0,0.0,0.0,45.0,3.0,0.0,0.0,3.0,1.0,0.0,9,2.0,2.0,2.0,5.0,2.0,5.0,4.0,4.0,2.0,0.0,5.0,0.0,0.0,8.0,2.0,3.0,1.0,6.0,4.0,0.0,0.0,0.0,1.0,0.0,1.0,0.0,4.0,2.0,1.0,3.0,11.0,1.0,0.0,10,5.0,0.0,1.0,3.0,2.0,1.0,0.0,0.0,3.0,1.0,5.0,1.0,0.0,0.0,0.0,3.0,3.0,39,1.0,3.0,18.0,2.0,0.0
may,37,2.0,24.0,6.0,1.0,5.0,5.0,21.0,6.0,9.0,24.0,28.0,2.0,3.0,3.0,21.0,14.0,9.0,4.0,15.0,2.0,3.0,48.0,395,12.0,21.0,4.0,13.0,14.0,3.0,0.0,5.0,9.0,0.0,6.0,28.0,13.0,3.0,5.0,12.0,3.0,1.0,39,5.0,22.0,2.0,4.0,11.0,7.0,1.0,8.0,22.0,2.0,3.0,20.0,8.0,0.0,11.0,8.0,1.0,11.0,2.0,2.0,2.0,2.0,2.0,3.0,5.0,7.0,22.0,17.0,9.0,12.0,5.0,9.0,6.0,31,0.0,2.0,1.0,1.0,3.0,4.0,3.0,7.0,4.0,8.0,4.0,7.0,5.0,2.0,11.0,2.0,26.0,80,6.0,8.0,12.0,8.0,6.0
minister,70,6.0,34.0,4.0,7.0,1.0,3.0,9.0,1.0,1.0,10.0,19.0,6.0,4.0,5.0,9.0,2.0,1.0,7.0,13.0,4.0,5.0,36.0,517,1.0,27.0,5.0,1.0,0.0,3.0,0.0,1.0,15.0,36.0,0.0,4.0,3.0,5.0,4.0,7.0,4.0,0.0,28,4.0,2.0,1.0,16.0,3.0,1.0,44.0,10.0,2.0,0.0,1.0,4.0,2.0,11.0,0.0,20.0,0.0,18.0,1.0,12.0,7.0,5.0,1.0,3.0,5.0,1.0,12.0,4.0,7.0,3.0,0.0,51.0,8.0,95,8.0,2.0,0.0,1.0,0.0,0.0,3.0,2.0,7.0,1.0,0.0,9.0,10.0,0.0,11.0,6.0,15.0,6,18.0,0.0,2.0,12.0,2.0
new,35,4.0,22.0,4.0,6.0,3.0,5.0,21.0,5.0,4.0,32.0,7.0,12.0,21.0,14.0,45.0,44.0,26.0,8.0,14.0,8.0,10.0,93.0,775,8.0,5.0,8.0,6.0,1.0,8.0,14.0,15.0,4.0,1.0,14.0,56.0,8.0,11.0,3.0,7.0,7.0,5.0,23,14.0,2.0,9.0,2.0,4.0,2.0,6.0,6.0,43.0,10.0,4.0,5.0,3.0,8.0,20.0,0.0,3.0,12.0,6.0,0.0,0.0,12.0,18.0,20.0,5.0,6.0,14.0,5.0,3.0,23.0,1.0,8.0,9.0,51,10.0,29.0,12.0,4.0,5.0,6.0,9.0,3.0,7.0,5.0,10.0,4.0,11.0,5.0,4.0,4.0,10.0,34,6.0,5.0,13.0,31.0,14.0
obama,6,0.0,5.0,1.0,0.0,1.0,2.0,0.0,4.0,1.0,0.0,2.0,3.0,3.0,0.0,0.0,0.0,0.0,0.0,0.0,1.0,0.0,25.0,221,2.0,0.0,0.0,4.0,0.0,0.0,11.0,0.0,0.0,0.0,0.0,13.0,3.0,0.0,0.0,3.0,2.0,0.0,3,5.0,0.0,0.0,0.0,0.0,0.0,0.0,0.0,8.0,0.0,0.0,2.0,1.0,1.0,0.0,3.0,0.0,5.0,2.0,0.0,3.0,3.0,3.0,23.0,0.0,0.0,1.0,0.0,0.0,3.0,1.0,0.0,5.0,24,0.0,0.0,2.0,1.0,0.0,0.0,0.0,0.0,12.0,6.0,0.0,2.0,6.0,0.0,5.0,7.0,0.0,40,0.0,4.0,8.0,0.0,3.0
oil,38,6.0,12.0,2.0,13.0,2.0,10.0,14.0,2.0,3.0,15.0,4.0,4.0,1.0,4.0,15.0,5.0,5.0,8.0,4.0,22.0,0.0,41.0,529,4.0,1.0,3.0,5.0,1.0,1.0,1.0,2.0,5.0,0.0,0.0,61.0,29.0,1.0,0.0,4.0,2.0,6.0,23,12.0,21.0,12.0,13.0,4.0,5.0,4.0,3.0,2.0,3.0,87.0,8.0,6.0,11.0,18.0,12.0,5.0,0.0,5.0,2.0,7.0,8.0,2.0,3.0,182.0,1.0,3.0,4.0,6.0,2.0,4.0,34.0,62.0,40,7.0,2.0,2.0,1.0,1.0,5.0,4.0,1.0,2.0,15.0,23.0,1.0,5.0,0.0,1.0,0.0,9.0,60,1.0,10.0,12.0,2.0,4.0
outlook,14,1.0,47.0,9.0,7.0,3.0,2.0,10.0,2.0,1.0,7.0,6.0,2.0,5.0,4.0,9.0,9.0,2.0,0.0,5.0,4.0,0.0,99.0,177,2.0,3.0,11.0,11.0,15.0,0.0,1.0,0.0,13.0,5.0,0.0,26.0,1.0,2.0,2.0,0.0,0.0,9.0,31,3.0,0.0,12.0,0.0,3.0,0.0,5.0,5.0,3.0,1.0,4.0,9.0,4.0,2.0,1.0,6.0,2.0,5.0,0.0,2.0,3.0,0.0,5.0,1.0,4.0,4.0,11.0,2.0,1.0,6.0,6.0,0.0,3.0,6,1.0,0.0,4.0,0.0,2.0,0.0,1.0,3.0,2.0,1.0,5.0,2.0,1.0,0.0,1.0,5.0,11.0,42,3.0,17.0,6.0,6.0,0.0
pct,41,42.0,33.0,0.0,0.0,2.0,0.0,13.0,1.0,2.0,2.0,1.0,0.0,0.0,13.0,8.0,1.0,3.0,0.0,10.0,3.0,1.0,8.0,242,0.0,1.0,9.0,4.0,0.0,9.0,0.0,0.0,13.0,2.0,0.0,0.0,0.0,1.0,40.0,49.0,7.0,28.0,32,0.0,1.0,15.0,0.0,2.0,0.0,5.0,7.0,15.0,0.0,2.0,0.0,0.0,2.0,12.0,0.0,0.0,2.0,2.0,0.0,0.0,0.0,0.0,5.0,0.0,60.0,26.0,1.0,2.0,1.0,0.0,3.0,0.0,19,7.0,0.0,0.0,0.0,3.0,3.0,1.0,3.0,3.0,2.0,0.0,6.0,0.0,0.0,0.0,0.0,2.0,42,0.0,2.0,2.0,26.0,8.0
percent,30,58.0,37.0,1.0,3.0,3.0,0.0,12.0,5.0,2.0,7.0,1.0,0.0,0.0,7.0,33.0,17.0,2.0,1.0,2.0,4.0,0.0,24.0,333,1.0,8.0,10.0,21.0,1.0,32.0,0.0,0.0,32.0,5.0,1.0,8.0,1.0,3.0,61.0,60.0,22.0,78.0,62,0.0,0.0,2.0,0.0,8.0,4.0,8.0,5.0,7.0,0.0,2.0,0.0,0.0,2.0,7.0,0.0,3.0,7.0,3.0,0.0,0.0,2.0,3.0,8.0,0.0,101.0,53.0,0.0,4.0,3.0,0.0,10.0,0.0,20,10.0,0.0,0.0,0.0,1.0,10.0,12.0,3.0,2.0,3.0,0.0,1.0,2.0,7.0,0.0,0.0,10.0,88,0.0,2.0,8.0,21.0,2.0
plan,8,0.0,5.0,0.0,0.0,1.0,1.0,1.0,0.0,3.0,23.0,2.0,3.0,4.0,1.0,10.0,7.0,0.0,0.0,0.0,4.0,2.0,52.0,189,1.0,3.0,0.0,0.0,0.0,0.0,2.0,1.0,0.0,0.0,0.0,9.0,2.0,8.0,0.0,8.0,1.0,0.0,6,1.0,1.0,3.0,2.0,1.0,0.0,0.0,1.0,3.0,2.0,1.0,0.0,0.0,2.0,5.0,12.0,3.0,8.0,0.0,0.0,2.0,0.0,0.0,1.0,1.0,0.0,0.0,0.0,1.0,3.0,1.0,11.0,25.0,2,2.0,0.0,2.0,0.0,3.0,0.0,1.0,2.0,1.0,1.0,1.0,0.0,13.0,1.0,3.0,6.0,4.0,17,2.0,1.0,3.0,1.0,1.0
policy,15,0.0,6.0,2.0,3.0,1.0,1.0,13.0,0.0,1.0,10.0,4.0,2.0,1.0,5.0,28.0,12.0,6.0,0.0,1.0,1.0,1.0,37.0,188,2.0,1.0,10.0,16.0,15.0,2.0,0.0,0.0,0.0,0.0,0.0,4.0,4.0,3.0,0.0,5.0,0.0,1.0,11,5.0,1.0,4.0,1.0,4.0,3.0,13.0,0.0,3.0,0.0,0.0,0.0,1.0,2.0,1.0,18.0,3.0,2.0,5.0,0.0,3.0,0.0,0.0,1.0,0.0,0.0,5.0,4.0,0.0,0.0,1.0,2.0,3.0,19,1.0,0.0,11.0,11.0,1.0,0.0,7.0,1.0,0.0,1.0,0.0,1.0,4.0,0.0,2.0,2.0,2.0,22,0.0,1.0,2.0,0.0,1.0
president,10,6.0,4.0,0.0,5.0,1.0,0.0,3.0,8.0,2.0,9.0,4.0,2.0,1.0,2.0,7.0,10.0,14.0,0.0,0.0,2.0,0.0,18.0,195,0.0,2.0,2.0,2.0,0.0,1.0,2.0,7.0,0.0,0.0,0.0,5.0,1.0,0.0,0.0,9.0,2.0,0.0,7,1.0,3.0,0.0,2.0,1.0,5.0,0.0,0.0,2.0,1.0,1.0,0.0,0.0,3.0,3.0,20.0,23.0,3.0,1.0,5.0,8.0,1.0,1.0,0.0,0.0,0.0,0.0,0.0,1.0,3.0,1.0,3.0,0.0,31,4.0,0.0,0.0,0.0,0.0,0.0,1.0,0.0,4.0,4.0,0.0,1.0,0.0,2.0,2.0,10.0,0.0,13,2.0,1.0,2.0,6.0,1.0
prices,15,5.0,5.0,0.0,7.0,0.0,6.0,5.0,3.0,2.0,5.0,5.0,1.0,0.0,6.0,8.0,6.0,6.0,2.0,2.0,8.0,0.0,15.0,234,4.0,1.0,8.0,4.0,0.0,0.0,0.0,7.0,0.0,1.0,0.0,21.0,8.0,1.0,0.0,1.0,1.0,0.0,6,3.0,21.0,5.0,12.0,2.0,4.0,3.0,1.0,8.0,5.0,87.0,4.0,1.0,5.0,5.0,5.0,0.0,182.0,4.0,0.0,0.0,1.0,0.0,0.0,0.0,0.0,1.0,3.0,5.0,0.0,0.0,12.0,11.0,11,0.0,1.0,0.0,0.0,1.0,1.0,1.0,1.0,1.0,0.0,3.0,1.0,1.0,1.0,0.0,0.0,7.0,27,1.0,3.0,6.0,5.0,1.0
quarter,10,23.0,9.0,0.0,3.0,3.0,0.0,4.0,6.0,0.0,1.0,2.0,1.0,3.0,4.0,16.0,14.0,3.0,3.0,9.0,1.0,1.0,32.0,608,4.0,0.0,31.0,21.0,0.0,197.0,0.0,0.0,43.0,31.0,0.0,2.0,1.0,6.0,133.0,7.0,28.0,88.0,122,0.0,3.0,0.0,0.0,1.0,4.0,16.0,16.0,1.0,0.0,2.0,0.0,0.0,7.0,1.0,6.0,0.0,1.0,4.0,60.0,101.0,0.0,0.0,0.0,0.0,0.0,70.0,0.0,22.0,3.0,1.0,5.0,0.0,10,1.0,0.0,11.0,3.0,1.0,44.0,8.0,16.0,0.0,3.0,0.0,8.0,0.0,0.0,3.0,0.0,40.0,233,1.0,8.0,0.0,4.0,6.0
rate,19,10.0,15.0,20.0,14.0,0.0,0.0,32.0,5.0,2.0,15.0,2.0,0.0,3.0,10.0,6.0,11.0,2.0,3.0,6.0,3.0,1.0,41.0,431,10.0,2.0,14.0,87.0,44.0,17.0,1.0,1.0,6.0,12.0,0.0,29.0,5.0,1.0,57.0,4.0,4.0,26.0,57,16.0,1.0,1.0,8.0,6.0,5.0,11.0,4.0,54.0,0.0,8.0,1.0,4.0,22.0,12.0,14.0,1.0,3.0,11.0,26.0,53.0,0.0,5.0,0.0,1.0,70.0,0.0,4.0,3.0,11.0,3.0,2.0,0.0,41,13.0,0.0,9.0,8.0,4.0,6.0,1.0,2.0,3.0,8.0,4.0,15.0,3.0,0.0,2.0,0.0,17.0,171,0.0,6.0,2.0,11.0,18.0
rates,14,0.0,9.0,1.0,3.0,4.0,0.0,28.0,0.0,1.0,9.0,11.0,0.0,0.0,15.0,6.0,0.0,0.0,0.0,3.0,3.0,0.0,24.0,198,2.0,1.0,5.0,37.0,15.0,9.0,2.0,0.0,3.0,0.0,0.0,30.0,3.0,0.0,0.0,1.0,1.0,2.0,14,12.0,1.0,5.0,6.0,3.0,6.0,4.0,4.0,3.0,3.0,29.0,0.0,2.0,17.0,4.0,5.0,0.0,4.0,2.0,1.0,0.0,0.0,4.0,0.0,3.0,0.0,4.0,0.0,2.0,2.0,2.0,4.0,1.0,20,1.0,0.0,0.0,0.0,3.0,1.0,0.0,1.0,3.0,1.0,2.0,1.0,1.0,0.0,0.0,0.0,10.0,31,2.0,1.0,4.0,4.0,8.0
recession,19,2.0,12.0,3.0,1.0,15.0,1.0,5.0,0.0,1.0,2.0,17.0,1.0,7.0,2.0,5.0,3.0,2.0,3.0,7.0,3.0,0.0,17.0,257,0.0,1.0,4.0,3.0,2.0,8.0,1.0,0.0,9.0,0.0,0.0,29.0,1.0,0.0,0.0,2.0,3.0,3.0,17,3.0,3.0,4.0,3.0,2.0,0.0,57.0,23.0,5.0,0.0,4.0,4.0,1.0,9.0,7.0,3.0,0.0,6.0,1.0,2.0,4.0,1.0,0.0,1.0,5.0,22.0,3.0,2.0,0.0,4.0,1.0,16.0,2.0,27,7.0,0.0,0.0,3.0,1.0,3.0,12.0,4.0,2.0,4.0,3.0,0.0,5.0,0.0,0.0,9.0,10.0,62,5.0,2.0,12.0,5.0,7.0
report,41,10.0,24.0,4.0,2.0,4.0,3.0,5.0,4.0,4.0,17.0,8.0,0.0,5.0,2.0,9.0,12.0,2.0,1.0,4.0,7.0,6.0,38.0,408,3.0,4.0,2.0,22.0,1.0,3.0,1.0,15.0,11.0,3.0,4.0,8.0,3.0,5.0,5.0,13.0,16.0,0.0,22,1.0,1.0,1.0,8.0,11.0,4.0,6.0,2.0,101.0,5.0,4.0,10.0,3.0,12.0,3.0,23.0,3.0,2.0,6.0,1.0,3.0,3.0,0.0,3.0,0.0,3.0,11.0,2.0,4.0,0.0,2.0,0.0,0.0,52,3.0,5.0,28.0,2.0,9.0,1.0,5.0,3.0,12.0,10.0,4.0,16.0,6.0,4.0,3.0,4.0,8.0,65,5.0,14.0,3.0,8.0,7.0
risks,22,0.0,12.0,6.0,3.0,0.0,0.0,21.0,0.0,3.0,1.0,26.0,0.0,2.0,4.0,17.0,7.0,5.0,3.0,0.0,6.0,0.0,37.0,233,1.0,12.0,0.0,16.0,10.0,0.0,7.0,0.0,0.0,3.0,0.0,63.0,0.0,1.0,0.0,1.0,8.0,1.0,38,0.0,0.0,13.0,5.0,1.0,3.0,3.0,1.0,3.0,0.0,0.0,3.0,11.0,5.0,0.0,1.0,1.0,4.0,6.0,0.0,0.0,1.0,1.0,1.0,0.0,1.0,3.0,2.0,1.0,2.0,0.0,3.0,2.0,25,9.0,1.0,3.0,2.0,0.0,8.0,8.0,4.0,0.0,3.0,0.0,2.0,2.0,8.0,1.0,1.0,15.0,46,18.0,6.0,37.0,3.0,0.0
russian,56,12.0,30.0,3.0,2.0,0.0,0.0,20.0,0.0,3.0,3.0,7.0,6.0,2.0,17.0,1.0,0.0,4.0,10.0,1.0,4.0,0.0,37.0,233,3.0,1.0,1.0,0.0,0.0,1.0,1.0,1.0,9.0,0.0,0.0,12.0,1.0,10.0,0.0,6.0,2.0,0.0,21,1.0,7.0,3.0,9.0,1.0,1.0,0.0,0.0,0.0,1.0,5.0,2.0,1.0,9.0,51.0,8.0,0.0,34.0,0.0,3.0,10.0,11.0,2.0,3.0,12.0,5.0,2.0,4.0,16.0,0.0,3.0,0.0,2.0,25,16.0,0.0,2.0,4.0,0.0,1.0,0.0,0.0,2.0,1.0,3.0,1.0,0.0,0.0,4.0,0.0,2.0,3,10.0,0.0,7.0,12.0,3.0
saudi,12,0.0,5.0,1.0,4.0,0.0,1.0,0.0,0.0,1.0,1.0,0.0,2.0,1.0,0.0,0.0,0.0,0.0,1.0,5.0,3.0,1.0,49.0,170,1.0,0.0,0.0,0.0,0.0,0.0,0.0,0.0,0.0,0.0,0.0,5.0,0.0,1.0,0.0,0.0,2.0,2.0,11,0.0,2.0,3.0,0.0,0.0,0.0,0.0,0.0,0.0,0.0,8.0,2.0,0.0,6.0,8.0,9.0,5.0,62.0,3.0,0.0,0.0,25.0,3.0,0.0,11.0,0.0,0.0,1.0,2.0,0.0,2.0,2.0,0.0,12,2.0,0.0,3.0,2.0,8.0,1.0,0.0,1.0,0.0,2.0,1.0,1.0,0.0,7.0,0.0,0.0,0.0,12,2.0,1.0,1.0,7.0,8.0
says,16,28.0,63.0,10.0,4.0,13.0,10.0,91.0,11.0,8.0,35.0,101.0,13.0,12.0,62.0,86.0,97.0,28.0,20.0,11.0,16.0,5.0,108.0,1422,12.0,49.0,17.0,46.0,38.0,9.0,4.0,26.0,10.0,40.0,4.0,95.0,26.0,20.0,19.0,38.0,18.0,7.0,97,20.0,29.0,52.0,16.0,33.0,24.0,22.0,3.0,19.0,6.0,12.0,15.0,10.0,31.0,95.0,51.0,24.0,40.0,6.0,19.0,20.0,2.0,19.0,31.0,11.0,10.0,41.0,20.0,27.0,52.0,25.0,25.0,12.0,0,7.0,8.0,8.0,5.0,17.0,5.0,18.0,9.0,33.0,35.0,6.0,26.0,21.0,28.0,10.0,35.0,84.0,113,9.0,19.0,60.0,35.0,12.0
sees,13,8.0,26.0,5.0,5.0,1.0,4.0,29.0,1.0,6.0,0.0,12.0,3.0,4.0,11.0,15.0,6.0,6.0,3.0,1.0,7.0,1.0,26.0,210,1.0,2.0,0.0,5.0,16.0,4.0,0.0,1.0,10.0,4.0,0.0,24.0,3.0,5.0,0.0,4.0,14.0,1.0,63,0.0,0.0,24.0,4.0,16.0,1.0,4.0,0.0,1.0,0.0,2.0,2.0,5.0,0.0,8.0,10.0,0.0,7.0,1.0,7.0,10.0,2.0,1.0,4.0,0.0,1.0,13.0,1.0,7.0,3.0,9.0,16.0,2.0,7,0.0,0.0,0.0,9.0,5.0,2.0,3.0,1.0,6.0,2.0,0.0,4.0,1.0,2.0,0.0,0.0,9.0,27,1.0,2.0,15.0,4.0,7.0
sharing,21,4.0,7.0,1.0,2.0,4.0,0.0,1.0,0.0,7.0,5.0,1.0,1.0,8.0,0.0,7.0,5.0,1.0,0.0,5.0,0.0,6.0,3.0,420,11.0,12.0,1.0,0.0,0.0,5.0,2.0,0.0,1.0,0.0,4.0,9.0,5.0,6.0,0.0,2.0,2.0,4.0,7,4.0,2.0,0.0,2.0,1.0,1.0,1.0,0.0,2.0,3.0,0.0,5.0,0.0,2.0,2.0,29.0,0.0,2.0,0.0,0.0,0.0,0.0,0.0,0.0,1.0,0.0,0.0,0.0,0.0,5.0,1.0,0.0,0.0,8,0.0,0.0,0.0,0.0,0.0,0.0,0.0,0.0,4.0,1.0,0.0,2.0,13.0,3.0,0.0,0.0,6.0,5,1.0,0.0,5.0,4.0,0.0
shows,17,6.0,5.0,1.0,2.0,1.0,2.0,1.0,3.0,0.0,1.0,4.0,0.0,4.0,0.0,37.0,18.0,11.0,0.0,29.0,7.0,0.0,32.0,276,0.0,4.0,0.0,13.0,1.0,20.0,1.0,2.0,10.0,4.0,9.0,4.0,1.0,1.0,3.0,1.0,3.0,0.0,27,0.0,0.0,0.0,2.0,0.0,0.0,2.0,0.0,10.0,2.0,0.0,3.0,1.0,1.0,0.0,12.0,2.0,2.0,4.0,0.0,0.0,2.0,11.0,0.0,0.0,11.0,9.0,0.0,0.0,28.0,3.0,2.0,3.0,8,0.0,0.0,0.0,67.0,8.0,2.0,2.0,1.0,7.0,8.0,3.0,12.0,0.0,5.0,0.0,2.0,13.0,44,0.0,4.0,3.0,0.0,3.0
signs,19,0.0,1.0,1.0,11.0,1.0,0.0,1.0,0.0,0.0,1.0,0.0,1.0,1.0,1.0,40.0,33.0,6.0,6.0,4.0,7.0,1.0,16.0,215,1.0,0.0,0.0,1.0,0.0,3.0,2.0,0.0,3.0,2.0,0.0,17.0,3.0,0.0,1.0,1.0,1.0,0.0,21,1.0,1.0,1.0,0.0,0.0,1.0,1.0,1.0,2.0,0.0,1.0,6.0,3.0,1.0,1.0,4.0,1.0,1.0,0.0,0.0,0.0,0.0,11.0,0.0,0.0,3.0,8.0,0.0,3.0,2.0,2.0,4.0,2.0,5,9.0,0.0,67.0,0.0,10.0,5.0,4.0,1.0,0.0,2.0,13.0,3.0,0.0,0.0,2.0,0.0,6.0,47,1.0,5.0,0.0,11.0,7.0
slowing,7,4.0,6.0,1.0,11.0,0.0,1.0,3.0,1.0,0.0,0.0,7.0,3.0,5.0,2.0,43.0,43.0,16.0,3.0,9.0,23.0,0.0,11.0,222,1.0,0.0,0.0,1.0,4.0,1.0,1.0,1.0,2.0,0.0,0.0,13.0,0.0,0.0,1.0,2.0,3.0,0.0,19,2.0,4.0,1.0,1.0,0.0,1.0,1.0,1.0,12.0,1.0,2.0,17.0,2.0,3.0,0.0,5.0,0.0,1.0,2.0,3.0,1.0,3.0,1.0,0.0,1.0,1.0,4.0,3.0,1.0,9.0,0.0,0.0,8.0,17,5.0,0.0,8.0,10.0,0.0,1.0,2.0,0.0,2.0,4.0,3.0,1.0,3.0,4.0,1.0,1.0,13.0,24,1.0,2.0,4.0,1.0,3.0
slows,14,16.0,2.0,2.0,11.0,1.0,2.0,3.0,0.0,0.0,1.0,5.0,0.0,4.0,0.0,45.0,44.0,9.0,1.0,0.0,1.0,0.0,38.0,207,0.0,12.0,1.0,0.0,1.0,21.0,1.0,0.0,20.0,8.0,0.0,10.0,0.0,2.0,0.0,3.0,1.0,0.0,105,2.0,3.0,1.0,0.0,2.0,0.0,2.0,0.0,3.0,0.0,2.0,2.0,1.0,4.0,0.0,6.0,0.0,5.0,0.0,3.0,10.0,0.0,0.0,0.0,1.0,44.0,6.0,1.0,3.0,1.0,8.0,1.0,1.0,5,2.0,0.0,2.0,5.0,1.0,0.0,9.0,6.0,0.0,4.0,3.0,1.0,2.0,0.0,4.0,0.0,27.0,31,0.0,1.0,2.0,6.0,10.0
south,14,3.0,10.0,1.0,4.0,3.0,1.0,8.0,1.0,0.0,7.0,1.0,3.0,5.0,4.0,4.0,2.0,1.0,8.0,0.0,6.0,1.0,23.0,245,1.0,0.0,0.0,0.0,0.0,4.0,1.0,0.0,2.0,0.0,0.0,1.0,3.0,2.0,1.0,2.0,1.0,16.0,7,4.0,0.0,3.0,2.0,0.0,0.0,0.0,0.0,1.0,3.0,2.0,4.0,0.0,3.0,3.0,9.0,0.0,4.0,1.0,1.0,12.0,1.0,7.0,1.0,1.0,8.0,1.0,0.0,12.0,5.0,8.0,0.0,0.0,18,3.0,0.0,2.0,4.0,2.0,9.0,0.0,2.0,4.0,1.0,4.0,2.0,0.0,0.0,1.0,1.0,1.0,2,2.0,5.0,2.0,6.0,1.0
spending,9,4.0,4.0,1.0,0.0,6.0,0.0,3.0,0.0,6.0,18.0,2.0,4.0,9.0,0.0,13.0,1.0,1.0,2.0,2.0,2.0,0.0,20.0,159,1.0,1.0,6.0,7.0,1.0,0.0,0.0,0.0,12.0,8.0,0.0,0.0,4.0,17.0,5.0,2.0,0.0,7.0,39,11.0,0.0,0.0,2.0,0.0,1.0,7.0,5.0,2.0,3.0,0.0,3.0,0.0,7.0,2.0,3.0,0.0,1.0,3.0,3.0,3.0,2.0,1.0,0.0,1.0,16.0,2.0,1.0,4.0,3.0,4.0,0.0,1.0,9,1.0,0.0,1.0,1.0,0.0,6.0,2.0,0.0,2.0,1.0,1.0,1.0,1.0,3.0,0.0,0.0,8.0,31,5.0,4.0,1.0,2.0,3.0
state,18,7.0,26.0,0.0,1.0,1.0,1.0,0.0,3.0,5.0,8.0,0.0,7.0,5.0,1.0,8.0,9.0,9.0,2.0,1.0,2.0,0.0,13.0,330,1.0,1.0,2.0,2.0,1.0,2.0,4.0,0.0,6.0,1.0,1.0,7.0,1.0,1.0,1.0,3.0,2.0,0.0,15,1.0,0.0,0.0,4.0,1.0,0.0,0.0,0.0,4.0,2.0,1.0,18.0,3.0,4.0,7.0,7.0,12.0,2.0,2.0,3.0,2.0,1.0,0.0,4.0,1.0,0.0,3.0,3.0,2.0,12.0,0.0,2.0,0.0,33,6.0,4.0,7.0,0.0,2.0,0.0,4.0,2.0,0.0,4.0,0.0,19.0,4.0,2.0,2.0,0.0,0.0,16,0.0,0.0,4.0,2.0,4.0
still,24,3.0,0.0,2.0,1.0,1.0,1.0,8.0,13.0,4.0,1.0,2.0,0.0,6.0,6.0,25.0,16.0,7.0,2.0,8.0,23.0,1.0,38.0,309,4.0,6.0,8.0,15.0,6.0,1.0,0.0,1.0,6.0,2.0,3.0,37.0,1.0,2.0,2.0,7.0,9.0,4.0,20,1.0,2.0,8.0,0.0,4.0,2.0,4.0,3.0,11.0,1.0,6.0,6.0,1.0,8.0,1.0,5.0,6.0,15.0,1.0,2.0,3.0,1.0,1.0,4.0,0.0,3.0,8.0,1.0,4.0,10.0,3.0,1.0,2.0,35,2.0,1.0,8.0,2.0,4.0,4.0,1.0,1.0,4.0,0.0,2.0,17.0,1.0,9.0,1.0,1.0,6.0,57,1.0,12.0,10.0,8.0,2.0
stocks,12,0.0,2.0,5.0,33.0,1.0,2.0,2.0,1.0,1.0,2.0,6.0,0.0,0.0,0.0,49.0,13.0,14.0,1.0,21.0,5.0,0.0,30.0,251,6.0,0.0,0.0,13.0,4.0,1.0,8.0,1.0,1.0,0.0,0.0,68.0,6.0,0.0,0.0,0.0,3.0,1.0,9,2.0,7.0,1.0,2.0,2.0,0.0,3.0,0.0,7.0,1.0,2.0,4.0,5.0,4.0,0.0,10.0,0.0,23.0,5.0,0.0,0.0,1.0,0.0,0.0,3.0,0.0,4.0,2.0,3.0,4.0,0.0,3.0,1.0,6,0.0,0.0,3.0,13.0,3.0,3.0,4.0,1.0,0.0,2.0,0.0,3.0,0.0,0.0,4.0,1.0,2.0,81,1.0,7.0,29.0,0.0,0.0
strong,10,5.0,30.0,1.0,0.0,2.0,0.0,3.0,3.0,2.0,2.0,5.0,9.0,4.0,2.0,6.0,5.0,2.0,0.0,18.0,20.0,0.0,8.0,265,10.0,1.0,2.0,8.0,4.0,2.0,3.0,2.0,0.0,5.0,0.0,19.0,4.0,4.0,3.0,3.0,0.0,1.0,36,3.0,0.0,1.0,3.0,2.0,1.0,1.0,2.0,24.0,2.0,3.0,21.0,1.0,7.0,9.0,4.0,2.0,1.0,2.0,6.0,1.0,0.0,1.0,1.0,1.0,8.0,15.0,1.0,0.0,16.0,2.0,1.0,1.0,26,4.0,2.0,12.0,3.0,1.0,1.0,2.0,1.0,19.0,17.0,3.0,0.0,2.0,1.0,1.0,1.0,11.0,56,1.0,9.0,2.0,2.0,3.0
tax,8,0.0,3.0,2.0,0.0,0.0,2.0,7.0,1.0,0.0,15.0,8.0,7.0,2.0,0.0,4.0,3.0,2.0,0.0,1.0,3.0,5.0,13.0,206,1.0,0.0,0.0,0.0,0.0,3.0,2.0,1.0,0.0,0.0,8.0,5.0,5.0,3.0,0.0,5.0,1.0,3.0,4,6.0,1.0,3.0,0.0,6.0,0.0,8.0,14.0,1.0,3.0,1.0,0.0,0.0,5.0,10.0,11.0,6.0,5.0,1.0,0.0,2.0,13.0,4.0,0.0,1.0,0.0,3.0,1.0,5.0,6.0,2.0,0.0,0.0,21,1.0,13.0,0.0,0.0,3.0,2.0,0.0,1.0,4.0,1.0,0.0,2.0,0.0,2.0,0.0,2.0,9.0,11,4.0,8.0,7.0,2.0,0.0
top,12,12.0,13.0,1.0,0.0,3.0,1.0,0.0,1.0,0.0,0.0,8.0,6.0,4.0,1.0,18.0,9.0,1.0,2.0,1.0,3.0,5.0,26.0,221,0.0,1.0,2.0,4.0,0.0,2.0,1.0,2.0,0.0,0.0,2.0,14.0,0.0,4.0,0.0,4.0,2.0,0.0,19,5.0,1.0,3.0,1.0,2.0,3.0,0.0,2.0,14.0,1.0,0.0,5.0,0.0,2.0,0.0,5.0,0.0,0.0,0.0,0.0,7.0,1.0,0.0,2.0,1.0,0.0,0.0,0.0,0.0,4.0,8.0,0.0,7.0,28,2.0,3.0,5.0,0.0,4.0,0.0,0.0,3.0,2.0,9.0,0.0,1.0,2.0,0.0,0.0,5.0,5.0,18,1.0,0.0,11.0,9.0,0.0
trade,15,5.0,2.0,2.0,1.0,6.0,6.0,1.0,0.0,3.0,11.0,12.0,0.0,1.0,0.0,14.0,9.0,6.0,3.0,15.0,0.0,0.0,20.0,159,1.0,15.0,2.0,1.0,2.0,2.0,3.0,0.0,1.0,9.0,0.0,17.0,2.0,2.0,0.0,0.0,3.0,8.0,11,0.0,9.0,0.0,2.0,3.0,0.0,9.0,0.0,3.0,1.0,1.0,2.0,0.0,11.0,11.0,4.0,5.0,1.0,1.0,0.0,0.0,3.0,2.0,2.0,0.0,3.0,2.0,0.0,0.0,3.0,1.0,4.0,0.0,10,0.0,0.0,0.0,2.0,1.0,4.0,1.0,0.0,2.0,1.0,4.0,1.0,0.0,0.0,0.0,3.0,13.0,19,5.0,8.0,8.0,3.0,0.0
trump,10,0.0,2.0,0.0,1.0,1.0,8.0,1.0,5.0,3.0,6.0,10.0,1.0,0.0,0.0,4.0,3.0,0.0,2.0,1.0,0.0,0.0,27.0,218,1.0,0.0,0.0,1.0,5.0,0.0,3.0,0.0,0.0,2.0,1.0,10.0,2.0,0.0,0.0,2.0,1.0,0.0,1,2.0,0.0,0.0,1.0,0.0,0.0,0.0,0.0,7.0,0.0,1.0,0.0,3.0,2.0,6.0,4.0,7.0,0.0,5.0,0.0,0.0,6.0,2.0,10.0,0.0,0.0,0.0,0.0,9.0,4.0,1.0,0.0,0.0,35,0.0,0.0,2.0,0.0,1.0,0.0,1.0,0.0,0.0,1.0,1.0,1.0,2.0,5.0,3.0,0.0,0.0,45,5.0,0.0,7.0,1.0,0.0
uk,79,26.0,25.0,6.0,14.0,11.0,5.0,24.0,0.0,14.0,17.0,258.0,7.0,19.0,0.0,5.0,0.0,0.0,14.0,15.0,11.0,16.0,62.0,691,6.0,60.0,6.0,2.0,0.0,18.0,1.0,1.0,25.0,2.0,1.0,41.0,7.0,12.0,17.0,13.0,8.0,18.0,107,3.0,45.0,28.0,14.0,3.0,2.0,1.0,1.0,10.0,0.0,8.0,8.0,3.0,26.0,15.0,10.0,0.0,9.0,11.0,2.0,10.0,4.0,2.0,0.0,7.0,40.0,17.0,10.0,10.0,8.0,15.0,2.0,0.0,84,9.0,6.0,13.0,6.0,13.0,27.0,1.0,8.0,0.0,6.0,2.0,11.0,9.0,5.0,13.0,0.0,0.0,6,44.0,3.0,13.0,11.0,5.0
us,98,28.0,72.0,26.0,19.0,13.0,14.0,24.0,42.0,15.0,19.0,65.0,3.0,23.0,7.0,70.0,24.0,12.0,3.0,67.0,38.0,11.0,196.0,2229,35.0,7.0,37.0,180.0,95.0,71.0,10.0,36.0,47.0,1.0,7.0,145.0,40.0,9.0,100.0,18.0,65.0,26.0,213,15.0,28.0,11.0,27.0,14.0,10.0,5.0,5.0,190.0,4.0,27.0,62.0,39.0,80.0,6.0,34.0,40.0,60.0,42.0,42.0,88.0,17.0,22.0,13.0,27.0,233.0,171.0,31.0,62.0,65.0,46.0,3.0,12.0,113,27.0,5.0,44.0,47.0,24.0,31.0,2.0,31.0,16.0,57.0,81.0,56.0,11.0,18.0,19.0,45.0,6.0,0,20.0,38.0,35.0,58.0,20.0
warns,2,0.0,17.0,2.0,1.0,0.0,0.0,22.0,0.0,1.0,2.0,80.0,2.0,9.0,2.0,15.0,5.0,0.0,7.0,0.0,2.0,1.0,41.0,255,3.0,23.0,1.0,6.0,0.0,1.0,1.0,0.0,0.0,0.0,0.0,62.0,0.0,2.0,0.0,0.0,8.0,1.0,12,0.0,9.0,28.0,6.0,0.0,1.0,10.0,1.0,0.0,1.0,2.0,11.0,1.0,6.0,18.0,6.0,0.0,1.0,3.0,0.0,0.0,2.0,0.0,2.0,1.0,1.0,0.0,2.0,5.0,5.0,18.0,10.0,2.0,9,1.0,1.0,0.0,1.0,1.0,0.0,2.0,5.0,0.0,1.0,1.0,1.0,4.0,1.0,5.0,5.0,44.0,20,0.0,5.0,26.0,3.0,1.0
weak,10,1.0,10.0,2.0,5.0,3.0,2.0,6.0,4.0,0.0,0.0,0.0,1.0,4.0,1.0,8.0,6.0,6.0,0.0,13.0,22.0,0.0,21.0,287,4.0,0.0,14.0,6.0,0.0,6.0,4.0,1.0,13.0,2.0,0.0,37.0,0.0,7.0,0.0,1.0,2.0,6.0,28,8.0,5.0,3.0,2.0,1.0,1.0,11.0,11.0,12.0,2.0,6.0,6.0,3.0,8.0,0.0,5.0,4.0,10.0,17.0,2.0,2.0,1.0,1.0,1.0,3.0,8.0,6.0,1.0,2.0,14.0,6.0,0.0,1.0,19,2.0,0.0,4.0,5.0,2.0,1.0,5.0,4.0,0.0,12.0,7.0,9.0,8.0,0.0,8.0,0.0,3.0,38,5.0,0.0,10.0,4.0,1.0
world,34,11.0,39.0,3.0,16.0,11.0,6.0,144.0,3.0,5.0,5.0,48.0,1.0,5.0,6.0,37.0,19.0,18.0,18.0,0.0,4.0,3.0,58.0,585,7.0,4.0,1.0,4.0,1.0,0.0,14.0,4.0,2.0,4.0,0.0,65.0,4.0,1.0,0.0,14.0,19.0,5.0,69,5.0,5.0,35.0,12.0,31.0,6.0,2.0,6.0,2.0,0.0,6.0,4.0,18.0,12.0,2.0,13.0,8.0,12.0,6.0,2.0,8.0,3.0,2.0,2.0,6.0,0.0,2.0,4.0,12.0,3.0,37.0,7.0,1.0,60,15.0,5.0,3.0,0.0,4.0,2.0,2.0,1.0,4.0,10.0,29.0,2.0,7.0,11.0,8.0,7.0,13.0,35,26.0,10.0,0.0,7.0,7.0
year,45,17.0,21.0,14.0,10.0,4.0,3.0,11.0,8.0,4.0,4.0,2.0,2.0,3.0,5.0,16.0,31.0,8.0,5.0,0.0,4.0,1.0,39.0,461,4.0,2.0,6.0,2.0,4.0,9.0,2.0,3.0,10.0,7.0,1.0,33.0,5.0,2.0,21.0,59.0,8.0,10.0,41,1.0,2.0,12.0,0.0,5.0,5.0,4.0,0.0,6.0,7.0,6.0,6.0,2.0,8.0,12.0,31.0,0.0,2.0,6.0,26.0,21.0,1.0,0.0,6.0,5.0,4.0,11.0,4.0,5.0,8.0,3.0,12.0,7.0,35,4.0,4.0,0.0,11.0,1.0,6.0,6.0,2.0,2.0,8.0,0.0,2.0,2.0,9.0,3.0,1.0,11.0,58,3.0,4.0,7.0,0.0,0.0
years,19,23.0,6.0,0.0,2.0,4.0,0.0,12.0,0.0,0.0,6.0,3.0,2.0,7.0,4.0,17.0,14.0,3.0,7.0,1.0,3.0,1.0,32.0,223,2.0,3.0,4.0,7.0,0.0,16.0,2.0,3.0,10.0,8.0,2.0,18.0,1.0,0.0,10.0,10.0,9.0,34.0,52,1.0,2.0,1.0,1.0,8.0,10.0,1.0,1.0,8.0,0.0,4.0,1.0,0.0,6.0,2.0,14.0,3.0,4.0,0.0,8.0,2.0,1.0,1.0,1.0,1.0,6.0,18.0,8.0,7.0,7.0,0.0,3.0,8.0,12,7.0,0.0,3.0,7.0,3.0,10.0,1.0,3.0,4.0,2.0,0.0,3.0,0.0,0.0,0.0,0.0,5.0,20,1.0,1.0,7.0,0.0,0.0
