words,"",2016,action,address,administration,america,americans,attack,attacks,back,barack,bill,brexit,budget,calls,campaign,change,climate,clinton,congress,control,court,cruz,cuba,deal,donald,executive,fight,final,first,gop,gun,guns,help,hillary,hiroshima,historic,house,immigration,iran,isis,islamic,last,law,leaders,legacy,make,makes,meet,meeting,michelle,national,new,next,nominee,nuclear,obama,obamas,one,orlando,paris,pick,plan,plans,policy,president,republican,republicans,sanders,says,security,senate,shooting,show,signs,speech,state,summit,supreme,syria,take,tax,tells,terror,trade,trip,trudeau,trump,trumps,union,urges,us,visit,wants,war,watch,white,wont,world,year
"",0.0,19.0,4.0,3.0,6.0,3.0,5.0,7.0,5.0,6.0,26.0,4.0,5.0,0.0,3.0,8.0,4.0,6.0,20.0,4.0,9.0,5.0,3.0,9.0,8.0,6.0,2.0,2.0,4.0,8.0,8.0,14.0,4.0,2.0,12.0,5.0,6.0,31.0,1.0,6.0,10.0,2.0,3.0,2.0,7.0,4.0,4.0,2.0,11.0,3.0,9.0,1.0,11.0,5.0,1.0,5.0,399,91,10.0,3.0,4.0,1.0,5.0,3.0,5.0,45,5.0,5.0,9.0,20,6.0,3.0,3.0,4.0,0.0,3.0,6.0,8.0,4.0,16.0,5.0,5.0,5.0,4.0,7.0,0.0,3.0,27.0,2.0,2.0,0.0,33.0,22.0,5.0,3.0,9.0,29.0,6.0,8.0,3.0
2016,19.0,0.0,0.0,14.0,2.0,1.0,1.0,0.0,1.0,0.0,13.0,0.0,0.0,0.0,4.0,21.0,2.0,5.0,7.0,2.0,15.0,1.0,1.0,7.0,3.0,5.0,1.0,8.0,3.0,9.0,5.0,20.0,2.0,1.0,4.0,1.0,2.0,7.0,1.0,4.0,3.0,0.0,1.0,6.0,1.0,15.0,2.0,1.0,1.0,2.0,8.0,4.0,2.0,0.0,2.0,0.0,225,79,1.0,0.0,0.0,0.0,4.0,7.0,2.0,38,2.0,4.0,7.0,12,1.0,2.0,0.0,1.0,0.0,4.0,22.0,4.0,0.0,1.0,3.0,2.0,0.0,1.0,2.0,4.0,0.0,13.0,0.0,19.0,3.0,5.0,10.0,1.0,4.0,7.0,5.0,3.0,2.0,0.0
action,4.0,0.0,0.0,0.0,3.0,0.0,2.0,1.0,0.0,2.0,3.0,1.0,0.0,1.0,9.0,0.0,11.0,18.0,3.0,7.0,15.0,11.0,1.0,0.0,4.0,0.0,59.0,0.0,2.0,0.0,4.0,45.0,21.0,0.0,3.0,0.0,0.0,2.0,17.0,2.0,2.0,0.0,0.0,0.0,12.0,0.0,0.0,1.0,0.0,1.0,2.0,1.0,5.0,2.0,0.0,10.0,145,56,0.0,2.0,2.0,0.0,6.0,10.0,1.0,11,0.0,1.0,1.0,15,13.0,2.0,5.0,2.0,0.0,1.0,1.0,0.0,11.0,1.0,16.0,3.0,0.0,10.0,4.0,0.0,0.0,3.0,0.0,0.0,16.0,7.0,0.0,2.0,1.0,0.0,1.0,0.0,8.0,1.0
address,3.0,14.0,0.0,0.0,1.0,0.0,3.0,12.0,0.0,0.0,11.0,2.0,0.0,4.0,4.0,1.0,1.0,1.0,0.0,6.0,2.0,0.0,0.0,2.0,0.0,1.0,1.0,1.0,25.0,4.0,3.0,6.0,1.0,0.0,0.0,0.0,2.0,1.0,0.0,0.0,6.0,9.0,13.0,4.0,0.0,0.0,9.0,2.0,6.0,0.0,6.0,1.0,8.0,8.0,0.0,0.0,224,63,0.0,2.0,0.0,0.0,0.0,0.0,0.0,44,1.0,1.0,0.0,1,3.0,0.0,4.0,0.0,0.0,2.0,72.0,2.0,0.0,0.0,0.0,2.0,0.0,9.0,0.0,0.0,0.0,7.0,0.0,64.0,4.0,17.0,7.0,0.0,3.0,6.0,1.0,1.0,1.0,1.0
administration,6.0,2.0,3.0,1.0,0.0,1.0,4.0,1.0,2.0,7.0,4.0,5.0,1.0,2.0,5.0,5.0,2.0,4.0,5.0,9.0,5.0,27.0,3.0,20.0,7.0,0.0,2.0,10.0,3.0,2.0,3.0,3.0,1.0,8.0,1.0,0.0,4.0,5.0,19.0,32.0,5.0,2.0,3.0,25.0,1.0,1.0,5.0,2.0,1.0,3.0,0.0,2.0,73.0,6.0,0.0,3.0,774,11,4.0,3.0,2.0,1.0,23.0,24.0,7.0,13,1.0,4.0,1.0,10,2.0,2.0,1.0,2.0,1.0,1.0,2.0,0.0,9.0,9.0,4.0,19.0,6.0,1.0,1.0,1.0,0.0,4.0,1.0,0.0,5.0,19.0,1.0,5.0,3.0,1.0,3.0,0.0,0.0,1.0
america,3.0,1.0,0.0,0.0,1.0,0.0,1.0,1.0,0.0,7.0,11.0,0.0,1.0,0.0,1.0,0.0,0.0,0.0,1.0,0.0,1.0,0.0,0.0,4.0,0.0,2.0,0.0,1.0,0.0,1.0,2.0,7.0,8.0,1.0,1.0,0.0,3.0,0.0,0.0,1.0,3.0,6.0,1.0,1.0,2.0,2.0,3.0,4.0,1.0,1.0,4.0,1.0,8.0,1.0,0.0,0.0,161,47,2.0,0.0,0.0,0.0,2.0,1.0,1.0,21,0.0,1.0,0.0,9,0.0,0.0,0.0,0.0,0.0,3.0,12.0,1.0,0.0,0.0,0.0,0.0,11.0,2.0,1.0,6.0,0.0,14.0,2.0,4.0,1.0,14.0,4.0,4.0,4.0,1.0,0.0,2.0,0.0,1.0
americans,5.0,1.0,2.0,3.0,4.0,1.0,0.0,7.0,1.0,5.0,3.0,0.0,0.0,0.0,12.0,1.0,4.0,3.0,0.0,0.0,2.0,4.0,0.0,1.0,0.0,1.0,0.0,9.0,1.0,1.0,1.0,7.0,4.0,6.0,0.0,1.0,0.0,2.0,4.0,3.0,15.0,1.0,1.0,0.0,0.0,0.0,3.0,0.0,1.0,0.0,0.0,0.0,4.0,0.0,0.0,2.0,165,39,0.0,3.0,0.0,2.0,5.0,0.0,1.0,11,0.0,1.0,0.0,4,1.0,1.0,3.0,0.0,0.0,3.0,5.0,0.0,4.0,0.0,1.0,2.0,9.0,6.0,0.0,1.0,0.0,7.0,0.0,2.0,21.0,2.0,2.0,2.0,2.0,1.0,2.0,2.0,0.0,0.0
attack,7.0,0.0,1.0,12.0,1.0,1.0,7.0,0.0,1.0,0.0,10.0,3.0,1.0,0.0,17.0,1.0,7.0,0.0,6.0,0.0,3.0,0.0,4.0,2.0,0.0,7.0,0.0,0.0,0.0,0.0,2.0,6.0,0.0,0.0,5.0,1.0,0.0,1.0,0.0,0.0,10.0,2.0,0.0,0.0,0.0,1.0,5.0,2.0,0.0,0.0,0.0,0.0,4.0,0.0,0.0,11.0,184,18,1.0,29.0,21.0,0.0,2.0,2.0,1.0,13,1.0,2.0,0.0,23,2.0,0.0,5.0,0.0,1.0,2.0,2.0,0.0,0.0,0.0,2.0,0.0,2.0,28.0,0.0,0.0,0.0,12.0,4.0,0.0,0.0,23.0,5.0,2.0,1.0,2.0,1.0,0.0,10.0,1.0
attacks,5.0,1.0,0.0,0.0,2.0,0.0,1.0,1.0,0.0,2.0,7.0,1.0,1.0,0.0,7.0,3.0,1.0,6.0,13.0,0.0,0.0,1.0,1.0,5.0,1.0,2.0,0.0,2.0,0.0,1.0,2.0,0.0,0.0,4.0,2.0,1.0,0.0,2.0,0.0,0.0,26.0,12.0,0.0,0.0,0.0,0.0,0.0,3.0,4.0,2.0,1.0,2.0,5.0,0.0,0.0,1.0,179,20,0.0,4.0,58.0,0.0,0.0,1.0,6.0,12,1.0,4.0,1.0,13,2.0,0.0,0.0,1.0,0.0,2.0,12.0,1.0,1.0,3.0,0.0,1.0,2.0,22.0,0.0,2.0,0.0,17.0,6.0,0.0,0.0,19.0,1.0,2.0,1.0,1.0,0.0,3.0,3.0,0.0
back,6.0,0.0,2.0,0.0,7.0,7.0,5.0,0.0,2.0,0.0,15.0,1.0,4.0,0.0,0.0,6.0,0.0,4.0,12.0,3.0,1.0,8.0,5.0,2.0,5.0,5.0,2.0,1.0,1.0,0.0,7.0,3.0,1.0,0.0,1.0,2.0,3.0,8.0,4.0,2.0,1.0,2.0,1.0,0.0,2.0,0.0,1.0,1.0,1.0,0.0,7.0,0.0,2.0,0.0,4.0,1.0,197,46,1.0,1.0,1.0,0.0,3.0,1.0,1.0,11,2.0,3.0,6.0,19,0.0,16.0,1.0,0.0,0.0,1.0,5.0,0.0,8.0,10.0,1.0,1.0,10.0,0.0,12.0,5.0,1.0,16.0,0.0,2.0,2.0,8.0,5.0,2.0,2.0,0.0,7.0,8.0,5.0,0.0
barack,26.0,13.0,3.0,11.0,4.0,11.0,3.0,10.0,7.0,15.0,0.0,8.0,16.0,2.0,11.0,11.0,9.0,14.0,47.0,3.0,9.0,2.0,6.0,13.0,4.0,64.0,3.0,11.0,8.0,21.0,6.0,22.0,3.0,6.0,48.0,12.0,6.0,36.0,0.0,2.0,22.0,4.0,11.0,2.0,12.0,12.0,12.0,7.0,21.0,8.0,58.0,5.0,22.0,10.0,0.0,6.0,1036,172,10.0,6.0,6.0,0.0,10.0,9.0,8.0,172,7.0,4.0,16.0,59,6.0,3.0,5.0,9.0,0.0,9.0,17.0,4.0,1.0,14.0,3.0,4.0,7.0,10.0,5.0,8.0,10.0,72.0,4.0,8.0,4.0,89.0,35.0,5.0,3.0,32.0,38.0,2.0,21.0,7.0
bill,4.0,0.0,1.0,2.0,5.0,0.0,0.0,3.0,1.0,1.0,8.0,0.0,0.0,1.0,1.0,1.0,0.0,2.0,37.0,20.0,1.0,0.0,0.0,0.0,2.0,3.0,5.0,2.0,0.0,2.0,7.0,3.0,1.0,2.0,10.0,0.0,0.0,42.0,1.0,6.0,2.0,0.0,2.0,36.0,1.0,5.0,3.0,1.0,0.0,0.0,1.0,1.0,4.0,2.0,0.0,0.0,293,35,1.0,0.0,0.0,0.0,1.0,4.0,3.0,23,4.0,2.0,5.0,11,4.0,23.0,0.0,2.0,92.0,2.0,2.0,0.0,0.0,0.0,1.0,4.0,0.0,1.0,20.0,0.0,0.0,6.0,1.0,0.0,7.0,10.0,2.0,2.0,1.0,1.0,17.0,2.0,2.0,0.0
brexit,5.0,0.0,0.0,0.0,1.0,1.0,0.0,1.0,1.0,4.0,16.0,0.0,0.0,0.0,0.0,3.0,1.0,0.0,3.0,0.0,0.0,0.0,2.0,0.0,7.0,4.0,0.0,0.0,0.0,1.0,2.0,0.0,0.0,1.0,3.0,0.0,0.0,1.0,0.0,0.0,0.0,0.0,1.0,0.0,1.0,3.0,3.0,7.0,0.0,2.0,0.0,0.0,1.0,0.0,0.0,0.0,189,31,0.0,0.0,0.0,0.0,1.0,0.0,1.0,9,0.0,0.0,0.0,19,0.0,0.0,0.0,0.0,0.0,0.0,0.0,3.0,0.0,1.0,4.0,0.0,4.0,0.0,17.0,6.0,2.0,18.0,0.0,0.0,5.0,13.0,11.0,1.0,0.0,0.0,2.0,3.0,1.0,0.0
budget,3.0,4.0,9.0,4.0,5.0,1.0,12.0,17.0,7.0,0.0,11.0,1.0,0.0,5.0,0.0,9.0,12.0,17.0,9.0,6.0,15.0,8.0,9.0,10.0,6.0,7.0,2.0,12.0,3.0,5.0,10.0,39.0,2.0,3.0,2.0,9.0,3.0,5.0,2.0,3.0,14.0,10.0,2.0,6.0,9.0,1.0,1.0,0.0,3.0,1.0,5.0,3.0,13.0,1.0,3.0,6.0,487,24,1.0,12.0,16.0,1.0,3.0,0.0,1.0,60,9.0,4.0,4.0,7,5.0,4.0,27.0,3.0,0.0,2.0,12.0,5.0,8.0,9.0,1.0,12.0,0.0,16.0,2.0,1.0,0.0,18.0,10.0,4.0,3.0,16.0,8.0,0.0,3.0,1.0,5.0,2.0,12.0,1.0
calls,8.0,21.0,0.0,1.0,5.0,0.0,1.0,1.0,3.0,6.0,11.0,1.0,3.0,0.0,9.0,0.0,0.0,0.0,78.0,1.0,5.0,5.0,8.0,0.0,0.0,12.0,1.0,0.0,7.0,14.0,12.0,14.0,2.0,5.0,17.0,0.0,0.0,2.0,0.0,1.0,3.0,10.0,3.0,2.0,6.0,3.0,5.0,3.0,9.0,0.0,8.0,0.0,10.0,7.0,2.0,0.0,274,47,4.0,1.0,0.0,2.0,0.0,12.0,1.0,6,5.0,4.0,15.0,19,2.0,1.0,1.0,3.0,1.0,1.0,13.0,0.0,4.0,8.0,1.0,0.0,0.0,0.0,2.0,0.0,0.0,33.0,9.0,2.0,2.0,15.0,7.0,1.0,0.0,0.0,2.0,4.0,3.0,1.0
campaign,4.0,2.0,11.0,1.0,2.0,0.0,4.0,7.0,1.0,0.0,9.0,0.0,1.0,0.0,12.0,0.0,0.0,178.0,1.0,2.0,1.0,7.0,1.0,15.0,21.0,1.0,1.0,12.0,3.0,1.0,4.0,2.0,1.0,1.0,0.0,1.0,0.0,7.0,0.0,1.0,3.0,1.0,2.0,0.0,2.0,3.0,3.0,1.0,6.0,0.0,0.0,4.0,1.0,1.0,0.0,7.0,237,41,3.0,2.0,12.0,0.0,2.0,2.0,1.0,13,2.0,0.0,0.0,30,5.0,1.0,0.0,2.0,0.0,2.0,2.0,7.0,6.0,2.0,4.0,0.0,5.0,2.0,2.0,1.0,13.0,6.0,0.0,2.0,12.0,17.0,17.0,5.0,3.0,0.0,6.0,4.0,18.0,3.0
change,6.0,5.0,18.0,1.0,4.0,0.0,3.0,0.0,6.0,4.0,14.0,2.0,0.0,1.0,17.0,0.0,178.0,0.0,1.0,10.0,0.0,20.0,1.0,0.0,71.0,2.0,0.0,21.0,4.0,1.0,24.0,0.0,0.0,3.0,0.0,0.0,4.0,11.0,0.0,1.0,3.0,0.0,4.0,0.0,11.0,23.0,4.0,0.0,24.0,1.0,0.0,4.0,6.0,3.0,1.0,1.0,394,124,5.0,0.0,106.0,0.0,13.0,8.0,2.0,25,6.0,8.0,0.0,32,9.0,1.0,0.0,1.0,0.0,6.0,5.0,37.0,15.0,3.0,4.0,1.0,1.0,6.0,7.0,1.0,26.0,12.0,2.0,3.0,11.0,19.0,4.0,3.0,1.0,1.0,7.0,7.0,18.0,2.0
climate,20.0,7.0,3.0,0.0,5.0,1.0,0.0,6.0,13.0,12.0,47.0,37.0,3.0,0.0,9.0,78.0,1.0,1.0,0.0,3.0,3.0,16.0,4.0,0.0,3.0,26.0,2.0,8.0,5.0,16.0,18.0,12.0,3.0,12.0,279.0,0.0,0.0,12.0,3.0,2.0,20.0,2.0,1.0,0.0,3.0,24.0,6.0,2.0,3.0,4.0,7.0,4.0,7.0,7.0,4.0,1.0,701,124,3.0,3.0,0.0,2.0,6.0,6.0,10.0,67,2.0,4.0,93.0,33,7.0,1.0,3.0,1.0,0.0,2.0,6.0,0.0,15.0,2.0,7.0,1.0,3.0,6.0,6.0,0.0,0.0,103.0,5.0,1.0,3.0,10.0,2.0,6.0,2.0,8.0,13.0,9.0,2.0,2.0
clinton,4.0,2.0,7.0,6.0,9.0,0.0,0.0,0.0,0.0,3.0,3.0,20.0,0.0,19.0,6.0,1.0,2.0,10.0,3.0,0.0,24.0,2.0,1.0,3.0,14.0,0.0,4.0,9.0,4.0,3.0,6.0,29.0,6.0,5.0,3.0,0.0,0.0,4.0,1.0,10.0,6.0,2.0,6.0,2.0,2.0,0.0,0.0,1.0,5.0,1.0,1.0,0.0,7.0,4.0,1.0,0.0,265,78,0.0,1.0,1.0,1.0,26.0,8.0,3.0,23,2.0,6.0,1.0,12,0.0,1.0,0.0,1.0,2.0,0.0,6.0,0.0,0.0,0.0,5.0,10.0,3.0,1.0,5.0,0.0,0.0,1.0,0.0,6.0,12.0,13.0,1.0,5.0,1.0,2.0,1.0,0.0,0.0,3.0
congress,9.0,15.0,15.0,2.0,5.0,1.0,2.0,3.0,0.0,1.0,9.0,1.0,0.0,1.0,15.0,5.0,1.0,0.0,3.0,24.0,0.0,1.0,1.0,0.0,0.0,1.0,32.0,11.0,2.0,5.0,6.0,329.0,2.0,0.0,4.0,0.0,0.0,7.0,0.0,0.0,1.0,1.0,1.0,0.0,0.0,2.0,4.0,1.0,0.0,6.0,0.0,0.0,21.0,4.0,0.0,0.0,239,106,0.0,9.0,1.0,0.0,15.0,9.0,0.0,16,1.0,6.0,3.0,10,0.0,3.0,15.0,2.0,0.0,5.0,1.0,0.0,1.0,0.0,6.0,0.0,1.0,1.0,0.0,0.0,0.0,5.0,0.0,0.0,1.0,8.0,0.0,3.0,0.0,4.0,7.0,6.0,0.0,4.0
control,5.0,1.0,11.0,0.0,27.0,0.0,4.0,0.0,1.0,8.0,2.0,0.0,0.0,0.0,8.0,5.0,7.0,20.0,16.0,2.0,1.0,0.0,2.0,0.0,0.0,0.0,8.0,42.0,3.0,3.0,81.0,3.0,0.0,1.0,5.0,0.0,0.0,15.0,126.0,0.0,1.0,0.0,3.0,12.0,19.0,10.0,11.0,11.0,15.0,1.0,1.0,0.0,11.0,11.0,156.0,1.0,706,202,2.0,0.0,0.0,106.0,71.0,5.0,2.0,32,17.0,28.0,0.0,45,0.0,47.0,0.0,0.0,1.0,4.0,0.0,0.0,698.0,0.0,10.0,1.0,1.0,0.0,1.0,0.0,0.0,14.0,0.0,0.0,15.0,39.0,3.0,3.0,5.0,3.0,22.0,13.0,0.0,3.0
court,3.0,1.0,1.0,0.0,3.0,0.0,0.0,4.0,1.0,5.0,6.0,0.0,2.0,0.0,9.0,8.0,1.0,1.0,4.0,1.0,1.0,2.0,0.0,2.0,1.0,14.0,1.0,2.0,1.0,5.0,5.0,4.0,5.0,0.0,4.0,0.0,0.0,0.0,6.0,3.0,6.0,2.0,0.0,0.0,0.0,1.0,0.0,2.0,0.0,0.0,2.0,1.0,7.0,0.0,0.0,0.0,182,32,1.0,0.0,0.0,1.0,5.0,1.0,9.0,13,7.0,0.0,0.0,15,2.0,2.0,0.0,0.0,0.0,2.0,4.0,0.0,3.0,1.0,1.0,0.0,1.0,4.0,1.0,2.0,1.0,46.0,1.0,3.0,0.0,12.0,1.0,2.0,2.0,2.0,4.0,3.0,0.0,0.0
cruz,9.0,7.0,0.0,2.0,20.0,4.0,1.0,2.0,5.0,2.0,13.0,0.0,0.0,0.0,10.0,0.0,15.0,0.0,0.0,3.0,0.0,0.0,2.0,0.0,4.0,1.0,0.0,0.0,0.0,6.0,3.0,0.0,0.0,3.0,1.0,0.0,86.0,11.0,0.0,5.0,0.0,0.0,20.0,0.0,0.0,2.0,14.0,3.0,14.0,4.0,0.0,0.0,17.0,17.0,0.0,0.0,367,103,1.0,0.0,0.0,0.0,2.0,10.0,9.0,49,1.0,0.0,0.0,23,0.0,0.0,0.0,2.0,2.0,4.0,1.0,1.0,0.0,0.0,4.0,0.0,2.0,0.0,5.0,113.0,0.0,2.0,0.0,0.0,0.0,40.0,139.0,8.0,4.0,1.0,9.0,1.0,0.0,3.0
cuba,8.0,3.0,4.0,0.0,7.0,0.0,0.0,0.0,1.0,5.0,4.0,2.0,7.0,17.0,6.0,0.0,21.0,71.0,3.0,14.0,0.0,0.0,1.0,4.0,0.0,1.0,0.0,2.0,1.0,1.0,2.0,0.0,1.0,8.0,2.0,0.0,3.0,12.0,0.0,84.0,0.0,0.0,2.0,0.0,1.0,5.0,3.0,1.0,0.0,1.0,1.0,1.0,5.0,2.0,0.0,34.0,275,55,1.0,0.0,23.0,0.0,0.0,0.0,0.0,16,1.0,3.0,3.0,40,2.0,8.0,0.0,1.0,0.0,1.0,1.0,2.0,0.0,3.0,9.0,9.0,2.0,1.0,90.0,0.0,1.0,8.0,0.0,0.0,4.0,18.0,6.0,2.0,0.0,1.0,4.0,3.0,5.0,1.0
deal,6.0,5.0,0.0,1.0,0.0,2.0,1.0,7.0,2.0,5.0,64.0,3.0,4.0,0.0,7.0,12.0,1.0,2.0,26.0,0.0,1.0,0.0,14.0,1.0,1.0,0.0,2.0,1.0,4.0,0.0,19.0,2.0,1.0,1.0,27.0,1.0,0.0,4.0,0.0,0.0,9.0,2.0,4.0,0.0,7.0,0.0,0.0,2.0,0.0,0.0,6.0,0.0,3.0,2.0,1.0,3.0,307,47,5.0,7.0,0.0,0.0,4.0,6.0,1.0,67,3.0,7.0,7.0,44,0.0,0.0,4.0,5.0,0.0,7.0,6.0,0.0,0.0,0.0,2.0,0.0,1.0,1.0,1.0,1.0,1.0,333.0,56.0,5.0,1.0,10.0,1.0,0.0,0.0,2.0,6.0,10.0,8.0,1.0
donald,2.0,1.0,59.0,1.0,2.0,0.0,0.0,0.0,0.0,2.0,3.0,5.0,0.0,0.0,2.0,1.0,1.0,0.0,2.0,4.0,32.0,8.0,1.0,0.0,0.0,2.0,0.0,0.0,2.0,1.0,6.0,68.0,26.0,1.0,3.0,0.0,0.0,2.0,6.0,2.0,0.0,0.0,0.0,0.0,1.0,2.0,2.0,1.0,0.0,0.0,0.0,0.0,15.0,1.0,0.0,2.0,104,102,1.0,0.0,0.0,0.0,1.0,5.0,1.0,13,1.0,1.0,1.0,2,0.0,3.0,0.0,2.0,7.0,1.0,0.0,0.0,8.0,0.0,4.0,2.0,0.0,0.0,0.0,0.0,0.0,13.0,0.0,0.0,0.0,2.0,0.0,0.0,0.0,0.0,1.0,1.0,0.0,2.0
executive,2.0,8.0,0.0,1.0,10.0,1.0,9.0,0.0,2.0,1.0,11.0,2.0,0.0,1.0,12.0,0.0,12.0,21.0,8.0,9.0,11.0,42.0,2.0,0.0,2.0,1.0,0.0,0.0,4.0,1.0,17.0,14.0,0.0,9.0,3.0,0.0,0.0,6.0,6.0,1.0,55.0,32.0,1.0,2.0,15.0,9.0,3.0,1.0,11.0,0.0,4.0,2.0,20.0,4.0,7.0,0.0,321,44,0.0,0.0,1.0,1.0,5.0,5.0,1.0,16,1.0,6.0,8.0,14,2.0,2.0,0.0,0.0,0.0,2.0,31.0,2.0,18.0,8.0,10.0,5.0,1.0,13.0,1.0,0.0,4.0,4.0,0.0,0.0,8.0,27.0,2.0,21.0,7.0,0.0,3.0,3.0,4.0,4.0
fight,4.0,3.0,2.0,25.0,3.0,0.0,1.0,0.0,0.0,1.0,8.0,0.0,0.0,23.0,3.0,7.0,3.0,4.0,5.0,4.0,2.0,3.0,1.0,0.0,1.0,4.0,2.0,4.0,0.0,3.0,3.0,2.0,1.0,0.0,5.0,0.0,0.0,29.0,2.0,0.0,3.0,0.0,4.0,0.0,3.0,7.0,0.0,1.0,2.0,0.0,6.0,0.0,1.0,2.0,1.0,7.0,169,107,7.0,0.0,1.0,1.0,9.0,11.0,0.0,32,1.0,2.0,2.0,6,5.0,3.0,0.0,3.0,0.0,17.0,81.0,6.0,1.0,0.0,0.0,3.0,0.0,0.0,1.0,0.0,0.0,10.0,4.0,76.0,0.0,7.0,1.0,0.0,0.0,3.0,29.0,1.0,2.0,54.0
final,8.0,9.0,0.0,4.0,2.0,1.0,1.0,0.0,1.0,0.0,21.0,2.0,1.0,1.0,5.0,14.0,1.0,1.0,16.0,3.0,5.0,3.0,5.0,6.0,1.0,0.0,1.0,1.0,3.0,0.0,4.0,2.0,2.0,1.0,2.0,25.0,7.0,15.0,0.0,0.0,2.0,0.0,2.0,5.0,3.0,4.0,48.0,12.0,6.0,6.0,72.0,15.0,5.0,13.0,0.0,1.0,365,54,1.0,0.0,1.0,2.0,1.0,5.0,0.0,76,2.0,1.0,1.0,8,0.0,1.0,2.0,3.0,2.0,2.0,10.0,4.0,2.0,0.0,6.0,2.0,3.0,0.0,0.0,5.0,3.0,6.0,1.0,3.0,1.0,82.0,104.0,2.0,2.0,5.0,12.0,0.0,1.0,1.0
first,8.0,5.0,4.0,3.0,3.0,2.0,1.0,2.0,2.0,7.0,6.0,7.0,2.0,4.0,10.0,12.0,4.0,24.0,18.0,6.0,6.0,81.0,5.0,3.0,2.0,19.0,6.0,17.0,3.0,4.0,0.0,13.0,2.0,2.0,5.0,0.0,0.0,13.0,4.0,8.0,11.0,2.0,3.0,5.0,34.0,1.0,4.0,2.0,21.0,3.0,2.0,0.0,11.0,1.0,25.0,0.0,449,98,4.0,0.0,3.0,16.0,14.0,3.0,2.0,19,3.0,6.0,5.0,50,2.0,27.0,0.0,4.0,0.0,5.0,10.0,2.0,43.0,6.0,2.0,6.0,0.0,2.0,2.0,1.0,1.0,59.0,10.0,5.0,7.0,4.0,3.0,12.0,4.0,2.0,3.0,4.0,1.0,3.0
gop,14.0,20.0,45.0,6.0,3.0,7.0,7.0,6.0,0.0,3.0,22.0,3.0,0.0,2.0,39.0,14.0,2.0,0.0,12.0,29.0,329.0,3.0,4.0,0.0,0.0,2.0,68.0,14.0,2.0,2.0,13.0,0.0,9.0,5.0,11.0,0.0,0.0,12.0,0.0,0.0,1.0,1.0,2.0,7.0,0.0,1.0,6.0,3.0,5.0,7.0,0.0,3.0,63.0,5.0,0.0,0.0,548,224,2.0,14.0,1.0,1.0,24.0,23.0,6.0,42,3.0,8.0,4.0,29,1.0,7.0,39.0,24.0,4.0,14.0,4.0,0.0,1.0,0.0,18.0,0.0,2.0,3.0,1.0,0.0,0.0,11.0,0.0,3.0,7.0,22.0,1.0,5.0,2.0,10.0,10.0,12.0,0.0,4.0
gun,4.0,2.0,21.0,1.0,1.0,8.0,4.0,0.0,0.0,1.0,3.0,1.0,0.0,0.0,2.0,2.0,1.0,0.0,3.0,6.0,2.0,0.0,5.0,0.0,1.0,1.0,26.0,0.0,1.0,2.0,2.0,9.0,0.0,1.0,0.0,0.0,0.0,0.0,1.0,0.0,0.0,0.0,0.0,1.0,0.0,0.0,9.0,2.0,0.0,1.0,0.0,0.0,5.0,0.0,0.0,0.0,169,53,0.0,3.0,0.0,0.0,4.0,0.0,0.0,19,1.0,1.0,10.0,12,2.0,1.0,4.0,0.0,0.0,0.0,0.0,0.0,0.0,0.0,15.0,0.0,0.0,1.0,0.0,0.0,0.0,9.0,0.0,0.0,0.0,6.0,0.0,7.0,0.0,0.0,1.0,1.0,0.0,0.0
guns,2.0,1.0,0.0,0.0,8.0,1.0,6.0,0.0,4.0,0.0,6.0,2.0,1.0,1.0,3.0,5.0,1.0,3.0,12.0,5.0,0.0,1.0,0.0,3.0,8.0,1.0,1.0,9.0,0.0,1.0,2.0,5.0,1.0,0.0,6.0,0.0,0.0,0.0,1.0,3.0,5.0,4.0,0.0,0.0,1.0,0.0,1.0,0.0,0.0,0.0,3.0,0.0,9.0,0.0,0.0,1.0,186,24,1.0,4.0,1.0,0.0,6.0,1.0,1.0,10,0.0,3.0,1.0,23,1.0,1.0,0.0,6.0,1.0,0.0,4.0,2.0,1.0,8.0,0.0,3.0,0.0,0.0,9.0,0.0,0.0,7.0,1.0,0.0,2.0,16.0,3.0,24.0,1.0,0.0,0.0,2.0,1.0,0.0
help,12.0,4.0,3.0,0.0,1.0,1.0,0.0,5.0,2.0,1.0,48.0,10.0,3.0,0.0,2.0,17.0,0.0,0.0,279.0,3.0,4.0,5.0,4.0,1.0,2.0,27.0,3.0,3.0,5.0,2.0,5.0,11.0,0.0,6.0,0.0,0.0,0.0,5.0,1.0,0.0,15.0,2.0,0.0,1.0,1.0,12.0,2.0,1.0,0.0,1.0,10.0,0.0,4.0,2.0,0.0,0.0,334,74,1.0,2.0,1.0,2.0,3.0,5.0,3.0,64,0.0,1.0,13.0,15,1.0,1.0,1.0,3.0,0.0,1.0,6.0,0.0,6.0,0.0,2.0,1.0,4.0,1.0,2.0,0.0,0.0,39.0,1.0,0.0,1.0,5.0,0.0,2.0,0.0,4.0,6.0,4.0,1.0,2.0
hillary,5.0,1.0,0.0,0.0,0.0,0.0,1.0,1.0,1.0,2.0,12.0,0.0,0.0,0.0,9.0,0.0,1.0,0.0,0.0,0.0,0.0,0.0,0.0,0.0,0.0,1.0,0.0,0.0,0.0,25.0,0.0,0.0,0.0,0.0,0.0,0.0,49.0,8.0,0.0,0.0,0.0,0.0,0.0,0.0,2.0,3.0,27.0,12.0,1.0,0.0,0.0,0.0,0.0,1.0,0.0,18.0,220,84,0.0,0.0,0.0,0.0,1.0,4.0,0.0,37,0.0,1.0,0.0,8,0.0,0.0,0.0,1.0,0.0,15.0,0.0,3.0,0.0,0.0,1.0,0.0,1.0,0.0,0.0,32.0,0.0,4.0,1.0,0.0,4.0,29.0,188.0,0.0,8.0,3.0,9.0,12.0,14.0,0.0
hiroshima,6.0,2.0,0.0,2.0,4.0,3.0,0.0,0.0,0.0,3.0,6.0,0.0,0.0,0.0,3.0,0.0,0.0,4.0,0.0,0.0,0.0,0.0,0.0,86.0,3.0,0.0,0.0,0.0,0.0,7.0,0.0,0.0,0.0,0.0,0.0,49.0,0.0,3.0,0.0,1.0,0.0,0.0,0.0,0.0,0.0,0.0,22.0,14.0,6.0,4.0,1.0,1.0,4.0,8.0,0.0,1.0,170,36,0.0,0.0,2.0,0.0,2.0,9.0,1.0,23,0.0,0.0,1.0,4,1.0,1.0,0.0,0.0,1.0,4.0,0.0,2.0,0.0,0.0,0.0,0.0,3.0,0.0,0.0,59.0,0.0,1.0,0.0,0.0,1.0,6.0,96.0,0.0,1.0,0.0,4.0,0.0,1.0,0.0
historic,31.0,7.0,2.0,1.0,5.0,0.0,2.0,1.0,2.0,8.0,36.0,42.0,1.0,20.0,5.0,2.0,7.0,11.0,12.0,4.0,7.0,15.0,0.0,11.0,12.0,4.0,2.0,6.0,29.0,15.0,13.0,12.0,0.0,0.0,5.0,8.0,3.0,0.0,5.0,7.0,7.0,2.0,14.0,20.0,21.0,2.0,9.0,3.0,61.0,23.0,34.0,2.0,11.0,13.0,2.0,9.0,705,107,3.0,3.0,1.0,5.0,13.0,7.0,4.0,65,7.0,16.0,23.0,31,1.0,13.0,2.0,4.0,7.0,5.0,6.0,7.0,15.0,8.0,3.0,8.0,3.0,4.0,5.0,11.0,23.0,13.0,1.0,2.0,1.0,12.0,50.0,2.0,1.0,7.0,703.0,8.0,1.0,3.0
house,1.0,1.0,17.0,0.0,19.0,0.0,4.0,0.0,0.0,4.0,0.0,1.0,0.0,0.0,2.0,0.0,0.0,0.0,3.0,1.0,0.0,126.0,6.0,0.0,0.0,0.0,6.0,6.0,2.0,0.0,4.0,0.0,1.0,1.0,1.0,0.0,0.0,5.0,0.0,0.0,1.0,0.0,1.0,6.0,0.0,19.0,1.0,0.0,0.0,0.0,1.0,1.0,6.0,2.0,0.0,0.0,183,109,1.0,0.0,0.0,0.0,63.0,1.0,7.0,10,0.0,1.0,6.0,7,0.0,3.0,0.0,0.0,1.0,0.0,0.0,0.0,104.0,0.0,4.0,0.0,0.0,0.0,2.0,0.0,0.0,9.0,1.0,0.0,2.0,10.0,0.0,1.0,0.0,0.0,1.0,3.0,0.0,1.0
immigration,6.0,4.0,2.0,0.0,32.0,1.0,3.0,0.0,0.0,2.0,2.0,6.0,0.0,0.0,3.0,1.0,1.0,1.0,2.0,10.0,0.0,0.0,3.0,5.0,84.0,0.0,2.0,1.0,0.0,0.0,8.0,0.0,0.0,3.0,0.0,0.0,1.0,7.0,0.0,0.0,1.0,2.0,1.0,2.0,0.0,4.0,1.0,1.0,0.0,0.0,0.0,0.0,8.0,2.0,0.0,36.0,214,69,1.0,0.0,2.0,0.0,3.0,2.0,5.0,6,1.0,3.0,1.0,16,1.0,3.0,0.0,1.0,2.0,0.0,3.0,1.0,0.0,3.0,4.0,0.0,0.0,1.0,0.0,0.0,0.0,7.0,0.0,0.0,3.0,18.0,5.0,6.0,2.0,0.0,2.0,1.0,4.0,1.0
iran,10.0,3.0,2.0,6.0,5.0,3.0,15.0,10.0,26.0,1.0,22.0,2.0,0.0,0.0,14.0,3.0,3.0,3.0,20.0,6.0,1.0,1.0,6.0,0.0,0.0,9.0,0.0,55.0,3.0,2.0,11.0,1.0,0.0,5.0,15.0,0.0,0.0,7.0,1.0,1.0,0.0,2.0,1.0,0.0,15.0,1.0,1.0,3.0,9.0,1.0,0.0,3.0,22.0,9.0,1.0,2.0,452,105,3.0,9.0,10.0,0.0,14.0,6.0,6.0,41,1.0,4.0,0.0,37,6.0,0.0,1.0,0.0,0.0,9.0,5.0,3.0,0.0,11.0,10.0,0.0,0.0,8.0,0.0,0.0,1.0,25.0,0.0,1.0,4.0,45.0,9.0,7.0,27.0,4.0,5.0,9.0,10.0,4.0
isis,2.0,0.0,0.0,9.0,2.0,6.0,1.0,2.0,12.0,2.0,4.0,0.0,0.0,0.0,10.0,10.0,1.0,0.0,2.0,2.0,1.0,0.0,2.0,0.0,0.0,2.0,0.0,32.0,0.0,0.0,2.0,1.0,0.0,4.0,2.0,0.0,0.0,2.0,0.0,2.0,2.0,0.0,0.0,0.0,10.0,0.0,4.0,2.0,9.0,1.0,0.0,8.0,3.0,15.0,0.0,0.0,261,22,2.0,1.0,2.0,0.0,3.0,0.0,2.0,8,0.0,2.0,0.0,19,14.0,1.0,1.0,0.0,5.0,3.0,240.0,2.0,0.0,14.0,6.0,0.0,6.0,7.0,0.0,0.0,0.0,2.0,1.0,0.0,5.0,39.0,9.0,2.0,8.0,0.0,3.0,3.0,3.0,0.0
islamic,3.0,1.0,0.0,13.0,3.0,1.0,1.0,0.0,0.0,1.0,11.0,2.0,1.0,9.0,2.0,3.0,2.0,4.0,1.0,6.0,1.0,3.0,0.0,20.0,2.0,4.0,0.0,1.0,4.0,2.0,3.0,2.0,0.0,0.0,0.0,0.0,0.0,14.0,1.0,1.0,1.0,0.0,0.0,0.0,0.0,5.0,7.0,4.0,4.0,2.0,6.0,1.0,3.0,0.0,0.0,4.0,159,88,10.0,0.0,3.0,0.0,1.0,0.0,1.0,28,0.0,3.0,0.0,3,4.0,2.0,0.0,0.0,0.0,4.0,37.0,7.0,3.0,0.0,1.0,2.0,1.0,1.0,1.0,7.0,1.0,7.0,0.0,35.0,0.0,11.0,5.0,0.0,15.0,1.0,18.0,1.0,1.0,17.0
last,2.0,6.0,0.0,4.0,25.0,1.0,0.0,0.0,0.0,0.0,2.0,36.0,0.0,0.0,6.0,2.0,0.0,0.0,0.0,2.0,0.0,12.0,0.0,0.0,0.0,0.0,0.0,2.0,0.0,5.0,5.0,7.0,1.0,0.0,1.0,0.0,0.0,20.0,6.0,2.0,0.0,0.0,0.0,0.0,0.0,0.0,1.0,0.0,0.0,0.0,2.0,1.0,12.0,0.0,1.0,0.0,219,25,0.0,1.0,0.0,1.0,4.0,0.0,2.0,12,2.0,3.0,0.0,21,0.0,2.0,2.0,0.0,60.0,0.0,0.0,0.0,5.0,0.0,0.0,3.0,1.0,0.0,3.0,0.0,0.0,2.0,0.0,0.0,5.0,14.0,1.0,1.0,0.0,1.0,7.0,0.0,0.0,0.0
law,7.0,1.0,12.0,0.0,1.0,2.0,0.0,0.0,0.0,2.0,12.0,1.0,1.0,3.0,9.0,6.0,2.0,11.0,3.0,2.0,0.0,19.0,0.0,0.0,1.0,7.0,1.0,15.0,3.0,3.0,34.0,0.0,0.0,1.0,1.0,2.0,0.0,21.0,0.0,0.0,15.0,10.0,0.0,0.0,0.0,0.0,1.0,0.0,48.0,7.0,1.0,0.0,2.0,16.0,2.0,22.0,290,21,0.0,0.0,8.0,0.0,2.0,1.0,1.0,11,14.0,0.0,0.0,18,13.0,5.0,0.0,0.0,0.0,1.0,10.0,37.0,6.0,1.0,0.0,0.0,7.0,10.0,9.0,1.0,1.0,21.0,5.0,0.0,2.0,18.0,1.0,0.0,0.0,0.0,23.0,2.0,61.0,4.0
leaders,4.0,15.0,0.0,0.0,1.0,2.0,0.0,1.0,0.0,0.0,12.0,5.0,3.0,1.0,1.0,3.0,3.0,23.0,24.0,0.0,2.0,10.0,1.0,2.0,5.0,0.0,2.0,9.0,7.0,4.0,1.0,1.0,0.0,0.0,12.0,3.0,0.0,2.0,19.0,4.0,1.0,0.0,5.0,0.0,0.0,0.0,3.0,1.0,0.0,1.0,5.0,2.0,2.0,4.0,3.0,9.0,127,195,3.0,0.0,13.0,0.0,1.0,1.0,9.0,35,1.0,2.0,7.0,1,5.0,0.0,0.0,0.0,0.0,1.0,4.0,2.0,3.0,1.0,0.0,0.0,1.0,2.0,2.0,1.0,0.0,11.0,1.0,4.0,0.0,4.0,8.0,0.0,6.0,1.0,2.0,2.0,2.0,2.0
legacy,4.0,2.0,0.0,9.0,5.0,3.0,3.0,5.0,0.0,1.0,12.0,3.0,3.0,0.0,1.0,5.0,3.0,4.0,6.0,0.0,4.0,11.0,0.0,14.0,3.0,0.0,2.0,3.0,0.0,48.0,4.0,6.0,9.0,1.0,2.0,27.0,22.0,9.0,1.0,1.0,1.0,4.0,7.0,1.0,1.0,3.0,0.0,0.0,0.0,0.0,4.0,2.0,4.0,12.0,2.0,2.0,252,33,1.0,0.0,2.0,5.0,6.0,5.0,0.0,19,0.0,2.0,1.0,11,2.0,0.0,0.0,0.0,0.0,2.0,8.0,1.0,6.0,4.0,0.0,4.0,1.0,1.0,1.0,17.0,0.0,13.0,2.0,0.0,2.0,46.0,66.0,3.0,1.0,1.0,10.0,3.0,1.0,0.0
make,2.0,1.0,1.0,2.0,2.0,4.0,0.0,2.0,3.0,1.0,7.0,1.0,7.0,0.0,0.0,3.0,1.0,0.0,2.0,1.0,1.0,11.0,2.0,3.0,1.0,2.0,1.0,1.0,1.0,12.0,2.0,3.0,2.0,0.0,1.0,12.0,14.0,3.0,0.0,1.0,3.0,2.0,4.0,0.0,0.0,1.0,0.0,0.0,0.0,0.0,12.0,3.0,4.0,0.0,3.0,0.0,167,16,3.0,1.0,5.0,7.0,1.0,0.0,4.0,13,0.0,1.0,0.0,8,2.0,3.0,0.0,4.0,0.0,2.0,2.0,0.0,11.0,1.0,0.0,2.0,3.0,2.0,1.0,8.0,0.0,6.0,1.0,1.0,0.0,21.0,32.0,0.0,1.0,0.0,2.0,1.0,2.0,0.0
makes,11.0,1.0,0.0,6.0,1.0,1.0,1.0,0.0,4.0,1.0,21.0,0.0,0.0,1.0,3.0,9.0,6.0,24.0,3.0,5.0,0.0,15.0,0.0,14.0,0.0,0.0,0.0,11.0,2.0,6.0,21.0,5.0,0.0,0.0,0.0,1.0,6.0,61.0,0.0,0.0,9.0,9.0,4.0,0.0,48.0,0.0,0.0,0.0,0.0,0.0,7.0,7.0,3.0,25.0,4.0,0.0,354,16,0.0,4.0,13.0,0.0,2.0,1.0,0.0,41,7.0,4.0,19.0,8,15.0,4.0,6.0,2.0,0.0,0.0,14.0,10.0,4.0,0.0,1.0,0.0,0.0,3.0,2.0,6.0,4.0,2.0,0.0,4.0,1.0,24.0,11.0,4.0,1.0,3.0,66.0,3.0,8.0,2.0
meet,3.0,2.0,1.0,0.0,3.0,1.0,0.0,0.0,2.0,0.0,8.0,0.0,2.0,0.0,1.0,0.0,0.0,1.0,4.0,1.0,6.0,1.0,0.0,4.0,1.0,0.0,0.0,0.0,0.0,6.0,3.0,7.0,1.0,0.0,1.0,0.0,4.0,23.0,0.0,0.0,1.0,1.0,2.0,0.0,7.0,1.0,0.0,0.0,0.0,0.0,3.0,2.0,1.0,4.0,2.0,1.0,154,18,0.0,1.0,4.0,0.0,0.0,1.0,0.0,20,3.0,1.0,16.0,15,5.0,2.0,0.0,2.0,0.0,0.0,3.0,2.0,3.0,1.0,0.0,0.0,3.0,0.0,2.0,3.0,5.0,0.0,0.0,0.0,1.0,9.0,2.0,2.0,0.0,3.0,21.0,2.0,1.0,0.0
meeting,9.0,8.0,2.0,6.0,0.0,4.0,0.0,0.0,1.0,7.0,58.0,1.0,0.0,0.0,5.0,8.0,0.0,0.0,7.0,1.0,0.0,1.0,2.0,0.0,1.0,6.0,0.0,4.0,6.0,72.0,2.0,0.0,0.0,3.0,10.0,0.0,1.0,34.0,1.0,0.0,0.0,0.0,6.0,2.0,1.0,5.0,4.0,12.0,7.0,3.0,0.0,5.0,20.0,5.0,0.0,0.0,540,76,2.0,0.0,0.0,0.0,0.0,4.0,0.0,29,0.0,0.0,1.0,12,0.0,0.0,0.0,6.0,2.0,12.0,17.0,1.0,1.0,0.0,5.0,0.0,9.0,1.0,0.0,6.0,2.0,14.0,0.0,9.0,0.0,8.0,12.0,2.0,1.0,26.0,33.0,1.0,6.0,1.0
michelle,1.0,4.0,1.0,1.0,2.0,1.0,0.0,0.0,2.0,0.0,5.0,1.0,0.0,0.0,3.0,0.0,4.0,4.0,4.0,0.0,0.0,0.0,1.0,0.0,1.0,0.0,0.0,2.0,0.0,15.0,0.0,3.0,0.0,0.0,0.0,0.0,1.0,2.0,1.0,0.0,3.0,8.0,1.0,1.0,0.0,2.0,2.0,3.0,7.0,2.0,5.0,0.0,13.0,2.0,0.0,0.0,194,31,1.0,0.0,2.0,0.0,2.0,0.0,0.0,19,0.0,0.0,0.0,10,53.0,0.0,0.0,0.0,3.0,2.0,10.0,1.0,0.0,0.0,1.0,0.0,1.0,0.0,1.0,1.0,0.0,2.0,1.0,1.0,1.0,12.0,7.0,1.0,0.0,6.0,1.0,1.0,2.0,0.0
national,11.0,2.0,5.0,8.0,73.0,8.0,4.0,4.0,5.0,2.0,22.0,4.0,1.0,15.0,13.0,10.0,1.0,6.0,7.0,7.0,21.0,11.0,7.0,17.0,5.0,3.0,15.0,20.0,1.0,5.0,11.0,63.0,5.0,9.0,4.0,0.0,4.0,11.0,6.0,8.0,22.0,3.0,3.0,12.0,2.0,2.0,4.0,4.0,3.0,1.0,20.0,13.0,0.0,2.0,3.0,12.0,605,159,2.0,1.0,5.0,2.0,31.0,20.0,6.0,47,3.0,6.0,1.0,19,1.0,10.0,0.0,4.0,3.0,5.0,6.0,2.0,7.0,9.0,6.0,23.0,4.0,9.0,8.0,1.0,4.0,13.0,3.0,1.0,3.0,35.0,17.0,7.0,9.0,7.0,8.0,1.0,7.0,9.0
new,5.0,0.0,2.0,8.0,6.0,1.0,0.0,0.0,0.0,0.0,10.0,2.0,0.0,0.0,1.0,7.0,1.0,3.0,7.0,4.0,4.0,11.0,0.0,17.0,2.0,2.0,1.0,4.0,2.0,13.0,1.0,5.0,0.0,0.0,2.0,1.0,8.0,13.0,2.0,2.0,9.0,15.0,0.0,0.0,16.0,4.0,12.0,0.0,25.0,4.0,5.0,2.0,2.0,0.0,6.0,1.0,177,35,0.0,0.0,0.0,6.0,3.0,4.0,1.0,36,0.0,2.0,1.0,15,0.0,0.0,2.0,0.0,0.0,5.0,16.0,0.0,9.0,3.0,2.0,2.0,1.0,0.0,0.0,8.0,0.0,2.0,0.0,1.0,1.0,21.0,32.0,0.0,2.0,0.0,11.0,0.0,6.0,14.0
next,1.0,2.0,0.0,0.0,0.0,0.0,0.0,0.0,0.0,4.0,0.0,0.0,0.0,0.0,3.0,2.0,0.0,1.0,4.0,1.0,0.0,156.0,0.0,0.0,0.0,1.0,0.0,7.0,1.0,0.0,25.0,0.0,0.0,0.0,0.0,0.0,0.0,2.0,0.0,0.0,1.0,0.0,0.0,1.0,2.0,3.0,2.0,3.0,4.0,2.0,0.0,0.0,3.0,6.0,0.0,0.0,194,61,1.0,0.0,0.0,4.0,1.0,0.0,0.0,10,2.0,4.0,6.0,20,0.0,35.0,0.0,1.0,0.0,1.0,0.0,0.0,124.0,0.0,1.0,0.0,2.0,0.0,1.0,0.0,0.0,10.0,0.0,0.0,4.0,6.0,1.0,2.0,1.0,0.0,6.0,4.0,0.0,0.0
nominee,5.0,0.0,10.0,0.0,3.0,0.0,2.0,11.0,1.0,1.0,6.0,0.0,0.0,0.0,6.0,0.0,7.0,1.0,1.0,0.0,0.0,1.0,0.0,0.0,34.0,3.0,2.0,0.0,7.0,1.0,0.0,0.0,0.0,1.0,0.0,18.0,1.0,9.0,0.0,36.0,2.0,0.0,4.0,0.0,22.0,9.0,2.0,0.0,0.0,1.0,0.0,0.0,12.0,1.0,0.0,0.0,180,57,0.0,0.0,0.0,0.0,1.0,4.0,2.0,10,0.0,1.0,0.0,19,33.0,1.0,0.0,3.0,2.0,0.0,0.0,28.0,1.0,0.0,1.0,0.0,0.0,11.0,0.0,0.0,0.0,10.0,6.0,0.0,1.0,8.0,10.0,0.0,4.0,1.0,8.0,1.0,23.0,0.0
nuclear,399.0,225.0,145.0,224.0,774.0,161.0,165.0,184.0,179.0,197.0,1036.0,293.0,189.0,135.0,487.0,274.0,237.0,394.0,701.0,265.0,239.0,706.0,182.0,367.0,275.0,307.0,104.0,321.0,169.0,365.0,449.0,548.0,169.0,186.0,334.0,220.0,170.0,705.0,183.0,214.0,452.0,261.0,159.0,219.0,290.0,127.0,252.0,167.0,354.0,154.0,540.0,194.0,605.0,177.0,194.0,180.0,0,24,142.0,243.0,190.0,121.0,271.0,160.0,124.0,2111,170.0,182.0,267.0,1195,203.0,188.0,233.0,184.0,219.0,184.0,442.0,188.0,564.0,291.0,155.0,211.0,192.0,222.0,239.0,213.0,178.0,1056.0,182.0,143.0,253.0,1174.0,768.0,221.0,185.0,202.0,673.0,191.0,258.0,144.0
obama,91.0,79.0,56.0,63.0,11.0,47.0,39.0,18.0,20.0,46.0,172.0,35.0,31.0,85.0,24.0,47.0,41.0,124.0,124.0,78.0,106.0,202.0,32.0,103.0,55.0,47.0,102.0,44.0,107.0,54.0,98.0,224.0,53.0,24.0,74.0,84.0,36.0,107.0,109.0,69.0,105.0,22.0,88.0,25.0,21.0,195.0,33.0,16.0,16.0,18.0,76.0,31.0,159.0,35.0,61.0,57.0,24,0,53.0,24.0,41.0,70.0,211.0,41.0,135.0,446,31.0,71.0,53.0,73,55.0,74.0,10.0,19.0,4.0,141.0,188.0,27.0,178.0,41.0,36.0,29.0,3.0,34.0,35.0,95.0,5.0,164.0,44.0,128.0,4.0,132.0,224.0,14.0,82.0,53.0,90.0,31.0,35.0,51.0
obamas,10.0,1.0,0.0,0.0,4.0,2.0,0.0,1.0,0.0,1.0,10.0,1.0,0.0,1.0,1.0,4.0,3.0,5.0,3.0,0.0,0.0,2.0,1.0,1.0,1.0,5.0,1.0,0.0,7.0,1.0,4.0,2.0,0.0,1.0,1.0,0.0,0.0,3.0,1.0,1.0,3.0,2.0,10.0,0.0,0.0,3.0,1.0,3.0,0.0,0.0,2.0,1.0,2.0,0.0,1.0,0.0,142,53,0.0,2.0,0.0,0.0,5.0,3.0,0.0,22,1.0,4.0,3.0,3,1.0,2.0,1.0,0.0,0.0,2.0,4.0,1.0,2.0,3.0,2.0,2.0,2.0,1.0,0.0,1.0,0.0,23.0,3.0,2.0,0.0,4.0,7.0,3.0,2.0,7.0,2.0,2.0,2.0,7.0
one,3.0,0.0,2.0,2.0,3.0,0.0,3.0,29.0,4.0,1.0,6.0,0.0,0.0,0.0,12.0,1.0,2.0,0.0,3.0,1.0,9.0,0.0,0.0,0.0,0.0,7.0,0.0,0.0,0.0,0.0,0.0,14.0,3.0,4.0,2.0,0.0,0.0,3.0,0.0,0.0,9.0,1.0,0.0,1.0,0.0,0.0,0.0,1.0,4.0,1.0,0.0,0.0,1.0,0.0,0.0,0.0,243,24,2.0,0.0,0.0,0.0,0.0,0.0,1.0,30,0.0,1.0,0.0,26,0.0,0.0,78.0,0.0,4.0,3.0,0.0,0.0,0.0,0.0,0.0,0.0,2.0,26.0,0.0,3.0,0.0,10.0,5.0,0.0,0.0,1.0,12.0,3.0,1.0,8.0,4.0,0.0,0.0,0.0
orlando,4.0,0.0,2.0,0.0,2.0,0.0,0.0,21.0,58.0,1.0,6.0,0.0,0.0,0.0,16.0,0.0,12.0,106.0,0.0,1.0,1.0,0.0,0.0,0.0,23.0,0.0,0.0,1.0,1.0,1.0,3.0,1.0,0.0,1.0,1.0,0.0,2.0,1.0,0.0,2.0,10.0,2.0,3.0,0.0,8.0,13.0,2.0,5.0,13.0,4.0,0.0,2.0,5.0,0.0,0.0,0.0,190,41,0.0,0.0,0.0,0.0,0.0,2.0,1.0,15,2.0,9.0,0.0,11,5.0,0.0,0.0,0.0,0.0,2.0,3.0,21.0,0.0,2.0,2.0,0.0,2.0,10.0,0.0,2.0,0.0,1.0,1.0,0.0,0.0,4.0,4.0,1.0,2.0,1.0,1.0,4.0,8.0,0.0
paris,1.0,0.0,0.0,0.0,1.0,0.0,2.0,0.0,0.0,0.0,0.0,0.0,0.0,0.0,1.0,2.0,0.0,0.0,2.0,1.0,0.0,106.0,1.0,0.0,0.0,0.0,0.0,1.0,1.0,2.0,16.0,1.0,0.0,0.0,2.0,0.0,0.0,5.0,0.0,0.0,0.0,0.0,0.0,1.0,0.0,0.0,5.0,7.0,0.0,0.0,0.0,0.0,2.0,6.0,4.0,0.0,121,70,0.0,0.0,0.0,0.0,0.0,2.0,0.0,7,4.0,8.0,3.0,21,0.0,23.0,0.0,0.0,0.0,0.0,0.0,0.0,81.0,0.0,0.0,0.0,1.0,0.0,0.0,0.0,0.0,6.0,0.0,0.0,0.0,3.0,3.0,0.0,5.0,0.0,4.0,3.0,0.0,1.0
pick,5.0,4.0,6.0,0.0,23.0,2.0,5.0,2.0,0.0,3.0,10.0,1.0,1.0,14.0,3.0,0.0,2.0,13.0,6.0,26.0,15.0,71.0,5.0,2.0,0.0,4.0,1.0,5.0,9.0,1.0,14.0,24.0,4.0,6.0,3.0,1.0,2.0,13.0,63.0,3.0,14.0,3.0,1.0,4.0,2.0,1.0,6.0,1.0,2.0,0.0,0.0,2.0,31.0,3.0,1.0,1.0,271,211,5.0,0.0,0.0,0.0,0.0,0.0,0.0,29,2.0,7.0,2.0,6,2.0,3.0,0.0,0.0,4.0,1.0,4.0,0.0,50.0,5.0,2.0,7.0,0.0,2.0,0.0,2.0,0.0,17.0,9.0,1.0,0.0,32.0,4.0,1.0,0.0,0.0,9.0,5.0,1.0,1.0
plan,3.0,7.0,10.0,0.0,24.0,1.0,0.0,2.0,1.0,1.0,9.0,4.0,0.0,2.0,0.0,12.0,2.0,8.0,6.0,8.0,9.0,5.0,1.0,10.0,0.0,6.0,5.0,5.0,11.0,5.0,3.0,23.0,0.0,1.0,5.0,4.0,9.0,7.0,1.0,2.0,6.0,0.0,0.0,0.0,1.0,1.0,5.0,0.0,1.0,1.0,4.0,0.0,20.0,4.0,0.0,4.0,160,41,3.0,0.0,2.0,2.0,0.0,0.0,0.0,8,1.0,0.0,1.0,5,0.0,3.0,0.0,4.0,0.0,2.0,1.0,4.0,3.0,6.0,2.0,2.0,0.0,0.0,2.0,7.0,2.0,4.0,5.0,1.0,0.0,13.0,16.0,0.0,1.0,0.0,4.0,0.0,2.0,6.0
plans,5.0,2.0,1.0,0.0,7.0,1.0,1.0,1.0,6.0,1.0,8.0,3.0,1.0,0.0,1.0,1.0,1.0,2.0,10.0,3.0,0.0,2.0,9.0,9.0,0.0,1.0,1.0,1.0,0.0,0.0,2.0,6.0,0.0,1.0,3.0,0.0,1.0,4.0,7.0,5.0,6.0,2.0,1.0,2.0,1.0,9.0,0.0,4.0,0.0,0.0,0.0,0.0,6.0,1.0,0.0,2.0,124,135,0.0,1.0,1.0,0.0,0.0,0.0,0.0,9,1.0,0.0,3.0,11,2.0,2.0,0.0,2.0,0.0,2.0,3.0,1.0,2.0,20.0,0.0,0.0,1.0,2.0,0.0,1.0,0.0,17.0,8.0,1.0,1.0,12.0,4.0,0.0,4.0,0.0,2.0,0.0,2.0,1.0
policy,45.0,38.0,11.0,44.0,13.0,21.0,11.0,13.0,12.0,11.0,172.0,23.0,9.0,17.0,60.0,6.0,13.0,25.0,67.0,23.0,16.0,32.0,13.0,49.0,16.0,67.0,13.0,16.0,32.0,76.0,19.0,42.0,19.0,10.0,64.0,37.0,23.0,65.0,10.0,6.0,41.0,8.0,28.0,12.0,11.0,35.0,19.0,13.0,41.0,20.0,29.0,19.0,47.0,36.0,10.0,10.0,2111,446,22.0,30.0,15.0,7.0,29.0,8.0,9.0,0,12.0,12.0,31.0,97,19.0,4.0,21.0,20.0,33.0,27.0,42.0,14.0,38.0,4.0,11.0,12.0,12.0,20.0,10.0,19.0,11.0,107.0,12.0,25.0,10.0,129.0,133.0,22.0,12.0,78.0,76.0,31.0,14.0,7.0
president,5.0,2.0,0.0,1.0,1.0,0.0,0.0,1.0,1.0,2.0,7.0,4.0,0.0,2.0,9.0,5.0,2.0,6.0,2.0,2.0,1.0,17.0,7.0,1.0,1.0,3.0,1.0,1.0,1.0,2.0,3.0,3.0,1.0,0.0,0.0,0.0,0.0,7.0,0.0,1.0,1.0,0.0,0.0,2.0,14.0,1.0,0.0,0.0,7.0,3.0,0.0,0.0,3.0,0.0,2.0,0.0,170,31,1.0,0.0,2.0,4.0,2.0,1.0,1.0,12,0.0,0.0,0.0,12,0.0,8.0,0.0,0.0,0.0,6.0,6.0,0.0,16.0,1.0,0.0,0.0,4.0,2.0,1.0,1.0,0.0,12.0,4.0,3.0,0.0,3.0,3.0,3.0,2.0,2.0,6.0,4.0,3.0,1.0
republican,5.0,4.0,1.0,1.0,4.0,1.0,1.0,2.0,4.0,3.0,4.0,2.0,0.0,7.0,4.0,4.0,0.0,8.0,4.0,6.0,6.0,28.0,0.0,0.0,3.0,7.0,1.0,6.0,2.0,1.0,6.0,8.0,1.0,3.0,1.0,1.0,0.0,16.0,1.0,3.0,4.0,2.0,3.0,3.0,0.0,2.0,2.0,1.0,4.0,1.0,0.0,0.0,6.0,2.0,4.0,1.0,182,71,4.0,1.0,9.0,8.0,7.0,0.0,0.0,12,0.0,0.0,0.0,8,3.0,21.0,0.0,3.0,0.0,1.0,4.0,0.0,31.0,1.0,5.0,0.0,1.0,2.0,1.0,1.0,0.0,15.0,5.0,1.0,2.0,6.0,0.0,1.0,0.0,1.0,4.0,1.0,1.0,1.0
republicans,9.0,7.0,1.0,0.0,1.0,0.0,0.0,0.0,1.0,6.0,16.0,5.0,0.0,0.0,4.0,15.0,0.0,0.0,93.0,1.0,3.0,0.0,0.0,0.0,3.0,7.0,1.0,8.0,2.0,1.0,5.0,4.0,10.0,1.0,13.0,0.0,1.0,23.0,6.0,1.0,0.0,0.0,0.0,0.0,0.0,7.0,1.0,0.0,19.0,16.0,1.0,0.0,1.0,1.0,6.0,0.0,267,53,3.0,0.0,0.0,3.0,2.0,1.0,3.0,31,0.0,0.0,0.0,17,5.0,1.0,0.0,1.0,0.0,0.0,1.0,0.0,2.0,0.0,5.0,2.0,0.0,0.0,4.0,0.0,0.0,19.0,1.0,0.0,1.0,0.0,0.0,0.0,0.0,5.0,25.0,3.0,0.0,0.0
sanders,20.0,12.0,15.0,1.0,10.0,9.0,4.0,23.0,13.0,19.0,59.0,11.0,19.0,3.0,7.0,19.0,30.0,32.0,33.0,12.0,10.0,45.0,15.0,23.0,40.0,44.0,2.0,14.0,6.0,8.0,50.0,29.0,12.0,23.0,15.0,8.0,4.0,31.0,7.0,16.0,37.0,19.0,3.0,21.0,18.0,1.0,11.0,8.0,8.0,15.0,12.0,10.0,19.0,15.0,20.0,19.0,1195,73,3.0,26.0,11.0,21.0,6.0,5.0,11.0,97,12.0,8.0,17.0,0,10.0,12.0,27.0,22.0,3.0,10.0,24.0,6.0,32.0,42.0,9.0,6.0,2.0,31.0,14.0,8.0,10.0,117.0,12.0,6.0,10.0,161.0,37.0,5.0,12.0,3.0,33.0,37.0,56.0,12.0
says,6.0,1.0,13.0,3.0,2.0,0.0,1.0,2.0,2.0,0.0,6.0,4.0,0.0,0.0,5.0,2.0,5.0,9.0,7.0,0.0,0.0,0.0,2.0,0.0,2.0,0.0,0.0,2.0,5.0,0.0,2.0,1.0,2.0,1.0,1.0,0.0,1.0,1.0,0.0,1.0,6.0,14.0,4.0,0.0,13.0,5.0,2.0,2.0,15.0,5.0,0.0,53.0,1.0,0.0,0.0,33.0,203,55,1.0,0.0,5.0,0.0,2.0,0.0,2.0,19,0.0,3.0,5.0,10,0.0,0.0,0.0,1.0,0.0,1.0,16.0,22.0,0.0,1.0,0.0,0.0,2.0,10.0,6.0,1.0,0.0,1.0,3.0,1.0,1.0,16.0,4.0,1.0,0.0,3.0,0.0,1.0,6.0,0.0
security,3.0,2.0,2.0,0.0,2.0,0.0,1.0,0.0,0.0,16.0,3.0,23.0,0.0,9.0,4.0,1.0,1.0,1.0,1.0,1.0,3.0,47.0,2.0,0.0,8.0,0.0,3.0,2.0,3.0,1.0,27.0,7.0,1.0,1.0,1.0,0.0,1.0,13.0,3.0,3.0,0.0,1.0,2.0,2.0,5.0,0.0,0.0,3.0,4.0,2.0,0.0,0.0,10.0,0.0,35.0,1.0,188,74,2.0,0.0,0.0,23.0,3.0,3.0,2.0,4,8.0,21.0,1.0,12,0.0,0.0,1.0,2.0,0.0,1.0,2.0,0.0,42.0,0.0,1.0,9.0,0.0,1.0,1.0,0.0,0.0,2.0,0.0,0.0,8.0,10.0,0.0,3.0,2.0,2.0,4.0,7.0,0.0,3.0
senate,3.0,0.0,5.0,4.0,1.0,0.0,3.0,5.0,0.0,1.0,5.0,0.0,0.0,0.0,27.0,1.0,0.0,0.0,3.0,0.0,15.0,0.0,0.0,0.0,0.0,4.0,0.0,0.0,0.0,2.0,0.0,39.0,4.0,0.0,1.0,0.0,0.0,2.0,0.0,0.0,1.0,1.0,0.0,2.0,0.0,0.0,0.0,0.0,6.0,0.0,0.0,0.0,0.0,2.0,0.0,0.0,233,10,1.0,78.0,0.0,0.0,0.0,0.0,0.0,21,0.0,0.0,0.0,27,0.0,1.0,0.0,0.0,0.0,2.0,0.0,0.0,0.0,0.0,1.0,0.0,0.0,17.0,0.0,2.0,0.0,7.0,2.0,0.0,3.0,9.0,9.0,0.0,0.0,4.0,2.0,2.0,0.0,0.0
shooting,4.0,1.0,2.0,0.0,2.0,0.0,0.0,0.0,1.0,0.0,9.0,2.0,0.0,0.0,3.0,3.0,2.0,1.0,1.0,1.0,2.0,0.0,0.0,2.0,1.0,5.0,2.0,0.0,3.0,3.0,4.0,24.0,0.0,6.0,3.0,1.0,0.0,4.0,0.0,1.0,0.0,0.0,0.0,0.0,0.0,0.0,0.0,4.0,2.0,2.0,6.0,0.0,4.0,0.0,1.0,3.0,184,19,0.0,0.0,0.0,0.0,0.0,4.0,2.0,20,0.0,3.0,1.0,22,1.0,2.0,0.0,0.0,1.0,0.0,3.0,0.0,0.0,0.0,9.0,0.0,1.0,2.0,5.0,0.0,3.0,29.0,7.0,2.0,1.0,4.0,14.0,1.0,1.0,1.0,3.0,2.0,6.0,0.0
show,3.0,4.0,1.0,2.0,1.0,3.0,3.0,2.0,2.0,1.0,9.0,2.0,0.0,0.0,2.0,1.0,2.0,6.0,2.0,0.0,5.0,4.0,2.0,4.0,1.0,7.0,1.0,2.0,17.0,2.0,5.0,14.0,0.0,0.0,1.0,15.0,4.0,5.0,0.0,0.0,9.0,3.0,4.0,0.0,1.0,1.0,2.0,2.0,0.0,0.0,12.0,2.0,5.0,5.0,1.0,0.0,184,141,2.0,3.0,2.0,0.0,1.0,2.0,2.0,27,6.0,1.0,0.0,10,1.0,1.0,2.0,0.0,0.0,0.0,24.0,1.0,4.0,0.0,1.0,0.0,1.0,9.0,1.0,0.0,1.0,29.0,8.0,22.0,0.0,13.0,0.0,0.0,2.0,9.0,3.0,1.0,0.0,0.0
signs,6.0,22.0,1.0,72.0,2.0,12.0,5.0,2.0,12.0,5.0,17.0,2.0,0.0,2.0,12.0,13.0,2.0,5.0,6.0,6.0,1.0,0.0,4.0,1.0,1.0,6.0,0.0,31.0,81.0,10.0,10.0,4.0,0.0,4.0,6.0,0.0,0.0,6.0,0.0,3.0,5.0,240.0,37.0,0.0,10.0,4.0,8.0,2.0,14.0,3.0,17.0,10.0,6.0,16.0,0.0,0.0,442,188,4.0,0.0,3.0,0.0,4.0,1.0,3.0,42,6.0,4.0,1.0,24,16.0,2.0,0.0,3.0,5.0,24.0,0.0,8.0,0.0,20.0,7.0,0.0,8.0,4.0,0.0,0.0,18.0,14.0,0.0,253.0,6.0,43.0,26.0,2.0,8.0,8.0,6.0,5.0,3.0,2.0
speech,8.0,4.0,0.0,2.0,0.0,1.0,0.0,0.0,1.0,0.0,4.0,0.0,3.0,0.0,5.0,0.0,7.0,37.0,0.0,0.0,0.0,0.0,0.0,1.0,2.0,0.0,0.0,2.0,6.0,4.0,2.0,0.0,0.0,2.0,0.0,3.0,2.0,7.0,0.0,1.0,3.0,2.0,7.0,0.0,37.0,2.0,1.0,0.0,10.0,2.0,1.0,1.0,2.0,0.0,0.0,28.0,188,27,1.0,0.0,21.0,0.0,0.0,4.0,1.0,14,0.0,0.0,0.0,6,22.0,0.0,0.0,0.0,0.0,1.0,8.0,0.0,0.0,4.0,0.0,0.0,0.0,2.0,12.0,5.0,8.0,4.0,1.0,0.0,2.0,15.0,6.0,1.0,0.0,1.0,7.0,0.0,7.0,0.0
state,4.0,0.0,11.0,0.0,9.0,0.0,4.0,0.0,1.0,8.0,1.0,0.0,0.0,0.0,8.0,4.0,6.0,15.0,15.0,0.0,1.0,698.0,3.0,0.0,0.0,0.0,8.0,18.0,1.0,2.0,43.0,1.0,0.0,1.0,6.0,0.0,0.0,15.0,104.0,0.0,0.0,0.0,3.0,5.0,6.0,3.0,6.0,11.0,4.0,3.0,1.0,0.0,7.0,9.0,124.0,1.0,564,178,2.0,0.0,0.0,81.0,50.0,3.0,2.0,38,16.0,31.0,2.0,32,0.0,42.0,0.0,0.0,1.0,4.0,0.0,0.0,0.0,0.0,11.0,1.0,1.0,0.0,1.0,0.0,0.0,13.0,1.0,0.0,6.0,27.0,2.0,1.0,1.0,3.0,19.0,8.0,0.0,3.0
summit,16.0,1.0,1.0,0.0,9.0,0.0,0.0,0.0,3.0,10.0,14.0,0.0,1.0,0.0,9.0,8.0,2.0,3.0,2.0,0.0,0.0,0.0,1.0,0.0,3.0,0.0,0.0,8.0,0.0,0.0,6.0,0.0,0.0,8.0,0.0,0.0,0.0,8.0,0.0,3.0,11.0,14.0,0.0,0.0,1.0,1.0,4.0,1.0,0.0,1.0,0.0,0.0,9.0,3.0,0.0,0.0,291,41,3.0,0.0,2.0,0.0,5.0,6.0,20.0,4,1.0,1.0,0.0,42,1.0,0.0,0.0,0.0,0.0,0.0,20.0,4.0,0.0,0.0,4.0,0.0,14.0,2.0,0.0,0.0,0.0,1.0,0.0,0.0,13.0,44.0,0.0,0.0,5.0,0.0,8.0,7.0,2.0,0.0
supreme,5.0,3.0,16.0,0.0,4.0,0.0,1.0,2.0,0.0,1.0,3.0,1.0,4.0,1.0,1.0,1.0,4.0,4.0,7.0,5.0,6.0,10.0,1.0,4.0,9.0,2.0,4.0,10.0,0.0,6.0,2.0,18.0,15.0,0.0,2.0,1.0,0.0,3.0,4.0,4.0,10.0,6.0,1.0,0.0,0.0,0.0,0.0,0.0,1.0,0.0,5.0,1.0,6.0,2.0,1.0,1.0,155,36,2.0,0.0,2.0,0.0,2.0,2.0,0.0,11,0.0,5.0,5.0,9,0.0,1.0,1.0,9.0,0.0,1.0,7.0,0.0,11.0,4.0,0.0,3.0,0.0,1.0,8.0,3.0,0.0,4.0,1.0,1.0,3.0,10.0,1.0,4.0,0.0,0.0,2.0,2.0,1.0,1.0
syria,5.0,2.0,3.0,2.0,19.0,0.0,2.0,0.0,1.0,1.0,4.0,4.0,0.0,26.0,12.0,0.0,0.0,1.0,1.0,10.0,0.0,1.0,0.0,0.0,9.0,0.0,2.0,5.0,3.0,2.0,6.0,0.0,0.0,3.0,1.0,0.0,0.0,8.0,0.0,0.0,0.0,0.0,2.0,3.0,0.0,0.0,4.0,2.0,0.0,0.0,0.0,0.0,23.0,2.0,0.0,0.0,211,29,2.0,0.0,0.0,0.0,7.0,2.0,0.0,12,0.0,0.0,2.0,6,0.0,9.0,0.0,0.0,4.0,0.0,0.0,0.0,1.0,0.0,3.0,0.0,0.0,0.0,1.0,0.0,0.0,1.0,1.0,0.0,5.0,8.0,0.0,4.0,0.0,2.0,1.0,1.0,0.0,0.0
take,5.0,0.0,0.0,0.0,6.0,11.0,9.0,2.0,2.0,10.0,7.0,0.0,4.0,0.0,0.0,0.0,5.0,1.0,3.0,3.0,1.0,1.0,1.0,2.0,2.0,1.0,0.0,1.0,0.0,3.0,0.0,2.0,0.0,0.0,4.0,1.0,3.0,3.0,0.0,0.0,0.0,6.0,1.0,1.0,7.0,1.0,1.0,3.0,0.0,3.0,9.0,1.0,4.0,1.0,2.0,0.0,192,3,2.0,2.0,2.0,1.0,0.0,0.0,1.0,12,4.0,1.0,0.0,2,2.0,0.0,0.0,1.0,0.0,1.0,8.0,0.0,1.0,14.0,0.0,0.0,0.0,6.0,0.0,2.0,2.0,4.0,0.0,1.0,0.0,22.0,1.0,0.0,1.0,2.0,1.0,4.0,8.0,0.0
tax,4.0,1.0,10.0,9.0,1.0,2.0,6.0,28.0,22.0,0.0,10.0,1.0,0.0,0.0,16.0,0.0,2.0,6.0,6.0,1.0,1.0,0.0,4.0,0.0,1.0,1.0,0.0,13.0,0.0,0.0,2.0,3.0,1.0,0.0,1.0,0.0,0.0,4.0,0.0,1.0,8.0,7.0,1.0,0.0,10.0,2.0,1.0,2.0,3.0,0.0,1.0,0.0,9.0,0.0,0.0,11.0,222,34,1.0,26.0,10.0,0.0,2.0,0.0,2.0,20,2.0,2.0,0.0,31,10.0,1.0,17.0,2.0,0.0,9.0,4.0,2.0,0.0,2.0,1.0,0.0,6.0,0.0,0.0,0.0,0.0,5.0,1.0,1.0,1.0,20.0,0.0,0.0,9.0,3.0,3.0,1.0,14.0,1.0
tells,7.0,2.0,4.0,0.0,1.0,1.0,0.0,0.0,0.0,12.0,5.0,20.0,17.0,0.0,2.0,2.0,2.0,7.0,6.0,5.0,0.0,1.0,1.0,5.0,90.0,1.0,0.0,1.0,1.0,0.0,2.0,1.0,0.0,9.0,2.0,0.0,0.0,5.0,2.0,0.0,0.0,0.0,1.0,3.0,9.0,2.0,1.0,1.0,2.0,2.0,0.0,1.0,8.0,0.0,1.0,0.0,239,35,0.0,0.0,0.0,0.0,0.0,2.0,0.0,10,1.0,1.0,4.0,14,6.0,1.0,0.0,5.0,16.0,1.0,0.0,12.0,1.0,0.0,8.0,1.0,0.0,0.0,0.0,0.0,10.0,15.0,0.0,0.0,5.0,10.0,8.0,1.0,1.0,0.0,5.0,1.0,0.0,1.0
terror,3.0,0.0,0.0,0.0,0.0,0.0,0.0,0.0,0.0,1.0,10.0,0.0,2.0,0.0,0.0,0.0,13.0,26.0,0.0,0.0,0.0,0.0,1.0,0.0,1.0,1.0,0.0,4.0,0.0,3.0,1.0,0.0,0.0,0.0,0.0,0.0,0.0,23.0,0.0,0.0,1.0,0.0,1.0,0.0,1.0,0.0,0.0,0.0,4.0,5.0,2.0,0.0,4.0,0.0,0.0,0.0,178,5,0.0,0.0,0.0,0.0,0.0,2.0,0.0,11,0.0,0.0,0.0,10,0.0,0.0,0.0,3.0,0.0,1.0,18.0,8.0,0.0,0.0,0.0,0.0,2.0,0.0,10.0,0.0,0.0,1.0,0.0,0.0,0.0,3.0,20.0,0.0,0.0,0.0,23.0,0.0,1.0,0.0
trade,27.0,13.0,3.0,7.0,4.0,14.0,7.0,12.0,17.0,16.0,72.0,6.0,18.0,0.0,18.0,33.0,6.0,12.0,103.0,1.0,5.0,14.0,46.0,2.0,8.0,333.0,13.0,4.0,10.0,6.0,59.0,11.0,9.0,7.0,39.0,4.0,1.0,13.0,9.0,7.0,25.0,2.0,7.0,2.0,21.0,11.0,13.0,6.0,2.0,0.0,14.0,2.0,13.0,2.0,10.0,10.0,1056,164,23.0,10.0,1.0,6.0,17.0,4.0,17.0,107,12.0,15.0,19.0,117,1.0,2.0,7.0,29.0,0.0,29.0,14.0,4.0,13.0,1.0,4.0,1.0,4.0,5.0,15.0,6.0,1.0,0.0,0.0,14.0,4.0,27.0,9.0,5.0,6.0,11.0,15.0,23.0,30.0,2.0
trip,2.0,0.0,0.0,0.0,1.0,2.0,0.0,4.0,6.0,0.0,4.0,1.0,0.0,0.0,10.0,9.0,0.0,2.0,5.0,0.0,0.0,0.0,1.0,0.0,0.0,56.0,0.0,0.0,4.0,1.0,10.0,0.0,0.0,1.0,1.0,1.0,0.0,1.0,1.0,0.0,0.0,1.0,0.0,0.0,5.0,1.0,2.0,1.0,0.0,0.0,0.0,1.0,3.0,0.0,0.0,6.0,182,44,3.0,5.0,1.0,0.0,9.0,5.0,8.0,12,4.0,5.0,1.0,12,3.0,0.0,2.0,7.0,0.0,8.0,0.0,1.0,1.0,0.0,1.0,1.0,0.0,1.0,0.0,0.0,0.0,0.0,0.0,0.0,3.0,3.0,1.0,1.0,0.0,1.0,1.0,1.0,13.0,0.0
trudeau,2.0,19.0,0.0,64.0,0.0,4.0,2.0,0.0,0.0,2.0,8.0,0.0,0.0,0.0,4.0,2.0,2.0,3.0,1.0,6.0,0.0,0.0,3.0,0.0,0.0,5.0,0.0,0.0,76.0,3.0,5.0,3.0,0.0,0.0,0.0,0.0,0.0,2.0,0.0,0.0,1.0,0.0,35.0,0.0,0.0,4.0,0.0,1.0,4.0,0.0,9.0,1.0,1.0,1.0,0.0,0.0,143,128,2.0,0.0,0.0,0.0,1.0,1.0,1.0,25,3.0,1.0,0.0,6,1.0,0.0,0.0,2.0,0.0,22.0,253.0,0.0,0.0,0.0,1.0,0.0,1.0,1.0,0.0,1.0,0.0,14.0,0.0,0.0,1.0,6.0,0.0,0.0,2.0,6.0,2.0,0.0,0.0,2.0
trump,33.0,5.0,7.0,17.0,19.0,14.0,2.0,23.0,19.0,8.0,89.0,10.0,13.0,3.0,16.0,15.0,17.0,19.0,10.0,13.0,8.0,39.0,12.0,40.0,18.0,10.0,2.0,27.0,7.0,82.0,4.0,22.0,6.0,16.0,5.0,29.0,6.0,12.0,10.0,18.0,45.0,39.0,11.0,14.0,18.0,4.0,46.0,21.0,24.0,9.0,8.0,12.0,35.0,21.0,6.0,8.0,1174,132,4.0,1.0,4.0,3.0,32.0,13.0,12.0,129,3.0,6.0,0.0,161,16.0,10.0,9.0,4.0,10.0,13.0,43.0,15.0,27.0,44.0,10.0,8.0,22.0,20.0,10.0,24.0,3.0,27.0,3.0,6.0,12.0,0.0,129.0,4.0,17.0,2.0,9.0,12.0,9.0,12.0
trumps,22.0,10.0,0.0,7.0,1.0,4.0,2.0,5.0,1.0,5.0,35.0,2.0,11.0,0.0,8.0,7.0,17.0,4.0,2.0,1.0,0.0,3.0,1.0,139.0,6.0,1.0,0.0,2.0,1.0,104.0,3.0,1.0,0.0,3.0,0.0,188.0,96.0,50.0,0.0,5.0,9.0,9.0,5.0,1.0,1.0,8.0,66.0,32.0,11.0,2.0,12.0,7.0,17.0,32.0,1.0,10.0,768,224,7.0,12.0,4.0,3.0,4.0,16.0,4.0,133,3.0,0.0,0.0,37,4.0,0.0,9.0,14.0,0.0,0.0,26.0,6.0,2.0,0.0,1.0,0.0,1.0,0.0,8.0,23.0,20.0,9.0,1.0,0.0,6.0,129.0,0.0,2.0,12.0,3.0,52.0,14.0,11.0,4.0
union,5.0,1.0,2.0,0.0,5.0,4.0,2.0,2.0,2.0,2.0,5.0,2.0,1.0,2.0,0.0,1.0,5.0,3.0,6.0,5.0,3.0,3.0,2.0,8.0,2.0,0.0,0.0,21.0,0.0,2.0,12.0,5.0,7.0,24.0,2.0,0.0,0.0,2.0,1.0,6.0,7.0,2.0,0.0,1.0,0.0,0.0,3.0,0.0,4.0,2.0,2.0,1.0,7.0,0.0,2.0,0.0,221,14,3.0,3.0,1.0,0.0,1.0,0.0,0.0,22,3.0,1.0,0.0,5,1.0,3.0,0.0,1.0,1.0,0.0,2.0,1.0,1.0,0.0,4.0,4.0,0.0,0.0,1.0,0.0,0.0,5.0,1.0,0.0,0.0,4.0,2.0,0.0,6.0,0.0,2.0,0.0,1.0,0.0
urges,3.0,4.0,1.0,3.0,3.0,4.0,2.0,1.0,1.0,2.0,3.0,1.0,0.0,0.0,3.0,0.0,3.0,1.0,2.0,1.0,0.0,5.0,2.0,4.0,0.0,0.0,0.0,7.0,0.0,2.0,4.0,2.0,0.0,1.0,0.0,8.0,1.0,1.0,0.0,2.0,27.0,8.0,15.0,0.0,0.0,6.0,1.0,1.0,1.0,0.0,1.0,0.0,9.0,2.0,1.0,4.0,185,82,2.0,1.0,2.0,5.0,0.0,1.0,4.0,12,2.0,0.0,0.0,12,0.0,2.0,0.0,1.0,0.0,2.0,8.0,0.0,1.0,5.0,0.0,0.0,1.0,9.0,1.0,2.0,0.0,6.0,0.0,2.0,0.0,17.0,12.0,6.0,0.0,0.0,0.0,5.0,11.0,2.0
us,9.0,7.0,0.0,6.0,1.0,1.0,1.0,2.0,1.0,0.0,32.0,1.0,0.0,1.0,1.0,0.0,0.0,1.0,8.0,2.0,4.0,3.0,2.0,1.0,1.0,2.0,0.0,0.0,3.0,5.0,2.0,10.0,0.0,0.0,4.0,3.0,0.0,7.0,0.0,0.0,4.0,0.0,1.0,1.0,0.0,1.0,1.0,0.0,3.0,3.0,26.0,6.0,7.0,0.0,0.0,1.0,202,53,7.0,8.0,1.0,0.0,0.0,0.0,0.0,78,2.0,1.0,5.0,3,3.0,2.0,4.0,1.0,0.0,9.0,8.0,1.0,3.0,0.0,0.0,2.0,2.0,3.0,0.0,2.0,0.0,11.0,1.0,6.0,1.0,2.0,3.0,0.0,0.0,0.0,9.0,3.0,1.0,0.0
visit,29.0,5.0,1.0,1.0,3.0,0.0,2.0,1.0,0.0,7.0,38.0,17.0,2.0,11.0,5.0,2.0,6.0,7.0,13.0,1.0,7.0,22.0,4.0,9.0,4.0,6.0,1.0,3.0,29.0,12.0,3.0,10.0,1.0,0.0,6.0,9.0,4.0,703.0,1.0,2.0,5.0,3.0,18.0,7.0,23.0,2.0,10.0,2.0,66.0,21.0,33.0,1.0,8.0,11.0,6.0,8.0,673,90,2.0,4.0,1.0,4.0,9.0,4.0,2.0,76,6.0,4.0,25.0,33,0.0,4.0,2.0,3.0,7.0,3.0,6.0,7.0,19.0,8.0,2.0,1.0,1.0,3.0,5.0,9.0,23.0,15.0,1.0,2.0,2.0,9.0,52.0,2.0,0.0,9.0,0.0,7.0,2.0,3.0
wants,6.0,3.0,0.0,1.0,0.0,2.0,2.0,0.0,3.0,8.0,2.0,2.0,3.0,0.0,2.0,4.0,4.0,7.0,9.0,0.0,6.0,13.0,3.0,1.0,3.0,10.0,1.0,3.0,1.0,0.0,4.0,12.0,1.0,2.0,4.0,12.0,0.0,8.0,3.0,1.0,9.0,3.0,1.0,0.0,2.0,2.0,3.0,1.0,3.0,2.0,1.0,1.0,1.0,0.0,4.0,1.0,191,31,2.0,0.0,4.0,3.0,5.0,0.0,0.0,31,4.0,1.0,3.0,37,1.0,7.0,2.0,2.0,0.0,1.0,5.0,0.0,8.0,7.0,2.0,1.0,4.0,1.0,1.0,2.0,0.0,23.0,1.0,0.0,0.0,12.0,14.0,0.0,5.0,3.0,7.0,0.0,5.0,1.0
war,8.0,2.0,8.0,1.0,0.0,0.0,0.0,10.0,3.0,5.0,21.0,2.0,1.0,0.0,12.0,3.0,18.0,18.0,2.0,0.0,0.0,0.0,0.0,0.0,5.0,8.0,0.0,4.0,2.0,1.0,1.0,0.0,0.0,1.0,1.0,14.0,1.0,1.0,0.0,4.0,10.0,3.0,1.0,0.0,61.0,2.0,1.0,2.0,8.0,1.0,6.0,2.0,7.0,6.0,0.0,23.0,258,35,2.0,0.0,8.0,0.0,1.0,2.0,2.0,14,3.0,1.0,0.0,56,6.0,0.0,0.0,6.0,0.0,0.0,3.0,7.0,0.0,2.0,1.0,0.0,8.0,14.0,0.0,0.0,1.0,30.0,13.0,0.0,7.0,9.0,11.0,1.0,11.0,1.0,2.0,5.0,0.0,1.0
watch,3.0,0.0,1.0,1.0,1.0,1.0,0.0,1.0,0.0,0.0,7.0,0.0,0.0,0.0,1.0,1.0,3.0,2.0,2.0,3.0,4.0,3.0,0.0,3.0,1.0,1.0,2.0,4.0,54.0,1.0,3.0,4.0,0.0,0.0,2.0,0.0,0.0,3.0,1.0,1.0,4.0,0.0,17.0,0.0,4.0,2.0,0.0,0.0,2.0,0.0,1.0,0.0,9.0,14.0,0.0,0.0,144,51,7.0,0.0,0.0,1.0,1.0,6.0,1.0,7,1.0,1.0,0.0,12,0.0,3.0,0.0,0.0,1.0,0.0,2.0,0.0,3.0,0.0,1.0,0.0,0.0,1.0,1.0,0.0,0.0,2.0,0.0,2.0,0.0,12.0,4.0,0.0,2.0,0.0,3.0,1.0,1.0,0.0
white,0.0,4.0,0.0,0.0,1.0,6.0,1.0,0.0,2.0,5.0,8.0,0.0,6.0,0.0,1.0,0.0,1.0,1.0,0.0,0.0,0.0,0.0,2.0,113.0,0.0,1.0,0.0,0.0,0.0,5.0,1.0,0.0,0.0,0.0,0.0,32.0,59.0,11.0,0.0,0.0,0.0,0.0,7.0,0.0,1.0,1.0,17.0,8.0,6.0,3.0,6.0,1.0,1.0,8.0,0.0,0.0,213,95,1.0,3.0,2.0,0.0,2.0,7.0,1.0,19,1.0,1.0,0.0,8,1.0,0.0,2.0,0.0,1.0,0.0,0.0,5.0,0.0,0.0,3.0,0.0,2.0,0.0,0.0,0.0,0.0,6.0,0.0,1.0,0.0,24.0,23.0,0.0,2.0,2.0,9.0,2.0,0.0,0.0
wont,0.0,3.0,16.0,4.0,5.0,1.0,21.0,0.0,0.0,2.0,4.0,7.0,5.0,1.0,3.0,2.0,12.0,11.0,3.0,12.0,1.0,15.0,0.0,0.0,4.0,1.0,0.0,8.0,0.0,1.0,7.0,7.0,0.0,2.0,1.0,4.0,1.0,1.0,2.0,3.0,4.0,5.0,0.0,5.0,2.0,0.0,2.0,0.0,1.0,1.0,0.0,1.0,3.0,1.0,4.0,1.0,253,4,0.0,0.0,0.0,0.0,0.0,0.0,1.0,10,0.0,2.0,1.0,10,1.0,8.0,3.0,1.0,0.0,0.0,6.0,2.0,6.0,13.0,3.0,5.0,0.0,1.0,5.0,0.0,0.0,4.0,3.0,1.0,0.0,12.0,6.0,0.0,0.0,1.0,2.0,0.0,7.0,0.0
world,0.0,0.0,1.0,4.0,2.0,0.0,0.0,0.0,0.0,0.0,2.0,1.0,0.0,0.0,5.0,0.0,0.0,1.0,0.0,19.0,1.0,0.0,0.0,0.0,17.0,0.0,0.0,1.0,23.0,1.0,4.0,2.0,0.0,1.0,0.0,0.0,0.0,20.0,0.0,0.0,0.0,0.0,9.0,0.0,3.0,1.0,0.0,0.0,1.0,0.0,0.0,0.0,15.0,0.0,0.0,0.0,135,85,1.0,0.0,0.0,0.0,14.0,2.0,0.0,17,2.0,7.0,0.0,3,0.0,9.0,0.0,0.0,4.0,0.0,2.0,0.0,0.0,0.0,1.0,26.0,0.0,0.0,0.0,0.0,0.0,0.0,0.0,0.0,1.0,3.0,0.0,2.0,0.0,1.0,11.0,0.0,0.0,0.0
year,0.0,0.0,0.0,0.0,1.0,0.0,0.0,1.0,0.0,0.0,0.0,92.0,0.0,4.0,0.0,1.0,0.0,0.0,0.0,2.0,0.0,1.0,0.0,2.0,0.0,0.0,7.0,0.0,0.0,2.0,0.0,4.0,0.0,1.0,0.0,0.0,1.0,7.0,1.0,2.0,0.0,5.0,0.0,60.0,0.0,0.0,0.0,0.0,0.0,0.0,2.0,3.0,3.0,0.0,0.0,2.0,219,4,0.0,4.0,0.0,0.0,4.0,0.0,0.0,33,0.0,0.0,0.0,3,0.0,0.0,0.0,1.0,0.0,0.0,5.0,0.0,1.0,0.0,0.0,4.0,0.0,0.0,16.0,1.0,0.0,0.0,0.0,0.0,0.0,10.0,0.0,1.0,0.0,0.0,7.0,0.0,0.0,1.0
