MovieID,avg_rating
3656,5.0
3280,5.0
989,5.0
787,5.0
3607,5.0
3172,5.0
3233,5.0
3881,5.0
1830,5.0
3382,5.0
3245,4.8
53,4.75
2503,4.666666666666667
2905,4.608695652173913
2019,4.560509554140127
318,4.554557700942973
858,4.524966261808367
745,4.52054794520548
50,4.517106001121705
527,4.510416666666667
1148,4.507936507936508
3517,4.5
2309,4.5
2480,4.5
578,4.5
439,4.5
3888,4.5
557,4.5
1795,4.5
922,4.491489361702127
1198,4.477724741447892
904,4.476190476190476
1178,4.473913043478261
260,4.453694416583082
1212,4.452083333333333
750,4.4498902706656915
3338,4.444444444444445
720,4.426940639269406
1207,4.425646551724138
3435,4.415607985480944
912,4.412822049131217
670,4.410714285714286
2762,4.406262708418057
3030,4.404651162790698
668,4.404255319148936
1204,4.401925391095066
2930,4.4
913,4.395973154362416
1193,4.390724637681159
923,4.388888888888889
3307,4.387453874538745
1250,4.386993603411514
908,4.38403041825095
1262,4.376436781609195
3022,4.368932038834951
1223,4.361522198731501
1221,4.357565011820331
3089,4.357142857142857
1423,4.357142857142857
593,4.3518231186966645
326,4.344262295081967
3134,4.33939393939394
1252,4.339240506329114
2028,4.337353938937053
3429,4.335766423357664
1136,4.335209505941213
1267,4.333333333333333
128,4.333333333333333
3410,4.333333333333333
2324,4.329861111111111
3470,4.326086956521739
1131,4.324074074074074
1147,4.32129963898917
2731,4.320855614973262
1234,4.320305052430887
2858,4.3173862310385065
2571,4.315830115830116
1284,4.312384473197782
2360,4.3076923076923075
2186,4.304979253112033
1197,4.3037100949094045
1233,4.302697302697303
1260,4.3019480519480515
898,4.3006872852233675
910,4.300480769230769
2931,4.3
2839,4.3
953,4.299039780521262
1203,4.295454545454546
930,4.29438202247191
1196,4.292976588628763
1254,4.289183222958058
2937,4.288461538461538
1172,4.287804878048781
1224,4.286384976525822
2357,4.283720930232558
3091,4.283687943262412
899,4.2836218375499335
905,4.280748663101604
3469,4.279850746268656
296,4.278212805158913
1213,4.275196137598069
3679,4.274193548387097
541,4.273333333333333
903,4.27292817679558
2203,4.2703862660944205
1945,4.269749518304431
1217,4.26890756302521
1272,4.266666666666667
1132,4.259090909090909
363,4.258064516129032
926,4.255583126550868
608,4.254675686430561
3634,4.254545454545455
1276,4.253763440860215
1189,4.25278810408922
1225,4.251808972503618
969,4.251655629139073
1278,4.250628667225482
1117,4.25
214,4.25
598,4.25
1002,4.25
3730,4.249448123620309
951,4.249370277078086
1299,4.248633879781421
919,4.247962747380675
1247,4.245836637589215
678,4.245098039215686
1208,4.243197278911564
954,4.240208877284595
3468,4.24
950,4.239726027397261
2804,4.238905325443787
3462,4.2360655737704915
110,4.234957020057307
2859,4.2343096234309625
1949,4.232876712328767
3801,4.231155778894473
1237,4.230769230769231
3196,4.228426395939087
2925,4.228070175438597
306,4.227544910179641
556,4.2272727272727275
3077,4.2272727272727275
2329,4.2265625
3897,4.22635814889336
1104,4.225672877846791
2692,4.224813432835821
2609,4.223880597014926
1617,4.219405594405594
3114,4.218927444794953
1219,4.218527315914489
3683,4.218152866242038
916,4.216470588235294
1248,4.215953307392996
1304,4.215644820295983
1361,4.213836477987422
1256,4.21043771043771
1358,4.208156329651657
2351,4.207207207207207
928,4.204663212435233
3038,4.202702702702703
942,4.2020547945205475
1664,4.2
3789,4.198717948717949
1218,4.19672131147541
1927,4.1940298507462686
1242,4.193345323741007
2935,4.1931034482758625
2920,4.19
3629,4.189090909090909
1236,4.188888888888889
246,4.18854748603352
1228,4.1875923190546525
649,4.1875
2208,4.185929648241206
111,4.183870967741935
911,4.183006535947713
2197,4.181818181818182
1288,4.179785330948121
1283,4.1786600496277915
1704,4.176356589147287
669,4.173913043478261
1280,4.1732851985559565
955,4.169491525423729
2726,4.1692307692307695
1269,4.168154761904762
3222,4.166666666666667
1066,4.1657142857142855
1235,4.164992826398852
1900,4.163934426229508
2330,4.163043478260869
1214,4.159584980237154
3147,4.154664484451718
914,4.154088050314465
1240,4.152049571020019
2066,4.150943396226415
3035,4.149643705463183
3000,4.147826086956521
945,4.147410358565737
1449,4.147186147186147
1,4.146846413095811
1300,4.1454545454545455
2300,4.144376899696049
2493,4.142857142857143
1230,4.14167916041979
1293,4.141579731743666
1253,4.141323792486583
3090,4.141242937853107
2501,4.137755102040816
3265,4.137614678899083
2788,4.137472283813747
1537,4.137142857142857
1089,4.13582208101668
3095,4.134357005758157
1201,4.133819951338199
1291,4.133292383292384
1950,4.129310344827586
1303,4.129032258064516
2396,4.127479949345715
909,4.127098321342926
1200,4.125824175824176
2997,4.125390450691656
1780,4.125
1294,4.124658780709736
1939,4.122881355932203
602,4.121951219512195
1036,4.121848739495798
2918,4.11744738628649
3949,4.115131578947368
1952,4.113122171945701
1211,4.1115702479338845
1222,4.110845295055821
1287,4.110795454545454
1263,4.11
47,4.106420404573439
947,4.1063829787234045
293,4.106175514626218
3578,4.106029106029106
1251,4.105263157894737
1258,4.104875804967802
457,4.103258145363409
3811,4.102777777777778
759,4.101694915254237
933,4.10158013544018
307,4.098765432098766
1953,4.098722415795587
116,4.097560975609756
1199,4.097480832420591
1259,4.0969187675070025
906,4.096256684491979
1084,4.096209912536443
1944,4.096153846153846
1111,4.095744680851064
994,4.095555555555555
58,4.093812375249501
2936,4.093167701863354
1266,4.0902708124373115
1090,4.090113735783027
3088,4.089887640449438
1387,4.089569829110195
741,4.089171974522293
2612,4.088235294117647
2624,4.088235294117647
2607,4.088235294117647
356,4.087967183226983
599,4.087121212121212
3083,4.086294416243655
3365,4.085714285714285
3192,4.083333333333333
446,4.082677165354331
800,4.082539682539682
2010,4.082474226804123
3334,4.082429501084599
1244,4.082172701949861
2927,4.08080808080808
3359,4.0807692307692305
1231,4.08
1086,4.079155672823219
3741,4.078838174273859
1206,4.0781122864117165
2959,4.077188146106134
936,4.075757575757576
232,4.07514450867052
965,4.075098814229249
2132,4.074074074074074
2064,4.0739348370927315
3198,4.073846153846154
150,4.073541167066347
1307,4.073341836734694
3911,4.073059360730594
924,4.068764568764569
1545,4.068493150684931
1046,4.066666666666666
2067,4.065602836879433
162,4.063136456211812
29,4.062034739454094
3006,4.0588235294117645
589,4.058512646281616
1947,4.057818659658344
213,4.056910569105691
2682,4.056818181818182
2677,4.056521739130435
2966,4.055944055944056
28,4.055865921787709
1264,4.054474708171206
121,4.054054054054054
1961,4.053383458646617
1226,4.053097345132743
3421,4.053024026512014
1446,4.052910052910053
1610,4.052058111380146
3224,4.0519480519480515
1963,4.051587301587301
2973,4.05
581,4.049645390070922
971,4.047970479704797
2761,4.0474777448071215
3671,4.047363717605005
3849,4.046511627906977
615,4.044776119402985
1719,4.044619422572178
3037,4.04399323181049
3508,4.043835616438356
3281,4.040816326530612
2819,4.040752351097178
3341,4.03954802259887
3097,4.038834951456311
1041,4.037974683544304
1942,4.033613445378151
3507,4.033419023136247
1281,4.032407407407407
2917,4.031746031746032
1931,4.0311111111111115
1362,4.03
2336,4.029850746268656
3783,4.029787234042553
1192,4.0285714285714285
1935,4.02803738317757
17,4.027544910179641
3363,4.026262626262627
3819,4.024489795918368
1209,4.023121387283237
1210,4.022892819979188
3814,4.0228310502283104
3808,4.0227272727272725
3467,4.021505376344086
1394,4.02092050209205
3504,4.020348837209302
2728,4.018779342723005
1080,4.018358531317495
2248,4.017505470459518
2972,4.015384615384615
3471,4.0144727773949
2908,4.014117647058823
3007,4.013559322033898
1292,4.013536379018612
2313,4.013129102844639
1934,4.012987012987013
2206,4.0119760479041915
2940,4.009345794392523
2194,4.007985803016859
3498,4.0067796610169495
1797,4.005988023952096
1246,4.005847953216374
1245,4.005586592178771
1249,4.005457025920873
2944,4.0042432814710045
1175,4.002717391304348
853,4.0
3057,4.0
1470,4.0
1915,4.0
584,4.0
878,4.0
966,4.0
139,4.0
3126,4.0
2811,4.0
1076,4.0
1901,4.0
2444,4.0
2438,4.0
632,4.0
3092,4.0
1238,4.0
3737,4.0
3609,4.0
3305,4.0
1827,4.0
1139,4.0
130,4.0
1851,4.0
1832,4.0
3353,4.0
2575,4.0
1871,4.0
2494,4.0
1434,4.0
1316,4.0
2198,4.0
456,4.0
3164,4.0
1842,4.0
3530,4.0
398,4.0
1741,4.0
2670,4.0
3065,4.0
3232,4.0
3229,4.0
792,4.0
2358,4.0
497,4.0
701,4.0
624,4.0
134,4.0
774,4.0
2909,4.0
3647,4.0
2999,4.0
1420,4.0
746,4.0
396,4.0
758,4.0
3522,4.0
3601,4.0
717,4.0
3277,4.0
920,3.9974048442906573
1296,3.9964285714285714
1674,3.9961759082217974
2951,3.9942528735632186
3929,3.993197278911565
1177,3.993197278911565
1348,3.991596638655462
1270,3.9903213317847466
1956,3.990138067061144
1099,3.9896907216494846
2983,3.9876543209876543
1023,3.986425339366516
3075,3.9855072463768115
1243,3.9846153846153847
943,3.982456140350877
3735,3.981818181818182
3347,3.981132075471698
1759,3.980392156862745
1077,3.9798387096774195
2732,3.97972972972973
529,3.977777777777778
949,3.9767441860465116
1096,3.9767441860465116
1960,3.9764150943396226
927,3.9761904761904763
1301,3.9758713136729225
1946,3.975609756097561
2648,3.9753694581280787
3739,3.975
940,3.9735449735449735
1289,3.9725274725274726
3350,3.972027972027972
3152,3.9717514124293785
3062,3.971590909090909
2020,3.9715394566623545
1079,3.971342383107089
2791,3.9711149624494513
2947,3.971014492753623
3742,3.97008547008547
3362,3.969934640522876
324,3.9696969696969697
1273,3.9657534246575343
308,3.9653465346534653
1097,3.9651828999559275
915,3.9643835616438357
3654,3.9641434262948207
1419,3.963235294117647
2289,3.96319018404908
3475,3.962686567164179
2686,3.9622641509433962
2398,3.960526315789474
778,3.9600532623169107
3182,3.9596774193548385
3728,3.9594594594594597
2970,3.9591836734693877
41,3.958677685950413
3306,3.9583333333333335
1411,3.9581151832460733
1185,3.958057395143488
36,3.9579741379310347
2932,3.957627118644068
3096,3.956989247311828
1788,3.956043956043956
1997,3.9559322033898305
1571,3.9555555555555557
2565,3.954301075268817
1265,3.953028972783143
3201,3.9526462395543174
932,3.9523809523809526
3148,3.952180028129395
2594,3.9516129032258065
2848,3.951219512195122
1188,3.951183431952663
1784,3.9501404494382024
3851,3.95
3637,3.95
3317,3.9495967741935485
3135,3.948717948717949
3379,3.9473684210526314
2512,3.9473684210526314
223,3.946883852691218
1161,3.9468085106382977
32,3.945731303772336
2202,3.943661971830986
1954,3.9433126660761735
2323,3.942857142857143
1060,3.94147582697201
3416,3.9411764705882355
2871,3.9410150891632374
3606,3.940828402366864
978,3.94
1220,3.9395973154362416
1834,3.9391480730223125
3456,3.9384615384615387
1176,3.937984496124031
3680,3.9361702127659575
1274,3.933628318584071
40,3.933333333333333
681,3.933333333333333
2183,3.9329608938547485
265,3.9326424870466323
1035,3.931972789115646
428,3.931558935361217
2268,3.93119698397738
1150,3.930379746835443
2599,3.9303547963206307
3551,3.93
2071,3.9298245614035086
3481,3.928623452294246
824,3.9285714285714284
2824,3.9285714285714284
555,3.9285714285714284
1069,3.9272727272727272
3364,3.9271523178807946
2810,3.926829268292683
3916,3.9244851258581237
907,3.9238095238095236
96,3.923076923076923
1103,3.9228855721393034
3543,3.9225268176400476
1344,3.9224376731301938
1257,3.9216101694915255
3019,3.920673076923077
3171,3.92
2303,3.92
3451,3.92
3360,3.91864406779661
515,3.917777777777778
176,3.9170731707317072
3681,3.916923076923077
290,3.9166666666666665
3668,3.9157303370786516
590,3.9152308752584424
973,3.9146341463414633
3002,3.914285714285714
1625,3.9138321995464853
298,3.9130434782608696
931,3.912621359223301
2664,3.912420382165605
2969,3.912087912087912
1340,3.912037037037037
1302,3.9114583333333335
2611,3.910958904109589
1938,3.9098360655737703
2924,3.9097744360902253
3836,3.9093333333333335
2847,3.909090909090909
1879,3.909090909090909
1743,3.909090909090909
902,3.908284023668639
1162,3.90625
2716,3.9055479138010085
2070,3.9053030303030303
1282,3.904559915164369
1923,3.9044493070751276
3246,3.903157894736842
2318,3.903125
3545,3.9029345372460496
2467,3.9012345679012346
475,3.9006410256410255
1412,3.9
3570,3.9
3951,3.9
2542,3.8976
628,3.8969072164948453
2660,3.8962962962962964
2176,3.8952879581151834
2745,3.8951965065502185
2919,3.895140664961637
508,3.894830659536542
1028,3.894164193867458
921,3.8940397350993377
3160,3.8939802336028753
319,3.8937728937728937
3067,3.8923512747875355
34,3.8914905768132497
2618,3.891304347826087
1940,3.89010989010989
2863,3.88996138996139
2948,3.8897535667963683
714,3.888888888888889
1925,3.888888888888889
811,3.888888888888889
2285,3.888888888888889
3677,3.888888888888889
2000,3.8869084204056548
595,3.8858490566037736
1095,3.8844133099824867
1277,3.884297520661157
2921,3.8832807570977916
2068,3.8828125
3079,3.882758620689655
1333,3.882673942701228
3424,3.880921895006402
1374,3.880524861878453
838,3.8802395209580838
3061,3.88
1968,3.8797920727745288
3751,3.8796087283671934
2359,3.879089615931721
6,3.8787234042553194
1936,3.8780487804878048
2610,3.8780487804878048
3859,3.8780487804878048
3521,3.877659574468085
1889,3.877551020408163
1962,3.8773006134969323
82,3.8764044943820224
1643,3.8754716981132074
3405,3.875
3905,3.875
1533,3.875
2352,3.8747016706443915
2949,3.874613003095975
553,3.8734177215189876
3505,3.8732394366197185
1641,3.872393661384487
262,3.872093023255814
101,3.869565217391304
2843,3.869565217391304
123,3.869565217391304
2511,3.8658536585365852
247,3.8658280922431865
2729,3.8656716417910446
3068,3.865435356200528
3408,3.863878326996198
1227,3.863070539419087
1844,3.8620689655172415
892,3.861842105263158
1682,3.861691542288557
1073,3.8613861386138613
364,3.8608385370205176
334,3.8596491228070176
2488,3.8588235294117648
1948,3.8585858585858586
2662,3.8584070796460175
568,3.857142857142857
2693,3.857142857142857
2673,3.857142857142857
263,3.857142857142857
1138,3.857142857142857
3870,3.857142857142857
3787,3.857142857142857
373,3.856589147286822
3342,3.8565022421524664
3104,3.8562091503267975
3396,3.8561827956989245
3044,3.855917667238422
2797,3.8558014755197854
2739,3.8555555555555556
3746,3.8550724637681157
3925,3.8548387096774195
2580,3.854771784232365
2355,3.854374633000587
2585,3.8541666666666665
1649,3.8518518518518516
3094,3.8514851485148514
900,3.8513119533527695
2139,3.850948509485095
946,3.8509316770186337
314,3.85
831,3.85
3200,3.8488372093023258
3178,3.848722986247544
3271,3.847560975609756
3552,3.8469493278179936
1275,3.8461538461538463
3539,3.8461538461538463
594,3.8453473132372213
1365,3.8448275862068964
3328,3.843949044585987
2138,3.8426229508196723
3585,3.8421052631578947
2795,3.841530054644809
337,3.8412698412698414
2395,3.8409836065573773
1180,3.84
3871,3.839344262295082
1663,3.8391891891891894
341,3.838709677419355
3210,3.8374717832957113
3361,3.837442922374429
3733,3.837370242214533
1078,3.836021505376344
2212,3.8359375
3548,3.835766423357664
534,3.835664335664336
125,3.8333333333333335
3622,3.8333333333333335
1384,3.8333333333333335
1564,3.8333333333333335
3872,3.8333333333333335
2175,3.8333333333333335
705,3.8333333333333335
3292,3.8333333333333335
2130,3.8322368421052633
3098,3.832116788321168
3060,3.8315412186379927
2238,3.831168831168831
2708,3.8297872340425534
1678,3.829113924050633
3039,3.828367103694875
2312,3.8277945619335347
2644,3.827731092436975
80,3.826923076923077
1261,3.826642335766423
3675,3.8265682656826567
1913,3.8263473053892216
3415,3.8260869565217392
1734,3.825870646766169
3499,3.82579185520362
474,3.825102880658436
2442,3.825
1354,3.8239700374531833
866,3.8234265734265733
2971,3.823343848580442
2137,3.8229376257545273
1748,3.822654462242563
538,3.8222222222222224
2757,3.8222222222222224
1050,3.8219178082191783
549,3.821656050955414
2502,3.8211009174311927
3793,3.8206485771012573
2204,3.8202247191011236
3910,3.82
2160,3.818820224719101
3069,3.8181818181818183
535,3.8172757475083055
73,3.8169642857142856
1546,3.816326530612245
2078,3.816265060240964
1285,3.8156911581569117
3329,3.814814814814815
722,3.814814814814815
302,3.813953488372093
1500,3.813380281690141
1408,3.8133333333333335
2333,3.8131487889273354
2872,3.81266846361186
3137,3.8125
3625,3.8125
199,3.8119658119658117
3366,3.811320754716981
440,3.811181434599156
2295,3.810810810810811
1914,3.8091397849462365
3788,3.8089430894308944
1964,3.80794701986755
2890,3.8070519098922624
1357,3.8065693430656933
215,3.80625
1271,3.806070826306914
345,3.8059701492537314
3159,3.8057395143487858
1809,3.8055555555555554
1941,3.8053097345132745
2080,3.8043981481481484
1215,3.804232804232804
1184,3.802197802197802
1635,3.8007889546351086
3384,3.800724637681159
1174,3.8
1369,3.8
3443,3.8
562,3.799163179916318
2310,3.798507462686567
1912,3.797356828193833
1957,3.7965299684542586
1955,3.7964601769911503
1466,3.7955493741307373
3736,3.7948717948717947
944,3.7938144329896906
11,3.7938044530493706
918,3.7936507936507935
1305,3.793388429752066
16,3.7932551319648096
3296,3.793103448275862
2579,3.793103448275862
3549,3.792307692307692
3547,3.792207792207792
3653,3.791946308724832
1921,3.7911908646003263
1680,3.790948275862069
2284,3.7906976744186047
3310,3.7903225806451615
1179,3.7887005649717516
588,3.788304959289415
3074,3.7882882882882885
3311,3.787878787878788
149,3.7872340425531914
3072,3.7871690427698574
2069,3.7857142857142856
1450,3.7857142857142856
1929,3.7857142857142856
2288,3.785425101214575
929,3.78494623655914
2302,3.7845303867403315
1067,3.782608695652174
2943,3.78125
3952,3.7809278350515463
3105,3.7808823529411764
3655,3.78
1125,3.779220779220779
1085,3.7786259541984735
1594,3.778501628664495
1639,3.7784679089026914
2562,3.7777777777777777
2156,3.7777777777777777
755,3.7777777777777777
2569,3.7777777777777777
771,3.7777777777777777
2946,3.7731958762886597
1860,3.772727272727273
3175,3.771412037037037
3168,3.7711340206185566
1673,3.769503546099291
3526,3.7694204685573367
2776,3.769230769230769
531,3.769230769230769
3289,3.769230769230769
2401,3.769230769230769
1584,3.768451519536903
3357,3.766990291262136
3516,3.7665198237885464
728,3.7649769585253456
2904,3.764705882352941
77,3.764705882352941
2721,3.764705882352941
3071,3.764525993883792
480,3.7638473053892216
3816,3.763157894736842
2076,3.7629969418960245
3028,3.762589928057554
3532,3.761904761904762
1893,3.761904761904762
1683,3.761467889908257
2654,3.7611940298507465
539,3.760649087221095
1873,3.7606177606177607
2700,3.760441292356186
3330,3.759259259259259
1393,3.7590539541759056
300,3.7588652482269502
3510,3.7588306942752743
249,3.7586206896551726
3822,3.757142857142857
2081,3.756521739130435
1910,3.7560975609756095
3100,3.756019261637239
194,3.755868544600939
1022,3.755632582322357
3678,3.7555555555555555
3613,3.75531914893617
3386,3.755291005291005
897,3.7551020408163267
321,3.7540983606557377
948,3.753846153846154
3406,3.7523809523809524
1321,3.7522768670309654
2391,3.751677852348993
596,3.751004016064257
1845,3.750830564784053
2129,3.75
974,3.75
3747,3.75
1144,3.75
404,3.75
3495,3.75
190,3.75
985,3.75
3256,3.75
97,3.75
2299,3.75
757,3.75
3932,3.75
937,3.75
3536,3.7484662576687118
2967,3.748031496062992
2243,3.747782002534854
1279,3.747422680412371
2725,3.7473684210526317
2952,3.747311827956989
2922,3.7468879668049793
3753,3.7451612903225806
3339,3.744186046511628
357,3.7437145174371453
2109,3.743455497382199
3034,3.7434402332361514
483,3.7432432432432434
1907,3.742857142857143
2239,3.7422680412371134
2938,3.7419354838709675
959,3.7413793103448274
3713,3.7411764705882353
1124,3.740740740740741
2075,3.740740740740741
49,3.740740740740741
1580,3.739952718676123
1392,3.73972602739726
1725,3.739130434782609
2018,3.738539898132428
1732,3.7383773928896993
2669,3.7383177570093458
2852,3.7378048780487805
3494,3.7375
3397,3.7374301675977653
846,3.736842105263158
2347,3.736842105263158
1171,3.7349397590361444
3448,3.733826247689464
2131,3.7333333333333334
2981,3.7333333333333334
3284,3.7333333333333334
1154,3.7333333333333334
1094,3.7314890154597236
1572,3.730769230769231
1937,3.7301587301587302
2697,3.7291666666666665
3260,3.7291666666666665
3723,3.7286245353159853
1396,3.7277726856095326
2342,3.727272727272727
1123,3.727272727272727
1730,3.727272727272727
2150,3.726618705035971
154,3.7261904761904763
349,3.7261567516525025
1694,3.7261146496815285
272,3.7258485639686683
3008,3.7254901960784315
94,3.7252747252747254
1684,3.7241379310344827
161,3.723684210526316
3936,3.7232142857142856
733,3.723134328358209
3447,3.7222222222222223
1169,3.7222222222222223
3546,3.7219730941704037
3487,3.7205882352941178
3831,3.7204301075268815
659,3.72
2117,3.7194244604316546
492,3.719402985074627
3724,3.717948717948718
1693,3.717948717948718
551,3.717871485943775
279,3.717391304347826
621,3.7142857142857144
2593,3.7142857142857144
2189,3.7142857142857144
3133,3.7142857142857144
2276,3.7142857142857144
2125,3.7139423076923075
3420,3.71356783919598
3252,3.7135135135135133
1982,3.7134387351778657
322,3.712918660287081
3052,3.7128412537917086
2529,3.712564543889845
3920,3.712121212121212
3181,3.7116564417177913
1653,3.711234911792015
2144,3.710709318497914
1517,3.7103734439834026
2096,3.710371819960861
2706,3.7098632109431247
3076,3.7096774193548385
3727,3.7094594594594597
1356,3.7091603053435116
3371,3.7083333333333335
1297,3.7081447963800906
2108,3.7066666666666666
2963,3.7058823529411766
2993,3.7054455445544554
941,3.704761904761905
1012,3.7043189368770766
3163,3.7039473684210527
2210,3.7037037037037037
3188,3.7037037037037037
1019,3.7026086956521738
2118,3.7024793388429753
1484,3.7016129032258065
3129,3.701388888888889
1082,3.7012987012987013
3066,3.7010309278350517
389,3.7
3282,3.7
2690,3.7
3111,3.699530516431925
348,3.698901098901099
2750,3.6982456140350877
1032,3.697142857142857
3852,3.6971153846153846
3093,3.6971153846153846
3143,3.696969696969697
83,3.696969696969697
2321,3.6968911917098444
235,3.696871628910464
62,3.6968576709796674
2857,3.6967418546365916
3604,3.69672131147541
893,3.6956521739130435
3244,3.6956521739130435
1951,3.6948356807511735
2620,3.6944444444444446
2968,3.6940594059405942
441,3.6936236391912907
1885,3.692434210526316
503,3.6923076923076925
1811,3.6923076923076925
2696,3.691358024691358
431,3.6910569105691056
2390,3.690909090909091
3682,3.6904761904761907
1729,3.6892265193370166
2406,3.6892193308550185
2171,3.688775510204082
2866,3.6884422110552766
1029,3.688380281690141
1695,3.6875
309,3.6875
2114,3.6875
3267,3.6873706004140785
2353,3.687246963562753
1101,3.6861386138613863
1068,3.6857142857142855
1994,3.6842767295597483
2744,3.6842105263157894
803,3.6842105263157894
1127,3.6839650145772596
3150,3.683333333333333
3576,3.683098591549296
1965,3.6830892143808254
2916,3.682364729458918
3358,3.681614349775785
3868,3.680635838150289
3512,3.6806167400881056
3418,3.6803105151729003
671,3.6798245614035086
2987,3.6798221234018897
3255,3.6797088262056414
2912,3.679324894514768
982,3.6790123456790123
583,3.6785714285714284
3203,3.6780684104627768
342,3.6776061776061777
2115,3.676131322094055
917,3.675324675324675
509,3.674342105263158
3703,3.6740812379110253
3479,3.6734317343173433
968,3.6713286713286712
2029,3.6710526315789473
1343,3.671033478893741
206,3.6707317073170733
3101,3.669576059850374
3873,3.6678571428571427
3241,3.6666666666666665
3720,3.6666666666666665
3559,3.6666666666666665
3670,3.6666666666666665
1039,3.6666666666666665
850,3.6666666666666665
3855,3.6666666666666665
3309,3.6666666666666665
1509,3.6666666666666665
2833,3.6666666666666665
2510,3.6666666666666665
702,3.6666666666666665
90,3.6666666666666665
729,3.6666666666666665
3056,3.6666666666666665
2073,3.6666666666666665
394,3.6666666666666665
3657,3.6666666666666665
3230,3.6666666666666665
1534,3.6666666666666665
3950,3.6666666666666665
3242,3.6666666666666665
3461,3.6657223796033995
2687,3.665158371040724
3538,3.664772727272727
299,3.664335664335664
3702,3.6641651031894935
2178,3.663157894736842
2671,3.6628205128205127
449,3.6619718309859155
3204,3.661764705882353
1633,3.661654135338346
2087,3.65993265993266
1187,3.6598639455782314
523,3.658119658119658
934,3.6578947368421053
665,3.657142857142857
1376,3.6563055062166963
2366,3.6560846560846563
3266,3.655844155844156
69,3.6551724137931036
1216,3.6551724137931036
2813,3.6551724137931036
3624,3.6548672566371683
1516,3.6538461538461537
3527,3.653816499614495
1959,3.6533546325878596
2621,3.652173913043478
3658,3.652173913043478
2140,3.652112676056338
3078,3.6516129032258067
25,3.6510204081632653
3368,3.6507936507936507
1397,3.6507936507936507
1758,3.65
3854,3.65
261,3.6491228070175437
30,3.6486486486486487
281,3.648068669527897
2437,3.6470588235294117
617,3.6470588235294117
1966,3.6464646464646466
862,3.6451612903225805
1034,3.6449704142011834
901,3.6436781609195403
3102,3.6434426229508197
3189,3.6433333333333335
1898,3.642857142857143
2763,3.6418732782369148
597,3.641491395793499
1298,3.640826873385013
1527,3.6405228758169934
52,3.640371229698376
2915,3.6396713615023475
388,3.6391752577319587
2988,3.638888888888889
1967,3.637184115523466
3158,3.6363636363636362
1531,3.6363636363636362
3948,3.6357308584686776
1232,3.6346153846153846
72,3.6344086021505375
380,3.6342857142857143
613,3.6341463414634148
935,3.6338028169014085
3612,3.6333333333333333
2434,3.6333333333333333
117,3.632911392405063
3167,3.6325301204819276
3132,3.6315789473684212
3556,3.6310975609756095
3599,3.6310679611650487
471,3.631051752921536
3639,3.629067245119306
3108,3.6264550264550266
2841,3.6262833675564683
3480,3.6258064516129034
854,3.625
406,3.625
560,3.625
1026,3.625
21,3.6238938053097347
1350,3.6234718826405867
635,3.6233766233766236
39,3.6233480176211454
3183,3.6222222222222222
1615,3.6211453744493394
2425,3.6206896551724137
938,3.620320855614973
2779,3.6202898550724636
3275,3.619565217391304
2596,3.618705035971223
1081,3.6175115207373274
3153,3.616279069767442
524,3.615546218487395
715,3.6153846153846154
561,3.6153846153846154
2941,3.6142857142857143
1186,3.613879003558719
233,3.6127659574468085
205,3.611764705882353
1202,3.611111111111111
2439,3.611111111111111
3645,3.611111111111111
1025,3.6109215017064846
2349,3.6107784431137726
3011,3.610738255033557
1183,3.609706774519717
425,3.6095238095238096
2236,3.608910891089109
2231,3.608695652173913
2583,3.608510638297872
2058,3.6082603254067585
1958,3.607547169811321
493,3.6073825503355703
2083,3.6068702290076335
501,3.606382978723404
3635,3.6057494866529773
2161,3.6051502145922747
1345,3.6049382716049383
2681,3.604651162790698
986,3.603448275862069
627,3.603305785123967
1306,3.6029411764705883
952,3.6022304832713754
2495,3.6020408163265305
2099,3.6018099547511313
592,3.6009783368273935
3253,3.600892857142857
448,3.6008771929824563
1563,3.6
633,3.6
2481,3.6
2538,3.6
3010,3.6
645,3.6
167,3.6
860,3.6
3632,3.6
2764,3.6
1164,3.6
2065,3.5991649269311066
2184,3.598639455782313
2570,3.5980392156862746
2085,3.5964601769911506
2443,3.5952380952380953
1414,3.5952380952380953
2371,3.5943238731218696
3844,3.593137254901961
2291,3.5926680244399187
3685,3.5926605504587155
2991,3.5924170616113744
1631,3.5918367346938775
1290,3.591304347826087
3823,3.590909090909091
2237,3.590909090909091
2870,3.5906735751295336
2301,3.5902964959568733
2436,3.5901639344262297
805,3.5901162790697674
3417,3.589041095890411
151,3.588447653429603
2423,3.588349514563107
1608,3.5882899628252787
2185,3.588235294117647
571,3.588235294117647
1017,3.5869565217391304
1286,3.585964912280702
3700,3.5853658536585367
1721,3.5834411384217333
1120,3.5833333333333335
106,3.5833333333333335
864,3.5833333333333335
1511,3.5833333333333335
2182,3.5816326530612246
3927,3.5804597701149423
3086,3.580246913580247
3476,3.578710644677661
1380,3.5777233782129745
2187,3.576923076923077
1407,3.5756207674943568
963,3.574074074074074
2403,3.5717884130982367
2394,3.5716753022452505
2079,3.5714285714285716
3726,3.5714285714285716
1696,3.5714285714285716
2626,3.5714285714285716
2304,3.5714285714285716
976,3.5714285714285716
3304,3.5714285714285716
567,3.5714285714285716
3492,3.5714285714285716
2061,3.5714285714285716
844,3.5714285714285716
280,3.5707547169811322
3763,3.570613409415121
1672,3.5700934579439254
766,3.57
171,3.5698924731182795
1660,3.569832402234637
2174,3.5678929765886287
2181,3.5677966101694913
1295,3.5676691729323307
164,3.5672823218997363
522,3.566265060240964
2273,3.5661881977671452
2820,3.5660377358490565
1013,3.565891472868217
377,3.5654545454545454
2173,3.5636363636363635
2711,3.5625
1337,3.5625
2006,3.5615462868769074
165,3.561212121212121
156,3.5606060606060606
3213,3.560344827586207
412,3.559322033898305
211,3.5588235294117645
1057,3.5583941605839415
1310,3.558139534883721
1810,3.558073654390935
3812,3.557894736842105
3121,3.5555555555555554
1865,3.5555555555555554
3047,3.5555555555555554
2834,3.5555555555555554
3792,3.5555555555555554
3803,3.5555555555555554
1415,3.5555555555555554
3372,3.5535714285714284
647,3.5532879818594103
2348,3.5526315789473686
2086,3.5517241379310347
1061,3.550802139037433
2730,3.5502958579881656
956,3.55
141,3.5498533724340176
2883,3.5487364620938626
3466,3.547945205479452
180,3.5476718403547673
454,3.5473300970873787
222,3.547112462006079
2899,3.547008547008547
610,3.546925566343042
3501,3.546468401486989
962,3.5454545454545454
2830,3.5454545454545454
2001,3.5450049455984174
14,3.542483660130719
390,3.542372881355932
1542,3.542016806722689
1092,3.5419440745672435
1370,3.541850220264317
147,3.541436464088398
10,3.5405405405405403
3032,3.5401785714285716
1056,3.54
3555,3.539647577092511
2998,3.5384615384615383
3853,3.5384615384615383
2499,3.5384615384615383
2407,3.5377733598409544
2633,3.537037037037037
2037,3.537037037037037
2640,3.536824877250409
1755,3.533333333333333
751,3.533333333333333
2101,3.533333333333333
514,3.531791907514451
2022,3.531496062992126
1859,3.53125
1083,3.5304878048780486
3118,3.5303030303030303
26,3.53
3327,3.529850746268657
482,3.528409090909091
2278,3.5272952853598016
269,3.5272727272727273
104,3.526392961876833
2211,3.526315789473684
346,3.525
253,3.524390243902439
573,3.5238095238095237
2074,3.5238095238095237
2227,3.5238095238095237
368,3.5236907730673317
991,3.523529411764706
507,3.522727272727273
2874,3.5223880597014925
2166,3.5208333333333335
2282,3.518987341772152
2009,3.518957345971564
3081,3.516885553470919
2801,3.5164835164835164
2766,3.515151515151515
2205,3.515151515151515
3211,3.515151515151515
760,3.515151515151515
3125,3.515
2774,3.514705882352941
2370,3.5140845070422535
1870,3.513888888888889
3169,3.513833992094862
861,3.5128205128205128
2630,3.5121951219512195
3915,3.5118110236220472
3502,3.5113636363636362
3320,3.511111111111111
780,3.5104046242774567
2240,3.508403361344538
1190,3.507575757575758
1401,3.506172839506173
2490,3.5058214747736094
1916,3.505649717514124
2707,3.504731861198738
2782,3.5046728971962615
3398,3.504398826979472
1897,3.5037593984962405
3176,3.503380916604057
1688,3.5032894736842106
1699,3.503225806451613
2550,3.5027322404371586
3893,3.5026833631484795
333,3.502439024390244
2989,3.501176470588235
1485,3.5
863,3.5
3337,3.5
2578,3.5
3131,3.5
3154,3.5
712,3.5
3084,3.5
2056,3.5
2251,3.5
1657,3.5
3333,3.5
3377,3.5
2127,3.5
3903,3.5
3295,3.5
229,3.5
1685,3.5
530,3.5
1149,3.5
2994,3.5
3880,3.5
3756,3.5
3236,3.5
2215,3.5
1504,3.5
242,3.5
682,3.5
679,3.5
3381,3.5
1787,3.5
2939,3.5
37,3.5
3303,3.5
1360,3.5
1670,3.5
3413,3.5
791,3.5
1364,3.5
2543,3.5
339,3.49925705794948
2005,3.4972067039106145
802,3.496487119437939
587,3.49644128113879
2193,3.4962593516209477
2048,3.49618320610687
851,3.4960629921259843
3046,3.4941176470588236
2077,3.4935064935064934
1909,3.4929718875502007
1465,3.492063492063492
2891,3.4918918918918918
506,3.491228070175439
3734,3.491228070175439
2753,3.491228070175439
316,3.490143369175627
1777,3.4895489548954894
1747,3.4895259095920617
2112,3.4884393063583814
2097,3.488262910798122
335,3.4878048780487805
1476,3.4869739478957915
1904,3.4867256637168142
1268,3.4858044164037856
1347,3.4855875831485585
417,3.485576923076923
1535,3.4854368932038833
3174,3.48512585812357
718,3.484848484848485
1151,3.4838709677419355
1047,3.4838709677419355
2294,3.483720930232558
183,3.4827586206896552
1152,3.4827586206896552
3261,3.4825174825174825
3760,3.481967213114754
1042,3.481060606060606
2305,3.48
1031,3.479623824451411
2159,3.4794520547945207
3318,3.4791666666666665
832,3.478723404255319
3087,3.4786821705426356
785,3.4784313725490197
961,3.4782608695652173
1554,3.4782608695652173
3186,3.4779582366589326
1812,3.477272727272727
175,3.477272727272727
2167,3.477132262051916
837,3.477064220183486
3627,3.4766355140186915
1194,3.4764150943396226
3018,3.475806451612903
2929,3.474418604651163
1648,3.4742268041237114
2090,3.4738955823293174
1770,3.473684210526316
3161,3.473684210526316
178,3.473684210526316
2518,3.4727891156462585
3947,3.4727272727272727
650,3.4719101123595504
3529,3.470967741935484
3770,3.470414201183432
2528,3.4696485623003195
1596,3.46875
2727,3.46875
2232,3.467811158798283
3676,3.4673366834170856
3283,3.466666666666667
477,3.466666666666667
2388,3.466666666666667
2046,3.466417910447761
1129,3.4649321266968327
661,3.4647619047619047
2879,3.4634146341463414
3633,3.461756373937677
2466,3.4615384615384617
3699,3.461271676300578
2463,3.4610526315789474
2474,3.4606413994169096
99,3.46
1669,3.4594594594594597
3298,3.4593220338983053
1406,3.4583333333333335
2880,3.4583333333333335
3598,3.458100558659218
163,3.4574074074074073
2738,3.4556962025316458
2272,3.455357142857143
2013,3.454983922829582
2281,3.4545454545454546
3738,3.4545454545454546
3503,3.4545454545454546
2045,3.4545454545454546
3554,3.453781512605042
230,3.4527220630372493
2015,3.4526315789473685
2842,3.4523809523809526
3020,3.4522900763358777
3404,3.452054794520548
2985,3.451586655817738
3128,3.450980392156863
68,3.45
960,3.45
1033,3.4494773519163764
43,3.4457831325301207
574,3.4457142857142857
1805,3.4456869009584663
353,3.4455040871934606
1441,3.444906444906445
3140,3.4444444444444446
1477,3.4444444444444446
2933,3.4444444444444446
1087,3.4444444444444446
1567,3.4444444444444446
2984,3.4444444444444446
112,3.443859649122807
1722,3.4419953596287702
3928,3.441747572815534
3107,3.440736478711162
2455,3.4407096171802056
2287,3.4392857142857145
848,3.4358974358974357
1645,3.4358353510895885
3643,3.4356435643564356
2736,3.4355555555555557
2889,3.4355400696864113
1883,3.4352409638554215
2867,3.434640522875817
708,3.434462444771723
648,3.432874918140144
2280,3.432
896,3.4313725490196076
3550,3.43125
2100,3.4307824591573515
1794,3.4304635761589406
3370,3.4302325581395348
1112,3.4285714285714284
2627,3.4285714285714284
2996,3.4285714285714284
2760,3.4285714285714284
1153,3.4285714285714284
2141,3.4282178217821784
1619,3.4281767955801103
1569,3.428048780487805
3524,3.4269662921348316
2470,3.4265350877192984
266,3.425531914893617
45,3.4246323529411766
2134,3.4235294117647057
1880,3.423076923076923
1922,3.423076923076923
2344,3.4228855721393034
2572,3.422857142857143
2665,3.4225352112676055
361,3.421641791044776
2527,3.4213836477987423
1587,3.4213286713286712
1518,3.42090395480226
500,3.420047732696897
1051,3.4183673469387754
1378,3.4181494661921707
2420,3.417849898580122
2311,3.4170212765957446
663,3.4166666666666665
2573,3.4166666666666665
3640,3.4166666666666665
3473,3.4166666666666665
3628,3.4158415841584158
1701,3.415492957746479
3450,3.415327564894932
3729,3.4144144144144146
3155,3.4144144144144146
2245,3.414396887159533
3740,3.414383561643836
155,3.413793103448276
3221,3.413793103448276
3223,3.413793103448276
3179,3.4133333333333336
1799,3.4131455399061035
3185,3.4120603015075375
1116,3.411764705882353
2923,3.411764705882353
1807,3.411764705882353
7,3.410480349344978
3446,3.41025641025641
2628,3.409777777777778
1372,3.4095904095904097
3795,3.409090909090909
3591,3.4076433121019107
1255,3.4074074074074074
1093,3.4073529411764705
320,3.40625
1597,3.405672009864365
970,3.4054054054054053
3608,3.40534262485482
1014,3.4044117647058822
57,3.404040404040404
3706,3.404017857142857
1875,3.402439024390244
85,3.402061855670103
3250,3.401639344262295
1573,3.4011259676284307
1059,3.4008350730688934
2201,3.4
2557,3.4
1071,3.4
1749,3.4
385,3.4
841,3.4
1351,3.4
189,3.4
1471,3.4
2675,3.4
3349,3.4
3012,3.4
2219,3.4
2962,3.4
3293,3.4
3567,3.4
3422,3.4
2427,3.398505603985056
3809,3.397796817625459
3771,3.3973509933774833
808,3.395348837209302
3731,3.395348837209302
2539,3.3944805194805197
86,3.3940677966101696
3110,3.393939393939394
3586,3.392857142857143
3845,3.392857142857143
144,3.392609699769053
350,3.392233009708738
964,3.392156862745098
224,3.3911917098445596
2414,3.390501319261214
2689,3.3902439024390243
3055,3.3902439024390243
1785,3.388888888888889
2683,3.388423988842399
3070,3.3878887070376433
443,3.3870967741935485
1754,3.38659793814433
875,3.3863636363636362
2102,3.3857868020304567
488,3.3846153846153846
3142,3.3846153846153846
958,3.3846153846153846
3796,3.3846153846153846
3769,3.3842105263157896
543,3.3841642228739004
3827,3.3828451882845187
2457,3.382239382239382
3745,3.3813084112149534
1840,3.38125
495,3.380952380952381
1205,3.380952380952381
481,3.380952380952381
2837,3.380952380952381
1933,3.380952380952381
2424,3.380668257756563
3251,3.380434782608696
1413,3.38
3082,3.379350348027842
3122,3.3793103448275863
1928,3.3793103448275863
3301,3.3787375415282392
781,3.378640776699029
3571,3.377952755905512
988,3.3768115942028984
329,3.3767676767676766
3005,3.3765625
2165,3.376146788990826
3015,3.375
1444,3.375
2743,3.375
3684,3.374301675977654
3790,3.372549019607843
3367,3.372093023255814
2345,3.372093023255814
3566,3.3717105263157894
1892,3.371571072319202
3112,3.3714285714285714
3412,3.3714285714285714
3618,3.3712737127371275
1874,3.3703703703703702
268,3.3703703703703702
3259,3.369727047146402
521,3.3675213675213675
2846,3.3674698795180724
1447,3.36734693877551
2145,3.3665223665223665
2275,3.3661971830985915
1824,3.3653846153846154
3506,3.3652694610778444
362,3.3640167364016738
2496,3.363888888888889
421,3.3617021276595747
2661,3.3617021276595747
2440,3.3617021276595747
3926,3.361111111111111
2885,3.360655737704918
1814,3.36
1589,3.3597560975609757
2433,3.3594771241830066
680,3.359375
3145,3.359073359073359
2734,3.3583690987124464
2454,3.3583333333333334
1459,3.357894736842105
1241,3.357142857142857
997,3.357142857142857
735,3.3564356435643563
2553,3.356164383561644
2021,3.356147021546261
2105,3.3556701030927836
1375,3.353829557713053
3644,3.3529411764705883
616,3.352517985611511
1464,3.3517241379310345
1611,3.3516949152542375
3217,3.3516483516483517
3755,3.351431391905232
3569,3.3513513513513513
2759,3.3511627906976744
2926,3.350561797752809
2622,3.3493975903614457
22,3.3492063492063493
799,3.3491124260355027
1173,3.3484848484848486
2393,3.34820322180917
3402,3.347826086956522
3513,3.3476190476190477
3199,3.3472222222222223
3519,3.3467336683417086
2476,3.3466666666666667
184,3.3461538461538463
494,3.3461538461538463
1015,3.3461538461538463
1884,3.3456375838926173
2023,3.3449612403100777
2025,3.3438914027149322
1339,3.34375
2011,3.3436960276338517
2506,3.3435582822085887
2645,3.343137254901961
351,3.342412451361868
289,3.3417721518987342
3430,3.340909090909091
2057,3.340659340659341
1650,3.34
2104,3.339622641509434
3302,3.339622641509434
3375,3.3384615384615386
3427,3.3378378378378377
2928,3.3376623376623376
18,3.337579617834395
1620,3.3367088607594937
3798,3.3347732181425487
666,3.3333333333333335
1903,3.3333333333333335
2964,3.3333333333333335
796,3.3333333333333335
1482,3.3333333333333335
1519,3.3333333333333335
3867,3.3333333333333335
1861,3.3333333333333335
3603,3.3333333333333335
2116,3.3333333333333335
2482,3.3333333333333335
2223,3.3333333333333335
1507,3.3333333333333335
3575,3.3333333333333335
3588,3.3333333333333335
3776,3.3333333333333335
3216,3.3333333333333335
2746,3.3322649572649574
3478,3.330827067669173
1008,3.329896907216495
3214,3.329896907216495
2261,3.329192546583851
3914,3.3285714285714287
1049,3.328159645232816
2180,3.3275862068965516
1612,3.327272727272727
1395,3.3254237288135595
2049,3.324324324324324
1547,3.324324324324324
490,3.324324324324324
700,3.3241379310344827
3537,3.323529411764706
3124,3.323529411764706
2649,3.3230769230769233
2617,3.3217477656405165
2896,3.3214285714285716
2128,3.32
408,3.3194444444444446
2363,3.318936877076412
3896,3.3184357541899443
1728,3.3181818181818183
2024,3.3175675675675675
491,3.3160377358490565
2155,3.3146067415730336
35,3.3142857142857145
465,3.3142857142857145
605,3.314159292035398
2747,3.311797752808989
1088,3.3114992721979624
3718,3.3114754098360657
1836,3.311111111111111
3040,3.311111111111111
1654,3.310344827586207
369,3.310344827586207
241,3.310344827586207
1054,3.308641975308642
129,3.3076923076923075
2346,3.3066666666666666
1429,3.3063973063973062
1508,3.3055555555555554
3194,3.3045454545454547
1570,3.3043478260869565
2397,3.3043478260869565
236,3.303680981595092
3197,3.302788844621514
301,3.302325581395349
3594,3.302197802197802
3117,3.3013698630136985
3300,3.300738007380074
685,3.3
2209,3.3
2475,3.3
2106,3.2972972972972974
198,3.2958677685950413
145,3.2955801104972378
2836,3.294478527607362
2913,3.2941176470588234
375,3.2941176470588234
1493,3.2941176470588234
1425,3.2916666666666665
877,3.2916666666666665
2657,3.291159772911598
3425,3.2911392405063293
2551,3.291005291005291
2384,3.2906309751434035
1835,3.289617486338798
452,3.289473684210526
2271,3.289473684210526
3813,3.289156626506024
1543,3.2857142857142856
2775,3.2857142857142856
3832,3.2857142857142856
2577,3.2857142857142856
3533,3.2857142857142856
1044,3.2857142857142856
3025,3.2857142857142856
2192,3.2857142857142856
2911,3.2857142857142856
3270,3.285
159,3.2844827586206895
3033,3.2836484983314795
2059,3.283582089552239
999,3.2832167832167833
1621,3.2823529411764705
3794,3.28099173553719
2290,3.28099173553719
450,3.280701754385965
1614,3.2803738317757007
1566,3.279317697228145
1480,3.279245283018868
461,3.2790697674418605
367,3.279050042408821
1943,3.278688524590164
1932,3.2777777777777777
251,3.2777777777777777
2469,3.2766798418972334
458,3.2758620689655173
3441,3.2757894736842106
2133,3.2754158964879854
391,3.275
2803,3.2745664739884393
340,3.2738095238095237
3029,3.2736842105263158
3807,3.2735849056603774
3882,3.2735042735042734
2341,3.272727272727273
1058,3.272727272727273
1038,3.272727272727273
3240,3.272727272727273
2632,3.272727272727273
3409,3.272331154684096
2043,3.2721518987341773
468,3.2714285714285714
2143,3.2704225352112677
764,3.27027027027027
252,3.2697547683923704
3568,3.269230769230769
1385,3.2689804772234274
292,3.2687585266030013
1010,3.268595041322314
2003,3.268041237113402
2376,3.267692307692308
1858,3.2674418604651163
3617,3.2673031026252985
3565,3.267148014440433
383,3.2666666666666666
3351,3.2666666666666666
1552,3.2662473794549265
3144,3.2653061224489797
2110,3.2643051771117166
13,3.2626262626262625
2770,3.2620320855614975
3863,3.2613981762917934
3619,3.260869565217391
967,3.260869565217391
381,3.2606635071090047
3414,3.26
78,3.26
1130,3.25974025974026
3806,3.2586206896551726
2860,3.2578125
2875,3.2577319587628866
3759,3.257142857142857
2600,3.2560975609756095
3930,3.2556053811659194
1416,3.25531914893617
3219,3.2550335570469797
2002,3.254364089775561
3686,3.2542372881355934
1711,3.2531847133757963
2340,3.252906976744186
2714,3.2528735632183907
1018,3.252032520325203
3786,3.25
3378,3.25
823,3.25
1428,3.25
3314,3.25
3003,3.25
2831,3.25
2157,3.25
1652,3.25
136,3.25
2453,3.25
1472,3.25
1561,3.25
2897,3.25
67,3.25
2172,3.25
769,3.25
2332,3.25
3775,3.25
696,3.25
1846,3.25
925,3.25
820,3.25
2413,3.2483069977426635
3206,3.2481203007518795
2634,3.247311827956989
1024,3.246031746031746
376,3.2457142857142856
3049,3.2432432432432434
957,3.2432432432432434
3073,3.242424242424242
3744,3.2422802850356294
2012,3.2421602787456445
580,3.2419354838709675
1312,3.2413793103448274
2361,3.240506329113924
552,3.2400756143667295
3106,3.24
2293,3.24
1020,3.239795918367347
2812,3.239130434782609
1895,3.238562091503268
187,3.238095238095238
3099,3.238095238095238
3784,3.2363636363636363
563,3.235294117647059
105,3.2325581395348837
3127,3.232142857142857
3865,3.2312925170068025
2768,3.230769230769231
3712,3.23013698630137
3036,3.2298850574712645
2519,3.2291666666666665
1727,3.2285714285714286
257,3.2280701754385963
2111,3.2275641025641026
1529,3.225806451612903
653,3.2254901960784315
3444,3.225225225225225
3701,3.2242063492063493
453,3.2238805970149254
2331,3.223463687150838
282,3.2232558139534886
783,3.223076923076923
2459,3.222672064777328
775,3.2222222222222223
2541,3.221824686940966
852,3.221138211382114
188,3.221052631578947
2769,3.220779220779221
3496,3.2203389830508473
3614,3.2195571955719555
3535,3.219047619047619
2756,3.21875
1906,3.21875
3109,3.21875
2749,3.218390804597701
1016,3.217948717948718
3615,3.217391304347826
570,3.217391304347826
2177,3.216867469879518
496,3.2162162162162162
124,3.2142857142857144
2666,3.2142857142857144
1585,3.2142857142857144
1656,3.2142857142857144
60,3.212885154061625
3711,3.212121212121212
103,3.212121212121212
359,3.210526315789474
3659,3.210526315789474
638,3.210526315789474
767,3.2083333333333335
2784,3.2063492063492065
2337,3.2063492063492065
1119,3.2058823529411766
3272,3.2046783625730995
467,3.2037037037037037
3269,3.20335429769392
2901,3.203030303030303
2419,3.2028985507246377
2639,3.2024539877300615
1753,3.202020202020202
2567,3.2019867549668874
1399,3.201923076923077
2135,3.2016806722689077
1735,3.2015209125475286
2,3.20114122681883
2712,3.201058201058201
2881,3.2010178117048347
3207,3.2
1899,3.2
2062,3.2
1872,3.2
264,3.2
2990,3.2
3698,3.1986301369863015
1390,3.1983471074380163
3308,3.197278911564626
1479,3.197158081705151
3138,3.196969696969697
2089,3.196652719665272
3623,3.1957349581111956
3426,3.1953488372093024
1821,3.1943127962085307
3445,3.194244604316547
1661,3.1931818181818183
2249,3.192468619246862
231,3.1924242424242424
2647,3.1923076923076925
1917,3.191891891891892
317,3.1918876755070205
3638,3.191717791411043
1398,3.1904761904761907
525,3.1904761904761907
3894,3.1904761904761907
2672,3.1892583120204603
1135,3.189189189189189
3263,3.188905547226387
1926,3.1875
3860,3.1875
3817,3.1875
3474,3.1875
3515,3.1875
3218,3.1875
1009,3.185567010309278
1366,3.185185185185185
1346,3.1839080459770117
216,3.183098591549296
2780,3.182926829268293
277,3.1823529411764704
219,3.1818181818181817
1671,3.1818181818181817
2047,3.1818181818181817
939,3.1818181818181817
3215,3.1818181818181817
2844,3.180722891566265
1331,3.18
24,3.1794871794871793
371,3.1792452830188678
354,3.1791044776119404
695,3.1777777777777776
2014,3.1777777777777776
2409,3.1775280898876406
2709,3.1767241379310347
2554,3.176470588235294
3139,3.176470588235294
517,3.175392670157068
1317,3.175
2781,3.1746031746031744
347,3.1739130434782608
2659,3.1739130434782608
736,3.1738738738738737
225,3.173228346456693
1919,3.1724137931034484
1658,3.1724137931034484
1792,3.171875
2151,3.171875
358,3.1702127659574466
3649,3.169491525423729
2124,3.169467787114846
365,3.1690140845070425
2605,3.168597168597169
2581,3.168269230769231
3247,3.1681681681681684
1582,3.1666666666666665
806,3.1666666666666665
3866,3.1666666666666665
972,3.1666666666666665
1876,3.166480446927374
3704,3.1662049861495847
140,3.1654676258992804
2033,3.165
2641,3.1643026004728134
3115,3.1636363636363636
536,3.1636363636363636
2405,3.163447251114413
1027,3.1627906976744184
81,3.1626506024096384
3514,3.161290322580645
1496,3.16
3858,3.1594202898550723
3016,3.1588366890380315
2826,3.1586666666666665
1454,3.158536585365854
70,3.1564551422319473
2262,3.1564417177914113
753,3.15625
3906,3.15625
1686,3.1559633027522938
3528,3.155763239875389
1689,3.1547619047619047
372,3.1542056074766354
2179,3.1538461538461537
1063,3.1538461538461537
3419,3.1538461538461537
2861,3.152542372881356
748,3.1510791366906474
451,3.150943396226415
3157,3.15
2416,3.1497175141242937
344,3.1488250652741514
2136,3.1486486486486487
107,3.1484375
1475,3.1481481481481484
170,3.146417445482866
210,3.1463414634146343
2651,3.1463414634146343
2520,3.1452513966480447
2250,3.1451612903225805
3846,3.1449275362318843
2098,3.1447368421052633
1404,3.1447368421052633
288,3.144285714285714
1486,3.142857142857143
271,3.142857142857143
304,3.142857142857143
1575,3.142857142857143
182,3.142857142857143
3452,3.1419939577039275
2688,3.141823444283647
1918,3.14050822122571
3525,3.138888888888889
1769,3.1379310344827585
1498,3.1374045801526718
2431,3.1371308016877637
2432,3.136986301369863
1371,3.1363636363636362
3714,3.1363636363636362
3749,3.1363636363636362
1334,3.136094674556213
2676,3.1353383458646618
3249,3.135294117647059
2694,3.1352718078381794
586,3.1348148148148147
2956,3.1347517730496453
2314,3.1346153846153846
352,3.134453781512605
2325,3.134453781512605
1676,3.1332760103181427
3810,3.1325301204819276
207,3.132420091324201
565,3.1311475409836067
2718,3.1305483028720626
3345,3.130434782608696
2084,3.129032258064516
218,3.128205128205128
3399,3.1264367816091956
3173,3.1262939958592133
835,3.1262135922330097
3902,3.125
874,3.125
3523,3.125
3050,3.125
2334,3.1243523316062176
786,3.123913043478261
422,3.1228070175438596
2724,3.12
2678,3.12
513,3.1194029850746268
2478,3.117750439367311
3885,3.1153846153846154
31,3.1134751773049647
328,3.111111111111111
3917,3.111111111111111
993,3.111111111111111
2560,3.111111111111111
2430,3.111111111111111
2146,3.1107954545454546
1733,3.1097560975609757
1457,3.1090225563909772
2094,3.108695652173913
423,3.1085972850678734
46,3.108433734939759
3274,3.1073059360730593
297,3.107142857142857
3319,3.107142857142857
2297,3.1070422535211266
2320,3.106951871657754
1896,3.106382978723404
2582,3.106060606060606
2035,3.1052631578947367
511,3.1052631578947367
3861,3.103734439834025
2263,3.1028571428571428
3848,3.1
1541,3.1
3862,3.1
3486,3.1
1902,3.1
2942,3.0994475138121547
691,3.0991735537190084
801,3.0991735537190084
1442,3.0985915492957745
3605,3.0980392156862746
3780,3.097560975609756
2613,3.096085409252669
1437,3.0952380952380953
869,3.0952380952380953
294,3.0952380952380953
84,3.0952380952380953
331,3.0952380952380953
1616,3.0936708860759494
3045,3.093220338983051
2247,3.0931506849315067
3264,3.091796875
2221,3.090909090909091
2658,3.090909090909091
114,3.090909090909091
1675,3.090909090909091
1866,3.0899470899470898
1006,3.08974358974359
2802,3.088235294117647
3869,3.0881670533642693
707,3.0872727272727274
724,3.0865384615384617
1353,3.0851063829787235
434,3.0845481049562684
3707,3.0843881856540083
1857,3.0833333333333335
1588,3.083044982698962
426,3.0817843866171004
2103,3.081081081081081
2435,3.080808080808081
2767,3.08
254,3.0789473684210527
1030,3.0773993808049536
537,3.077294685990338
1687,3.077151335311573
3642,3.076923076923077
1502,3.076923076923077
1121,3.076923076923077
1627,3.076
2168,3.0759493670886076
2625,3.0757575757575757
2663,3.0754716981132075
89,3.074235807860262
118,3.073529411764706
2704,3.073170731707317
2418,3.0727272727272728
2976,3.0718132854578095
1349,3.0714285714285716
3725,3.0714285714285716
2702,3.070886075949367
3580,3.0689655172413794
1487,3.067901234567901
55,3.066666666666667
3791,3.066666666666667
3611,3.066666666666667
3534,3.0653465346534654
100,3.0625
131,3.0625
2517,3.062271062271062
1191,3.062200956937799
2447,3.0601503759398496
197,3.0588235294117645
3103,3.0588235294117645
1856,3.0555555555555554
203,3.0541871921182264
1642,3.054054054054054
1409,3.0535714285714284
3943,3.0520833333333335
3497,3.0520833333333335
1586,3.0520646319569122
2485,3.051219512195122
1000,3.05
2865,3.05
2822,3.049429657794677
532,3.0488431876606685
3141,3.0483870967741935
1367,3.0467032967032965
1513,3.0463576158940397
1421,3.0454545454545454
2800,3.0454545454545454
1848,3.0451977401129944
3477,3.044280442804428
1801,3.0434782608695654
1713,3.0432900432900434
709,3.0416666666666665
2590,3.0416666666666665
2533,3.041036717062635
1974,3.0410094637223977
1405,3.04
2785,3.04
2441,3.0384615384615383
3562,3.0384615384615383
2561,3.0381679389312977
270,3.037974683544304
1320,3.037837837837838
3531,3.037037037037037
1544,3.036653386454183
2975,3.036036036036036
3934,3.0357142857142856
1804,3.033613445378151
2772,3.032520325203252
2635,3.032258064516129
2540,3.032051282051282
2710,3.0315278900565885
1463,3.0294117647058822
2031,3.027027027027027
1422,3.0249110320284696
3719,3.022222222222222
1854,3.0208333333333335
409,3.020408163265306
2524,3.018796992481203
1629,3.018348623853211
3489,3.018005540166205
3053,3.0175953079178885
2598,3.016885553470919
550,3.0168539325842696
3,3.01673640167364
2741,3.0163934426229506
2252,3.0161290322580645
674,3.0155440414507773
3120,3.0153846153846153
8,3.014705882352941
2877,3.014218009478673
3483,3.011904761904762
3785,3.0114192495921697
998,3.010752688172043
2615,3.0105820105820107
2723,3.0105509964830013
2195,3.0074074074074075
5,3.0067567567567566
1833,3.003787878787879
2699,3.0029261155815656
3652,3.0
2895,3.0
3187,3.0
3288,3.0
789,3.0
3935,3.0
559,3.0
1764,3.0
2685,3.0
1070,3.0
1565,3.0
807,3.0
868,3.0
2703,3.0
726,3.0
1930,3.0
1579,3.0
401,3.0
3748,3.0
2258,3.0
1829,3.0
3595,3.0
658,3.0
61,3.0
3482,3.0
601,3.0
3336,3.0
286,3.0
1040,3.0
1908,3.0
790,3.0
1134,3.0
756,3.0
657,3.0
1113,3.0
3323,3.0
1817,3.0
3874,3.0
2584,3.0
582,3.0
827,3.0
283,3.0
2619,3.0
245,3.0
3887,3.0
2326,3.0
576,3.0
3184,3.0
3542,3.0
33,3.0
623,3.0
687,3.0
2592,3.0
1724,3.0
402,3.0
1715,3.0
3235,3.0
2563,3.0
152,3.0
1555,3.0
600,3.0
2556,3.0
1843,3.0
776,3.0
763,3.0
603,3.0
3458,3.0
3779,3.0
2214,3.0
734,3.0
1330,3.0
3890,3.0
3752,3.0
3886,3.0
3620,3.0
137,3.0
3136,3.0
3842,3.0
3290,3.0
3587,3.0
884,3.0
2226,3.0
664,3.0
192,3.0
311,3.0
814,3.0
3380,3.0
872,3.0
572,3.0
1767,3.0
2378,2.997578692493947
788,2.9957805907172994
1888,2.994832041343669
2060,2.9945355191256833
2789,2.993939393939394
3457,2.99290780141844
442,2.9921875
2017,2.9876543209876543
3732,2.9859154929577465
662,2.984375
2316,2.983050847457627
2507,2.9814814814814814
3708,2.9812734082397006
113,2.981132075471698
158,2.9806949806949805
2792,2.9802867383512543
3602,2.979591836734694
804,2.9785407725321886
2472,2.978494623655914
1007,2.978448275862069
1377,2.9767216294859358
48,2.9764397905759163
303,2.9760765550239237
1717,2.975824175824176
74,2.975
3717,2.9743150684931505
2095,2.9734513274336285
1363,2.9732142857142856
237,2.972762645914397
3449,2.9705882352941178
3262,2.9693251533742333
3672,2.967948717948718
2372,2.966386554621849
3761,2.9642857142857144
577,2.963636363636364
2426,2.962962962962963
1791,2.9622641509433962
2752,2.962162162162162
1355,2.961038961038961
2587,2.9607843137254903
2513,2.960655737704918
1816,2.9603960396039604
3847,2.96
2586,2.96
1690,2.958921694480103
469,2.9565217391304346
2829,2.9554140127388533
504,2.955056179775281
2369,2.954761904761905
830,2.952542372881356
3051,2.950310559006211
168,2.9502762430939224
2691,2.95
2796,2.95
3428,2.9491525423728815
1841,2.9473684210526314
1163,2.9473684210526314
2267,2.945945945945946
2417,2.945945945945946
2377,2.9453551912568305
2040,2.9453125
2530,2.9452054794520546
88,2.9427083333333335
886,2.9423076923076925
2120,2.9421487603305785
1003,2.9421487603305785
2257,2.9411764705882355
2546,2.940828402366864
3937,2.9407407407407407
3491,2.9393939393939394
1327,2.9380281690140846
1703,2.935483870967742
27,2.9344262295081966
382,2.9338235294117645
2054,2.9330143540669855
2322,2.9310344827586206
520,2.93048128342246
2374,2.930327868852459
569,2.93
1911,2.9297912713472485
2773,2.9285714285714284
1783,2.9272727272727272
2335,2.926190476190476
2339,2.925925925925926
1603,2.925287356321839
2032,2.925
1128,2.9235294117647057
3850,2.923076923076923
3924,2.923076923076923
754,2.923076923076923
566,2.923076923076923
2794,2.9220779220779223
2652,2.9215686274509802
204,2.9211822660098523
2483,2.92
3423,2.918918918918919
3014,2.9183673469387754
2283,2.918032786885246
3544,2.917525773195876
1053,2.914285714285714
248,2.9130434782608696
2737,2.9130434782608696
407,2.911917098445596
1332,2.911764705882353
2977,2.911111111111111
2072,2.910891089108911
1894,2.910828025477707
1379,2.907859078590786
828,2.9074074074074074
410,2.9071274298056156
585,2.9066985645933014
3913,2.90625
996,2.90625
2717,2.9061946902654867
3156,2.906005221932115
287,2.9047619047619047
1342,2.904580152671756
2038,2.904040404040404
2787,2.9012345679012346
1391,2.9003724394785846
987,2.9
1613,2.9
1181,2.9
384,2.9
2840,2.899761336515513
370,2.8980582524271843
2735,2.89760348583878
273,2.8975409836065573
3557,2.896551724137931
2356,2.8958333333333335
1064,2.8947368421052633
1167,2.893617021276596
1806,2.892857142857143
2853,2.892857142857143
378,2.892857142857143
2375,2.8923444976076556
3013,2.8923076923076922
379,2.889908256880734
1436,2.888888888888889
652,2.888888888888889
146,2.888888888888889
2771,2.888888888888889
313,2.888888888888889
3837,2.8876404494382024
2082,2.886426592797784
2148,2.8855421686746987
3254,2.884526558891455
2504,2.883977900552486
1651,2.8823529411764706
338,2.8823529411764706
2893,2.880952380952381
3830,2.88
547,2.879032258064516
1647,2.8777777777777778
95,2.876175548589342
3355,2.8758389261744965
2410,2.8753117206982544
239,2.875
2207,2.875
2722,2.8729096989966556
2646,2.871794871794872
2266,2.871794871794872
512,2.8715083798882683
1114,2.870967741935484
516,2.870967741935484
3518,2.8703703703703702
185,2.869947275922671
2123,2.869767441860465
1600,2.869047619047619
2052,2.8688524590163933
42,2.8687782805429864
2805,2.8683035714285716
3697,2.8678071539657854
1410,2.8666666666666667
1574,2.8666666666666667
1593,2.8641975308641974
2505,2.863970588235294
719,2.8619246861924688
3021,2.861111111111111
2400,2.86046511627907
3660,2.859872611464968
3257,2.8594249201277955
3590,2.8588235294117648
1488,2.857638888888889
1659,2.857142857142857
876,2.857142857142857
23,2.857142857142857
108,2.857142857142857
630,2.857142857142857
2492,2.856115107913669
63,2.855855855855856
3326,2.8555555555555556
76,2.853932584269663
2093,2.851449275362319
731,2.851063829787234
1352,2.851063829787234
2327,2.85
2328,2.8497109826589595
2091,2.849462365591398
2362,2.849056603773585
1341,2.849056603773585
2535,2.8487394957983194
3509,2.847826086956522
3765,2.847826086956522
1581,2.847457627118644
2190,2.8461538461538463
1850,2.8461538461538463
2978,2.8446601941747574
2532,2.8435754189944134
259,2.843137254901961
1043,2.8425925925925926
195,2.841463414634146
2758,2.838709677419355
3395,2.8363636363636364
2497,2.835294117647059
2531,2.8333333333333335
2545,2.8333333333333335
2638,2.8333333333333335
1551,2.8333333333333335
3778,2.8333333333333335
3878,2.8333333333333335
732,2.8333333333333335
2602,2.8333333333333335
1458,2.8333333333333335
2055,2.8333333333333335
459,2.832167832167832
2142,2.8308457711442787
2429,2.827777777777778
879,2.827004219409283
3600,2.8264462809917354
2402,2.825436408977556
1473,2.825
3834,2.8238636363636362
196,2.8236363636363637
3757,2.823529411764706
575,2.822429906542056
2864,2.8214285714285716
38,2.8214285714285716
366,2.8207171314741037
3773,2.818713450292398
1539,2.8181818181818183
1646,2.8181818181818183
2961,2.817857142857143
1438,2.8161993769470404
2751,2.814814814814815
486,2.8125
238,2.8125
135,2.81203007518797
1920,2.8104395604395602
1100,2.807142857142857
3340,2.8028169014084505
3918,2.802395209580838
3875,2.8
2415,2.8
3346,2.8
980,2.8
2191,2.8
392,2.8
2849,2.8
2445,2.7972972972972974
479,2.7969924812030076
2882,2.7966101694915255
2260,2.795918367346939
466,2.7958115183246073
3805,2.7941176470588234
1091,2.7935656836461127
433,2.7916666666666665
725,2.791208791208791
2350,2.789473684210526
3436,2.7890625
761,2.7886178861788617
3900,2.787878787878788
44,2.787781350482315
3581,2.7857142857142856
2154,2.7857142857142856
3879,2.7847222222222223
148,2.782608695652174
464,2.7824074074074074
2888,2.7815126050420167
3403,2.78125
2354,2.780141843971631
1382,2.779527559055118
1881,2.7794117647058822
1667,2.7787610619469025
3636,2.7777777777777777
2856,2.7777777777777777
3465,2.7777777777777777
2428,2.7777777777777777
1583,2.7777777777777777
2544,2.7777777777777777
2509,2.7777777777777777
2364,2.7768595041322315
609,2.7761194029850746
2241,2.7751937984496124
3459,2.774193548387097
2387,2.774193548387097
2656,2.774193548387097
1726,2.7737226277372264
2034,2.772881355932203
1455,2.772727272727273
2365,2.7720588235294117
2468,2.770053475935829
1432,2.77
1021,2.769230769230769
3553,2.768292682926829
3316,2.7681660899653977
122,2.768041237113402
3584,2.7674418604651163
1417,2.7674418604651163
1440,2.765432098765432
2188,2.7644787644787643
1746,2.7636363636363637
3324,2.763157894736842
186,2.7630331753554502
3146,2.762987012987013
2653,2.761904761904762
3208,2.7613636363636362
3825,2.7611940298507465
1483,2.7588652482269502
295,2.7586206896551726
3758,2.7583333333333333
2650,2.757575757575758
2367,2.7572815533980584
1677,2.7567567567567566
499,2.7551020408163267
3841,2.7549019607843137
2793,2.7547169811320753
1604,2.753846153846154
1983,2.753846153846154
3258,2.752212389380531
3641,2.75
59,2.75
749,2.75
981,2.75
3540,2.75
2825,2.75
2629,2.75
3322,2.75
2623,2.75
1886,2.75
2960,2.75
1553,2.75
278,2.75
1373,2.7487765089722673
1999,2.748031496062992
2126,2.7454545454545456
1609,2.7454545454545456
2898,2.7450980392156863
387,2.7450980392156863
463,2.74468085106383
498,2.74468085106383
2558,2.74468085106383
2491,2.739130434782609
2269,2.737327188940092
1055,2.736842105263158
1762,2.73568281938326
3688,2.734513274336283
2589,2.734375
533,2.7339901477832513
177,2.7338129496402876
3898,2.7333333333333334
3883,2.7333333333333334
3273,2.733102253032929
157,2.732620320855615
330,2.7315436241610738
2121,2.730612244897959
784,2.72987012987013
3597,2.72972972972973
4,2.7294117647058824
3287,2.7286821705426356
267,2.7285714285714286
3484,2.728476821192053
1864,2.727272727272727
3116,2.727272727272727
3782,2.727272727272727
1011,2.725925925925926
2606,2.7246376811594204
3387,2.722543352601156
1601,2.72
1624,2.72
3063,2.7194244604316546
3388,2.7181208053691277
2279,2.7168141592920354
2259,2.716417910447761
2765,2.7142857142857144
1514,2.7142857142857144
2705,2.7142857142857144
2246,2.7142857142857144
2850,2.7142857142857144
3500,2.711864406779661
882,2.711864406779661
1598,2.7117117117117115
240,2.7111111111111112
3389,2.710526315789474
3835,2.707865168539326
798,2.7058823529411766
472,2.7045454545454546
1550,2.704225352112676
558,2.7037037037037037
1991,2.702928870292887
3285,2.702127659574468
3892,2.7
3693,2.697802197802198
3454,2.697674418604651
276,2.692982456140351
3864,2.6923076923076925
779,2.6923076923076925
2674,2.6923076923076925
2026,2.68944099378882
3225,2.6885245901639343
2107,2.6884422110552766
1837,2.6875
476,2.6857142857142855
1665,2.685
1549,2.6842105263157894
336,2.6842105263157894
2900,2.6832298136645965
2616,2.6826923076923075
2873,2.6818181818181817
3909,2.681159420289855
1460,2.6808510638297873
716,2.6785714285714284
2945,2.6785714285714284
3438,2.6779026217228465
2755,2.6774193548387095
2421,2.6771488469601676
2169,2.6769230769230767
2007,2.6769230769230767
640,2.676056338028169
1744,2.675324675324675
542,2.674757281553398
227,2.6744186046511627
3394,2.6714285714285713
3431,2.6705882352941175
2041,2.668965517241379
2574,2.6683417085427137
2399,2.6681614349775784
310,2.6666666666666665
2821,2.6666666666666665
3352,2.6666666666666665
3373,2.6666666666666665
614,2.6666666666666665
120,2.6666666666666665
2637,2.6666666666666665
1825,2.6666666666666665
2869,2.6666666666666665
3335,2.6666666666666665
3857,2.6666666666666665
3631,2.6666666666666665
3648,2.6666666666666665
984,2.6666666666666665
1532,2.6666666666666665
1329,2.6666666666666665
1779,2.6635859519408505
1004,2.6633663366336635
2016,2.6605504587155964
1037,2.6601626016260163
1605,2.659090909090909
9,2.656862745098039
2790,2.6557377049180326
414,2.6555555555555554
1752,2.6553398058252426
484,2.6551724137931036
836,2.654008438818565
315,2.65359477124183
436,2.652482269503546
3276,2.652173913043478
2389,2.6515151515151514
256,2.6513761467889907
2876,2.6511627906976742
3901,2.650943396226415
3577,2.65
1662,2.65
3490,2.6470588235294117
2740,2.6470588235294117
2451,2.646017699115044
694,2.645390070921986
2411,2.6453333333333333
544,2.643410852713178
462,2.642857142857143
153,2.642213642213642
1970,2.6417910447761193
3821,2.6411290322580645
3764,2.6408163265306124
1771,2.6382978723404253
3921,2.6382978723404253
3839,2.6382978723404253
201,2.6363636363636362
1924,2.6345381526104417
3843,2.6333333333333333
2806,2.6331658291457285
2042,2.6321243523316062
1644,2.6315789473684212
1523,2.6315789473684212
2307,2.6315789473684212
765,2.6315789473684212
208,2.6313364055299537
2521,2.630952380952381
3113,2.629432624113475
2471,2.6280193236714977
2464,2.625
2814,2.625
217,2.625
2894,2.625
2317,2.625
438,2.625
881,2.6233766233766236
3165,2.622950819672131
1591,2.6210526315789475
2667,2.6206896551724137
673,2.619893428063943
3838,2.619047619047619
554,2.6153846153846154
639,2.6153846153846154
411,2.6153846153846154
327,2.6145251396648046
487,2.6129032258064515
1501,2.611111111111111
445,2.61
2597,2.609375
2255,2.607594936708861
2163,2.6067961165048543
435,2.6060037523452158
79,2.6052631578947367
3177,2.6011904761904763
424,2.6
250,2.6
2679,2.6
3344,2.6
2608,2.6
992,2.6
3374,2.6
793,2.6
1666,2.6
2783,2.6
386,2.6
2158,2.6
3743,2.5974025974025974
2500,2.596638655462185
3674,2.595744680851064
3354,2.5952080706179066
2088,2.59447983014862
2815,2.5940959409594098
619,2.59375
2559,2.5925925925925926
3511,2.590909090909091
2264,2.5903614457831323
3922,2.58974358974359
455,2.5894736842105264
842,2.589403973509934
1388,2.5891891891891894
3781,2.586206896551724
1831,2.5847076461769114
2862,2.5842696629213484
3705,2.5842105263157893
3721,2.5833333333333335
885,2.5813953488372094
432,2.579081632653061
3923,2.576923076923077
172,2.576419213973799
2385,2.5753424657534247
1461,2.574074074074074
990,2.574074074074074
3691,2.5714285714285716
1798,2.5714285714285716
2884,2.5714285714285716
1718,2.5714285714285716
1849,2.5714285714285716
809,2.5714285714285716
743,2.5700934579439254
1489,2.5675675675675675
656,2.5641025641025643
2253,2.5636363636363635
1468,2.5625
3520,2.5625
54,2.5609756097560976
818,2.560846560846561
840,2.56
1515,2.5580110497237567
2051,2.5544554455445545
3696,2.5538461538461537
3385,2.5531914893617023
1702,2.552980132450331
697,2.552941176470588
2170,2.5528455284552845
2778,2.5517241379310347
782,2.5517241379310347
1692,2.55
2809,2.55
2147,2.54978354978355
1756,2.549019607843137
548,2.5474452554744524
1431,2.5474137931034484
332,2.546583850931677
3840,2.544642857142857
637,2.5428571428571427
2446,2.5396825396825395
3248,2.5396039603960396
3766,2.5392670157068062
1668,2.5384615384615383
2044,2.5384615384615383
2050,2.5384615384615383
3826,2.5382716049382714
20,2.5375
275,2.5375
3833,2.5357142857142856
2835,2.5357142857142856
1640,2.5357142857142856
3804,2.5348837209302326
2668,2.5347985347985347
2008,2.533333333333333
3596,2.533333333333333
413,2.5306122448979593
3610,2.5294117647058822
2534,2.5294117647058822
2408,2.528957528957529
3017,2.5288461538461537
742,2.528735632183908
1426,2.5217391304347827
1626,2.5185185185185186
1590,2.5180722891566263
418,2.5172413793103448
3400,2.5172413793103448
528,2.514705882352941
2004,2.513440860215054
2808,2.512
2286,2.511627906976744
849,2.5107632093933465
813,2.5106382978723403
485,2.508
420,2.5056818181818183
305,2.5039370078740157
3243,2.5017064846416384
2713,2.501187648456057
1773,2.5
711,2.5
2200,2.5
138,2.5
1510,2.5
1062,2.5
1877,2.5
2823,2.5
1145,2.5
202,2.5
1782,2.5
2892,2.5
889,2.5
2242,2.5
3828,2.5
3294,2.5
3085,2.5
526,2.5
3064,2.5
2063,2.5
3212,2.5
3592,2.5
887,2.5
2292,2.5
706,2.5
1548,2.5
360,2.4960629921259843
3754,2.495145631067961
132,2.4945054945054945
505,2.4927536231884058
1592,2.4910714285714284
2306,2.488888888888889
3579,2.485294117647059
447,2.4838709677419355
2992,2.4838709677419355
1887,2.4833333333333334
3453,2.4831460674157304
2373,2.4814814814814814
19,2.480719794344473
415,2.4804469273743015
3004,2.4801587301587302
1359,2.4774774774774775
2458,2.476923076923077
3162,2.4761904761904763
489,2.4742268041237114
1494,2.473684210526316
611,2.4722222222222223
3626,2.4693877551020407
1520,2.466666666666667
191,2.466666666666667
1526,2.465909090909091
2636,2.4615384615384617
209,2.4615384615384617
119,2.4615384615384617
166,2.459016393442623
15,2.458904109589041
478,2.4583333333333335
3616,2.4565217391304346
518,2.4563758389261743
3715,2.4545454545454546
1632,2.45
3464,2.45
2027,2.449612403100775
325,2.4489795918367347
2122,2.4463519313304722
2907,2.4460093896713615
3646,2.4444444444444446
3149,2.4444444444444446
2196,2.4444444444444446
2851,2.443609022556391
2827,2.442073170731707
2733,2.44
312,2.4375
2092,2.4355828220858897
1453,2.4324324324324325
1772,2.4304347826086956
1655,2.4285714285714284
343,2.4285714285714284
1890,2.4285714285714284
3818,2.4285714285714284
2487,2.4285714285714284
1522,2.4285714285714284
416,2.4269662921348316
1975,2.426900584795322
2566,2.425
258,2.423611111111111
1995,2.423076923076923
1867,2.4210526315789473
2902,2.4207317073170733
3802,2.4177631578947367
200,2.4166666666666665
430,2.4166666666666665
397,2.4166666666666665
2786,2.4166666666666665
3889,2.414814814814815
2162,2.4124293785310735
1985,2.4108527131782944
2473,2.4093264248704664
612,2.4050632911392404
510,2.4047619047619047
1636,2.4
1796,2.4
1622,2.4
2934,2.4
1098,2.4
1855,2.3981481481481484
2953,2.3929618768328447
3709,2.3893805309734515
2379,2.3866666666666667
1793,2.3846153846153846
2719,2.3823529411764706
2296,2.3819444444444446
2986,2.3813387423935093
3669,2.380281690140845
429,2.379679144385027
3239,2.3783783783783785
3884,2.375
274,2.375
3343,2.375
2256,2.375
1005,2.3732394366197185
3716,2.373134328358209
3130,2.3728813559322033
1126,2.3722397476340693
427,2.3674698795180724
2315,2.36734693877551
2526,2.366412213740458
2854,2.3636363636363638
12,2.3625
891,2.360655737704918
1456,2.359375
2522,2.3544303797468356
2460,2.353448275862069
3048,2.352112676056338
355,2.352059925093633
2448,2.3492063492063493
1439,2.347826086956522
3024,2.347826086956522
2404,2.3421926910299002
92,2.340909090909091
3895,2.3404255319148937
1606,2.3394495412844036
2642,2.336594911937378
1474,2.335616438356164
710,2.3333333333333335
2498,2.3333333333333335
1315,2.3333333333333335
3800,2.3333333333333335
2950,2.332369942196532
3325,2.33125
1987,2.32967032967033
2906,2.328
1882,2.3246492985971945
3673,2.3225806451612905
1969,2.321167883211679
1503,2.317241379310345
3331,2.3142857142857145
1869,2.3137254901960786
2456,2.313380281690141
2523,2.3095238095238093
704,2.3095238095238093
174,2.308641975308642
173,2.3085106382978724
2995,2.30791788856305
3442,2.3076923076923075
2868,2.3015873015873014
3912,2.3
2855,2.3
444,2.2962962962962963
3299,2.2954545454545454
1427,2.2941176470588234
3692,2.293103448275862
829,2.2900763358778624
2477,2.2857142857142856
3391,2.28125
688,2.276995305164319
2479,2.272727272727273
2119,2.272108843537415
564,2.2666666666666666
64,2.2658227848101267
2878,2.264705882352941
3432,2.263888888888889
626,2.263157894736842
3434,2.263157894736842
460,2.263157894736842
1839,2.260869565217391
3946,2.26
1562,2.257425742574257
2053,2.257217847769029
3710,2.254054054054054
2149,2.2524271844660193
3933,2.25
2887,2.25
3313,2.25
3205,2.25
2886,2.242424242424242
1971,2.239669421487603
160,2.2389380530973453
1336,2.2363636363636363
93,2.235955056179775
2525,2.235294117647059
2392,2.234146341463415
3919,2.2298850574712645
2549,2.2285714285714286
2548,2.2285714285714286
2715,2.227272727272727
606,2.225806451612903
473,2.225165562913907
234,2.2244897959183674
540,2.2189349112426036
2036,2.21875
1863,2.2183098591549295
2552,2.2162162162162162
839,2.214814814814815
3286,2.2131147540983607
1623,2.2109375
87,2.210526315789474
888,2.2083333333333335
179,2.2083333333333335
291,2.2083333333333335
867,2.2083333333333335
3661,2.207317073170732
3797,2.206896551724138
2338,2.2033898305084745
880,2.200617283950617
1499,2.200501253132832
3180,2.2
698,2.2
419,2.1923076923076925
1750,2.1904761904761907
2979,2.189189189189189
3908,2.1847826086956523
762,2.184563758389262
870,2.183673469387755
3777,2.1818181818181817
2914,2.1818181818181817
2695,2.1818181818181817
1973,2.181395348837209
833,2.1794871794871793
1681,2.1791044776119404
1979,2.1785714285714284
1977,2.1775147928994083
1445,2.173076923076923
3058,2.1666666666666665
1160,2.1666666666666665
2720,2.1662198391420913
3768,2.1604938271604937
2701,2.158536585365854
228,2.1538461538461537
1980,2.1538461538461537
1313,2.1538461538461537
2113,2.151898734177215
3031,2.150943396226415
3190,2.1490683229813663
3433,2.1458333333333335
3393,2.1372549019607843
3238,2.134831460674157
3824,2.128205128205128
3439,2.1274900398406373
1986,2.125984251968504
405,2.123152709359606
2422,2.1223776223776225
1602,2.116279069767442
2152,2.1159420289855073
374,2.1147540983606556
692,2.1132075471698113
1992,2.112781954887218
3944,2.111111111111111
618,2.111111111111111
2568,2.107476635514019
2828,2.1074380165289255
1326,2.107142857142857
3401,2.106194690265487
2982,2.1052631578947367
71,2.1041666666666665
2412,2.102189781021898
243,2.1
2450,2.0990783410138247
1988,2.0980392156862746
3662,2.097826086956522
2461,2.096774193548387
1984,2.0952380952380953
1525,2.090909090909091
3767,2.0865384615384617
1497,2.0833333333333335
631,2.08
1978,2.0789473684210527
65,2.062937062937063
255,2.0606060606060606
2514,2.060344827586207
1168,2.0555555555555554
2748,2.051094890510949
2903,2.0510204081632653
193,2.0506912442396312
1862,2.0505050505050506
2164,2.05
1822,2.0476190476190474
437,2.046875
3941,2.0454545454545454
667,2.0425531914893615
3689,2.0425531914893615
3690,2.040983606557377
3931,2.037037037037037
2380,2.0306122448979593
737,2.03
2965,2.0277777777777777
2465,2.0238095238095237
3877,2.021978021978022
169,2.017699115044248
1528,2.0
591,2.0
747,2.0
672,2.0
2576,2.0
644,2.0
3315,2.0
98,2.0
1133,2.0
2277,2.0
815,2.0
3876,2.0
1630,2.0
3321,2.0
2308,2.0
3437,2.0
2631,2.0
1868,2.0
3722,2.0
3151,2.0
2591,2.0
1820,2.0
1878,2.0
3220,2.0
545,2.0
1107,2.0
1852,2.0
977,2.0
2484,2.0
744,2.0
1714,2.0
1815,2.0
2955,2.0
834,2.0
2254,2.0
821,2.0
865,2.0
643,2.0
2265,2.0
642,2.0
2777,2.0
859,2.0
2742,2.0
56,2.0
3488,2.0
2235,2.0
2218,2.0
3687,2.0
607,2.0
1709,2.0
3297,2.0
1853,2.0
2343,2.0
690,2.0
1118,2.0
651,2.0
1102,2.0
579,2.0
226,2.0
3291,2.0
2153,1.9965277777777777
1972,1.995
126,1.9898989898989898
1976,1.979899497487437
3054,1.9779411764705883
3774,1.96875
2386,1.9661016949152543
1381,1.9636963696369636
3939,1.9615384615384615
1679,1.9583333333333333
2537,1.9411764705882353
519,1.9405940594059405
3392,1.9363057324840764
502,1.935483870967742
2614,1.9318181818181819
212,1.9285714285714286
3938,1.9259259259259258
2798,1.925
3563,1.9230769230769231
3440,1.9202127659574468
75,1.9166666666666667
3667,1.9142857142857144
2381,1.9137931034482758
244,1.9
1993,1.8969072164948453
2536,1.8918918918918919
1891,1.8888888888888888
2643,1.8885542168674698
1707,1.8766233766233766
1731,1.875
2234,1.875
546,1.8742857142857143
1760,1.8736842105263158
1556,1.8719346049046321
2298,1.8666666666666667
2816,1.864864864864865
3663,1.8620689655172413
393,1.8571428571428572
2244,1.8571428571428572
847,1.8571428571428572
3694,1.8548387096774193
1389,1.8523809523809525
2516,1.8444444444444446
1328,1.84
1981,1.8383838383838385
2974,1.835820895522388
2754,1.8333333333333333
2462,1.8333333333333333
1996,1.8303571428571428
220,1.8214285714285714
102,1.8166666666666667
3695,1.8113207547169812
3820,1.8108108108108107
1490,1.8076923076923077
3564,1.8046875
3463,1.8
1433,1.8
2515,1.7884615384615385
1105,1.7857142857142858
3942,1.7857142857142858
3268,1.782122905027933
2486,1.7777777777777777
1998,1.7699115044247788
2382,1.7666666666666666
2655,1.7659574468085106
2807,1.7582417582417582
3472,1.75
1595,1.7384615384615385
470,1.736842105263158
3940,1.7333333333333334
3665,1.7307692307692308
3572,1.7272727272727273
3043,1.725
1322,1.71875
3891,1.7142857142857142
1335,1.7142857142857142
2555,1.701219512195122
3041,1.6986301369863013
2368,1.6896551724137931
1990,1.6875
3664,1.6851851851851851
2452,1.6842105263157894
1324,1.6818181818181819
66,1.6701030927835052
634,1.6666666666666667
3666,1.6666666666666667
3772,1.6666666666666667
3390,1.6666666666666667
1538,1.6666666666666667
3899,1.6666666666666667
3001,1.6666666666666667
3119,1.6666666666666667
3407,1.6666666666666667
3621,1.6666666666666667
2383,1.657718120805369
1325,1.6521739130434783
1170,1.6470588235294117
1599,1.6417910447761195
2817,1.64
3799,1.62
181,1.6129032258064515
3593,1.6111111111111112
2818,1.603448275862069
703,1.6
2233,1.6
2799,1.5555555555555556
3042,1.5538461538461539
1826,1.55
1383,1.5454545454545454
2449,1.53125
975,1.5
1905,1.5
3026,1.5
3485,1.5
1558,1.5
660,1.5
3945,1.4883720930232558
1989,1.4666666666666666
810,1.4666666666666666
3573,1.4615384615384615
1323,1.372093023255814
1739,1.3617021276595744
3762,1.3333333333333333
1495,1.3181818181818181
1720,1.2857142857142858
3166,1.1666666666666667
3027,1.1428571428571428
3574,1.0588235294117647
3312,1.0
133,1.0
895,1.0
843,1.0
730,1.0
3904,1.0
826,1.0
2845,1.0
684,1.0
3228,1.0
3460,1.0
3202,1.0
2217,1.0
2213,1.0
1165,1.0
3237,1.0
1311,1.0
3493,1.0
1430,1.0
3123,1.0
142,1.0
3651,1.0
127,1.0
3209,1.0
641,1.0
1386,1.0
1115,1.0
2039,1.0
3376,1.0
1142,1.0
655,1.0
