words,"",2015,2016,4,abbas,arab,army,arrested,bank,boys,call,calls,children,city,conference,conflict,day,de,east,eu,first,flood,flooding,forces,france,french,gaza,greek,group,hamas,help,home,human,international,israel,israeli,israelipalestinian,israelpalestine,israels,jerusalem,jewish,justice,killed,la,land,latest,leader,man,media,meet,middle,minister,netanyahu,new,occupation,one,palestine,palestines,palestinian,palestinians,peace,police,president,propalestine,recognize,refugees,report,rights,sanders,says,school,shooting,shot,soccer,solidarity,solution,state,students,support,sushma,swaraj,syria,talks,team,texas,today,trump,two,uk,un,university,urges,us,violence,visit,war,week,west,woman,world
"",0.0,3.0,9.0,1.0,4.0,3.0,0.0,1.0,9.0,0.0,3.0,2.0,1.0,2.0,1.0,8.0,4.0,31.0,3.0,1.0,2.0,0.0,1.0,0.0,7.0,3.0,7.0,0.0,0.0,1.0,1.0,0.0,2.0,0.0,32.0,14.0,3.0,7.0,2.0,3.0,2.0,4.0,1.0,35.0,6.0,0.0,3.0,3.0,3.0,3.0,2.0,5.0,3.0,11.0,3.0,3.0,181.0,6.0,37.0,4.0,13.0,4.0,2.0,1.0,0.0,2.0,4.0,3.0,5.0,4.0,0.0,0.0,0.0,0.0,1.0,1.0,9.0,0.0,6.0,0.0,0.0,2.0,5.0,1.0,3.0,3.0,4.0,0.0,0.0,13.0,0.0,0.0,10.0,3.0,1.0,2.0,1.0,9.0,1.0,4.0
2015,3.0,0.0,0.0,0.0,0.0,1.0,0.0,0.0,0.0,0.0,0.0,0.0,0.0,0.0,0.0,0.0,1.0,0.0,0.0,0.0,0.0,0.0,0.0,0.0,0.0,0.0,0.0,0.0,1.0,0.0,0.0,0.0,0.0,0.0,5.0,1.0,0.0,0.0,1.0,0.0,0.0,0.0,0.0,0.0,0.0,0.0,0.0,0.0,0.0,0.0,0.0,0.0,0.0,2.0,0.0,0.0,60.0,1.0,1.0,1.0,0.0,0.0,0.0,0.0,0.0,1.0,2.0,2.0,0.0,8.0,0.0,0.0,0.0,0.0,1.0,1.0,0.0,0.0,0.0,0.0,0.0,1.0,0.0,0.0,0.0,30.0,0.0,0.0,0.0,0.0,0.0,0.0,0.0,0.0,0.0,0.0,19.0,0.0,0.0,0.0
2016,9.0,0.0,0.0,9.0,5.0,0.0,1.0,0.0,0.0,0.0,0.0,0.0,0.0,0.0,0.0,1.0,0.0,1.0,1.0,1.0,1.0,0.0,0.0,0.0,0.0,0.0,0.0,0.0,0.0,0.0,0.0,0.0,0.0,0.0,1.0,3.0,0.0,3.0,0.0,0.0,0.0,0.0,0.0,1.0,2.0,0.0,0.0,0.0,0.0,0.0,0.0,1.0,0.0,1.0,0.0,0.0,117.0,1.0,5.0,2.0,0.0,0.0,3.0,0.0,0.0,0.0,1.0,0.0,1.0,4.0,0.0,0.0,0.0,0.0,0.0,0.0,7.0,1.0,0.0,0.0,0.0,0.0,2.0,0.0,1.0,59.0,0.0,0.0,0.0,1.0,1.0,0.0,0.0,0.0,2.0,0.0,24.0,0.0,0.0,0.0
4,1.0,0.0,9.0,0.0,0.0,0.0,0.0,1.0,1.0,1.0,0.0,0.0,7.0,0.0,0.0,0.0,0.0,1.0,17.0,0.0,0.0,4.0,39.0,0.0,0.0,0.0,0.0,0.0,0.0,0.0,0.0,0.0,0.0,0.0,0.0,1.0,0.0,0.0,0.0,0.0,0.0,0.0,41.0,1.0,0.0,2.0,0.0,0.0,0.0,0.0,0.0,0.0,0.0,1.0,0.0,0.0,24.0,0.0,0.0,1.0,0.0,18.0,0.0,0.0,0.0,0.0,0.0,0.0,0.0,0.0,0.0,0.0,0.0,0.0,0.0,0.0,0.0,0.0,0.0,0.0,0.0,0.0,0.0,0.0,29.0,0.0,0.0,0.0,0.0,1.0,0.0,0.0,0.0,0.0,0.0,0.0,0.0,1.0,31.0,0.0
abbas,4.0,0.0,5.0,0.0,0.0,0.0,0.0,0.0,1.0,0.0,0.0,4.0,0.0,0.0,2.0,0.0,0.0,1.0,0.0,1.0,0.0,0.0,0.0,0.0,0.0,1.0,1.0,2.0,0.0,1.0,1.0,0.0,1.0,0.0,5.0,8.0,0.0,2.0,1.0,1.0,0.0,1.0,0.0,0.0,1.0,0.0,2.0,0.0,0.0,7.0,0.0,1.0,1.0,5.0,2.0,0.0,44.0,13.0,28.0,5.0,2.0,0.0,22.0,0.0,0.0,1.0,0.0,1.0,0.0,11.0,0.0,1.0,0.0,0.0,0.0,1.0,21.0,0.0,8.0,1.0,1.0,1.0,0.0,0.0,0.0,0.0,0.0,0.0,0.0,4.0,0.0,2.0,2.0,1.0,2.0,0.0,1.0,2.0,0.0,2.0
arab,3.0,1.0,0.0,0.0,0.0,0.0,0.0,0.0,0.0,0.0,0.0,3.0,1.0,0.0,0.0,7.0,1.0,0.0,0.0,0.0,0.0,0.0,0.0,0.0,0.0,4.0,0.0,1.0,0.0,0.0,0.0,2.0,0.0,0.0,5.0,4.0,0.0,2.0,1.0,1.0,1.0,0.0,0.0,0.0,0.0,1.0,0.0,0.0,0.0,0.0,0.0,0.0,1.0,1.0,0.0,0.0,16.0,11.0,18.0,3.0,5.0,1.0,0.0,0.0,0.0,0.0,0.0,0.0,0.0,1.0,1.0,0.0,0.0,0.0,0.0,0.0,2.0,0.0,1.0,0.0,0.0,0.0,0.0,0.0,0.0,0.0,0.0,0.0,0.0,0.0,2.0,0.0,2.0,1.0,0.0,0.0,0.0,0.0,0.0,2.0
army,1.0,0.0,0.0,1.0,0.0,0.0,0.0,0.0,0.0,0.0,0.0,0.0,1.0,0.0,0.0,0.0,0.0,0.0,3.0,0.0,0.0,0.0,0.0,0.0,0.0,0.0,0.0,0.0,0.0,0.0,0.0,1.0,0.0,0.0,4.0,1.0,0.0,0.0,0.0,0.0,1.0,0.0,0.0,0.0,0.0,0.0,0.0,21.0,0.0,0.0,0.0,0.0,0.0,3.0,0.0,3.0,40.0,0.0,6.0,0.0,0.0,8.0,0.0,0.0,0.0,0.0,0.0,0.0,0.0,0.0,6.0,19.0,2.0,0.0,0.0,0.0,0.0,0.0,0.0,0.0,0.0,0.0,0.0,0.0,1.0,0.0,0.0,3.0,0.0,0.0,0.0,0.0,0.0,0.0,0.0,0.0,0.0,0.0,0.0,0.0
arrested,9.0,0.0,0.0,1.0,1.0,0.0,4.0,0.0,0.0,0.0,3.0,2.0,0.0,1.0,0.0,0.0,0.0,0.0,0.0,0.0,6.0,0.0,0.0,13.0,0.0,0.0,11.0,0.0,1.0,1.0,0.0,2.0,1.0,3.0,26.0,23.0,0.0,2.0,2.0,5.0,3.0,1.0,3.0,0.0,5.0,0.0,0.0,1.0,0.0,0.0,0.0,1.0,0.0,9.0,1.0,0.0,49.0,2.0,34.0,23.0,1.0,0.0,0.0,4.0,0.0,1.0,0.0,1.0,2.0,2.0,1.0,1.0,4.0,0.0,2.0,0.0,0.0,0.0,3.0,1.0,0.0,0.0,1.0,0.0,0.0,0.0,3.0,4.0,2.0,6.0,0.0,1.0,2.0,0.0,1.0,1.0,0.0,108.0,3.0,4.0
bank,3.0,0.0,0.0,0.0,0.0,0.0,0.0,0.0,3.0,0.0,0.0,2.0,2.0,0.0,3.0,0.0,0.0,0.0,0.0,1.0,0.0,0.0,0.0,0.0,1.0,1.0,1.0,0.0,2.0,0.0,0.0,0.0,0.0,1.0,5.0,2.0,0.0,2.0,0.0,0.0,0.0,0.0,0.0,0.0,0.0,0.0,0.0,0.0,1.0,0.0,0.0,0.0,0.0,3.0,0.0,0.0,25.0,2.0,4.0,2.0,13.0,0.0,1.0,2.0,0.0,0.0,0.0,0.0,2.0,0.0,0.0,0.0,0.0,0.0,2.0,7.0,2.0,2.0,2.0,0.0,0.0,1.0,1.0,0.0,0.0,0.0,2.0,3.0,1.0,4.0,2.0,0.0,2.0,0.0,0.0,0.0,0.0,3.0,0.0,2.0
boys,2.0,0.0,0.0,0.0,4.0,3.0,0.0,0.0,2.0,0.0,2.0,0.0,0.0,0.0,3.0,0.0,1.0,0.0,0.0,4.0,1.0,1.0,3.0,0.0,0.0,1.0,3.0,4.0,1.0,1.0,0.0,0.0,2.0,10.0,19.0,14.0,0.0,4.0,1.0,0.0,1.0,1.0,0.0,0.0,1.0,0.0,21.0,0.0,1.0,1.0,0.0,1.0,1.0,3.0,2.0,0.0,71.0,1.0,19.0,4.0,10.0,0.0,12.0,0.0,2.0,4.0,0.0,2.0,2.0,0.0,0.0,0.0,0.0,0.0,2.0,0.0,4.0,0.0,2.0,5.0,5.0,4.0,5.0,0.0,0.0,0.0,2.0,0.0,0.0,15.0,0.0,1.0,3.0,2.0,0.0,0.0,0.0,2.0,0.0,20.0
call,1.0,0.0,0.0,7.0,0.0,1.0,1.0,1.0,0.0,0.0,2.0,0.0,0.0,0.0,0.0,1.0,1.0,0.0,0.0,0.0,1.0,4.0,7.0,2.0,0.0,0.0,6.0,0.0,2.0,1.0,0.0,0.0,0.0,0.0,8.0,15.0,0.0,1.0,3.0,0.0,1.0,0.0,11.0,0.0,0.0,0.0,0.0,3.0,1.0,0.0,0.0,0.0,1.0,3.0,0.0,2.0,28.0,5.0,31.0,1.0,1.0,2.0,0.0,0.0,0.0,0.0,0.0,1.0,0.0,1.0,2.0,0.0,0.0,0.0,1.0,0.0,0.0,1.0,1.0,0.0,0.0,0.0,0.0,0.0,4.0,0.0,0.0,1.0,1.0,1.0,0.0,1.0,2.0,3.0,1.0,4.0,0.0,0.0,4.0,0.0
calls,2.0,0.0,0.0,0.0,0.0,0.0,0.0,0.0,1.0,0.0,0.0,0.0,0.0,0.0,0.0,0.0,1.0,0.0,3.0,0.0,1.0,0.0,0.0,0.0,0.0,0.0,3.0,0.0,0.0,1.0,0.0,1.0,0.0,0.0,4.0,2.0,0.0,0.0,0.0,1.0,0.0,0.0,0.0,0.0,0.0,0.0,0.0,0.0,0.0,2.0,0.0,0.0,0.0,2.0,1.0,3.0,35.0,2.0,10.0,0.0,0.0,3.0,0.0,0.0,0.0,0.0,0.0,0.0,0.0,0.0,0.0,0.0,0.0,0.0,0.0,0.0,1.0,1.0,0.0,0.0,0.0,0.0,0.0,0.0,1.0,0.0,1.0,2.0,0.0,0.0,1.0,0.0,0.0,1.0,0.0,1.0,0.0,1.0,0.0,0.0
children,1.0,0.0,0.0,0.0,2.0,0.0,0.0,0.0,0.0,0.0,3.0,3.0,0.0,0.0,0.0,1.0,0.0,0.0,2.0,1.0,0.0,0.0,0.0,0.0,14.0,5.0,0.0,0.0,0.0,2.0,0.0,0.0,2.0,5.0,11.0,2.0,4.0,11.0,0.0,1.0,0.0,0.0,0.0,0.0,0.0,0.0,1.0,0.0,2.0,0.0,2.0,0.0,1.0,2.0,0.0,1.0,22.0,1.0,6.0,1.0,20.0,0.0,1.0,0.0,0.0,1.0,0.0,2.0,0.0,4.0,2.0,0.0,0.0,0.0,0.0,6.0,0.0,0.0,2.0,0.0,0.0,0.0,1.0,0.0,0.0,0.0,0.0,0.0,0.0,3.0,0.0,5.0,0.0,0.0,0.0,0.0,0.0,0.0,0.0,1.0
city,8.0,0.0,1.0,0.0,0.0,7.0,0.0,0.0,0.0,0.0,0.0,0.0,1.0,0.0,1.0,0.0,0.0,0.0,1.0,2.0,1.0,0.0,0.0,0.0,8.0,0.0,0.0,0.0,1.0,0.0,2.0,0.0,2.0,1.0,14.0,2.0,26.0,66.0,0.0,2.0,1.0,1.0,0.0,0.0,0.0,0.0,0.0,0.0,0.0,0.0,1.0,0.0,2.0,4.0,1.0,7.0,31.0,6.0,6.0,1.0,5.0,0.0,0.0,0.0,0.0,0.0,2.0,0.0,6.0,6.0,0.0,0.0,4.0,0.0,0.0,15.0,1.0,2.0,1.0,0.0,0.0,0.0,1.0,0.0,0.0,0.0,10.0,8.0,1.0,5.0,2.0,4.0,4.0,1.0,1.0,0.0,0.0,0.0,0.0,0.0
conference,4.0,1.0,0.0,0.0,0.0,1.0,0.0,0.0,0.0,0.0,0.0,1.0,1.0,1.0,0.0,0.0,0.0,0.0,3.0,0.0,3.0,0.0,0.0,0.0,0.0,0.0,2.0,0.0,1.0,0.0,1.0,0.0,0.0,16.0,7.0,4.0,1.0,0.0,0.0,1.0,3.0,0.0,0.0,0.0,13.0,0.0,0.0,1.0,0.0,0.0,0.0,1.0,0.0,0.0,0.0,3.0,41.0,3.0,24.0,1.0,0.0,0.0,0.0,1.0,0.0,0.0,0.0,1.0,0.0,0.0,0.0,0.0,0.0,0.0,23.0,0.0,1.0,0.0,0.0,0.0,0.0,0.0,0.0,0.0,0.0,1.0,0.0,0.0,0.0,10.0,0.0,2.0,1.0,1.0,0.0,1.0,0.0,0.0,0.0,2.0
conflict,31.0,0.0,1.0,1.0,1.0,0.0,0.0,0.0,0.0,0.0,0.0,0.0,0.0,0.0,0.0,0.0,0.0,0.0,0.0,0.0,0.0,0.0,0.0,0.0,1.0,0.0,3.0,0.0,0.0,0.0,0.0,0.0,0.0,0.0,0.0,0.0,0.0,0.0,2.0,0.0,0.0,0.0,0.0,34.0,0.0,0.0,0.0,0.0,0.0,0.0,0.0,0.0,0.0,0.0,1.0,0.0,48.0,0.0,2.0,0.0,0.0,2.0,0.0,0.0,0.0,0.0,0.0,0.0,0.0,0.0,0.0,0.0,0.0,0.0,0.0,0.0,0.0,0.0,0.0,0.0,0.0,0.0,0.0,0.0,0.0,0.0,0.0,0.0,0.0,6.0,0.0,0.0,0.0,0.0,0.0,0.0,0.0,0.0,0.0,0.0
day,3.0,0.0,1.0,17.0,0.0,0.0,2.0,3.0,0.0,4.0,0.0,0.0,0.0,3.0,2.0,1.0,3.0,0.0,0.0,2.0,2.0,1.0,19.0,3.0,2.0,1.0,0.0,0.0,0.0,1.0,3.0,0.0,0.0,0.0,6.0,7.0,0.0,0.0,0.0,10.0,1.0,0.0,19.0,0.0,1.0,3.0,1.0,10.0,0.0,1.0,49.0,1.0,0.0,6.0,0.0,4.0,105.0,6.0,12.0,0.0,10.0,2.0,1.0,0.0,0.0,0.0,1.0,0.0,2.0,2.0,1.0,0.0,8.0,4.0,0.0,1.0,8.0,2.0,0.0,0.0,0.0,1.0,4.0,0.0,56.0,0.0,0.0,0.0,0.0,3.0,0.0,0.0,2.0,0.0,0.0,2.0,0.0,0.0,28.0,2.0
de,1.0,0.0,1.0,0.0,1.0,0.0,0.0,0.0,0.0,0.0,1.0,4.0,0.0,0.0,1.0,2.0,0.0,0.0,2.0,0.0,0.0,0.0,0.0,0.0,0.0,0.0,2.0,0.0,0.0,0.0,0.0,0.0,0.0,2.0,12.0,4.0,2.0,11.0,1.0,0.0,0.0,0.0,0.0,0.0,0.0,1.0,0.0,0.0,0.0,0.0,2.0,0.0,3.0,4.0,0.0,0.0,31.0,0.0,9.0,2.0,6.0,0.0,0.0,0.0,2.0,5.0,3.0,0.0,0.0,0.0,0.0,0.0,0.0,0.0,0.0,1.0,0.0,0.0,6.0,0.0,0.0,0.0,6.0,0.0,0.0,0.0,0.0,0.0,0.0,0.0,0.0,2.0,1.0,0.0,1.0,0.0,0.0,0.0,0.0,3.0
east,2.0,0.0,1.0,0.0,0.0,0.0,0.0,0.0,6.0,1.0,0.0,1.0,1.0,1.0,0.0,1.0,3.0,0.0,2.0,0.0,0.0,2.0,0.0,0.0,0.0,0.0,2.0,0.0,0.0,1.0,1.0,0.0,0.0,3.0,3.0,1.0,0.0,1.0,3.0,0.0,0.0,0.0,0.0,0.0,0.0,0.0,1.0,0.0,0.0,3.0,2.0,0.0,0.0,2.0,0.0,1.0,43.0,7.0,5.0,2.0,2.0,0.0,0.0,0.0,1.0,0.0,0.0,0.0,0.0,0.0,0.0,0.0,0.0,1.0,1.0,0.0,2.0,0.0,0.0,0.0,0.0,2.0,0.0,4.0,0.0,0.0,0.0,0.0,3.0,6.0,1.0,0.0,2.0,0.0,0.0,1.0,1.0,3.0,0.0,3.0
eu,1.0,0.0,0.0,39.0,0.0,0.0,0.0,0.0,0.0,0.0,0.0,3.0,7.0,0.0,0.0,0.0,0.0,0.0,19.0,0.0,0.0,0.0,0.0,0.0,0.0,0.0,0.0,0.0,0.0,0.0,0.0,2.0,0.0,0.0,0.0,0.0,0.0,0.0,0.0,0.0,0.0,0.0,41.0,0.0,0.0,13.0,0.0,0.0,0.0,0.0,0.0,0.0,0.0,0.0,0.0,2.0,40.0,0.0,0.0,0.0,0.0,18.0,0.0,0.0,0.0,0.0,0.0,0.0,0.0,0.0,0.0,0.0,0.0,0.0,0.0,0.0,0.0,0.0,0.0,0.0,0.0,0.0,0.0,0.0,48.0,0.0,0.0,0.0,0.0,0.0,0.0,0.0,0.0,0.0,0.0,0.0,0.0,0.0,29.0,0.0
first,7.0,0.0,0.0,0.0,0.0,0.0,0.0,0.0,0.0,0.0,1.0,0.0,0.0,0.0,14.0,8.0,0.0,1.0,2.0,0.0,0.0,0.0,0.0,0.0,0.0,0.0,0.0,0.0,0.0,1.0,1.0,0.0,0.0,2.0,17.0,0.0,8.0,14.0,0.0,0.0,0.0,0.0,0.0,2.0,0.0,0.0,0.0,0.0,2.0,0.0,2.0,1.0,5.0,3.0,0.0,0.0,39.0,0.0,16.0,0.0,34.0,0.0,0.0,0.0,9.0,0.0,0.0,0.0,0.0,3.0,0.0,0.0,0.0,0.0,0.0,3.0,10.0,0.0,1.0,0.0,0.0,1.0,15.0,0.0,0.0,0.0,0.0,0.0,0.0,0.0,0.0,0.0,0.0,0.0,0.0,0.0,0.0,0.0,0.0,0.0
flood,3.0,0.0,0.0,0.0,1.0,4.0,0.0,0.0,0.0,0.0,1.0,1.0,0.0,0.0,5.0,0.0,0.0,0.0,1.0,0.0,0.0,0.0,0.0,0.0,0.0,0.0,0.0,0.0,0.0,2.0,0.0,0.0,0.0,0.0,9.0,6.0,0.0,4.0,4.0,0.0,2.0,0.0,0.0,0.0,0.0,0.0,3.0,0.0,0.0,2.0,1.0,1.0,6.0,1.0,0.0,0.0,26.0,0.0,12.0,3.0,24.0,0.0,0.0,0.0,2.0,0.0,0.0,1.0,0.0,2.0,0.0,0.0,0.0,0.0,0.0,1.0,1.0,0.0,2.0,0.0,0.0,0.0,5.0,0.0,0.0,1.0,0.0,0.0,0.0,0.0,0.0,0.0,0.0,0.0,2.0,1.0,0.0,0.0,0.0,0.0
flooding,7.0,0.0,0.0,0.0,1.0,0.0,2.0,0.0,11.0,0.0,1.0,3.0,6.0,3.0,0.0,0.0,2.0,3.0,0.0,2.0,2.0,0.0,0.0,3.0,0.0,0.0,0.0,0.0,1.0,12.0,1.0,3.0,1.0,0.0,24.0,32.0,0.0,0.0,3.0,2.0,1.0,0.0,4.0,1.0,1.0,0.0,0.0,0.0,1.0,0.0,0.0,0.0,0.0,4.0,1.0,1.0,29.0,1.0,32.0,6.0,0.0,0.0,0.0,1.0,0.0,4.0,1.0,0.0,0.0,3.0,2.0,0.0,1.0,0.0,1.0,2.0,2.0,0.0,2.0,0.0,0.0,1.0,1.0,0.0,0.0,0.0,0.0,3.0,0.0,4.0,0.0,3.0,0.0,0.0,2.0,1.0,0.0,11.0,2.0,0.0
forces,1.0,0.0,0.0,0.0,1.0,0.0,0.0,0.0,1.0,0.0,0.0,1.0,1.0,1.0,2.0,0.0,0.0,0.0,1.0,0.0,1.0,0.0,0.0,0.0,1.0,2.0,12.0,0.0,0.0,0.0,0.0,0.0,0.0,0.0,4.0,3.0,0.0,2.0,0.0,0.0,0.0,0.0,2.0,0.0,1.0,0.0,5.0,0.0,0.0,5.0,1.0,0.0,0.0,1.0,0.0,0.0,15.0,1.0,14.0,2.0,4.0,0.0,1.0,0.0,0.0,0.0,1.0,0.0,0.0,7.0,0.0,0.0,0.0,0.0,0.0,0.0,3.0,0.0,0.0,0.0,0.0,0.0,2.0,0.0,0.0,0.0,0.0,1.0,0.0,1.0,0.0,1.0,3.0,2.0,0.0,0.0,1.0,1.0,0.0,0.0
france,1.0,0.0,0.0,0.0,1.0,0.0,0.0,0.0,0.0,0.0,0.0,0.0,0.0,0.0,0.0,2.0,1.0,0.0,3.0,0.0,1.0,2.0,0.0,1.0,1.0,0.0,1.0,0.0,0.0,0.0,0.0,1.0,0.0,0.0,7.0,4.0,2.0,2.0,0.0,0.0,0.0,0.0,1.0,0.0,0.0,0.0,1.0,1.0,0.0,0.0,2.0,2.0,1.0,1.0,0.0,1.0,33.0,0.0,9.0,0.0,12.0,6.0,0.0,0.0,0.0,1.0,0.0,0.0,0.0,1.0,2.0,0.0,0.0,0.0,0.0,0.0,0.0,0.0,1.0,0.0,0.0,1.0,2.0,0.0,0.0,0.0,0.0,0.0,0.0,4.0,0.0,1.0,0.0,0.0,0.0,0.0,0.0,0.0,0.0,0.0
french,2.0,0.0,0.0,0.0,1.0,0.0,0.0,0.0,1.0,0.0,0.0,2.0,0.0,0.0,2.0,2.0,0.0,0.0,0.0,0.0,0.0,0.0,0.0,0.0,0.0,0.0,1.0,0.0,4.0,0.0,0.0,0.0,0.0,1.0,3.0,3.0,1.0,4.0,0.0,0.0,0.0,0.0,0.0,0.0,0.0,0.0,0.0,0.0,0.0,0.0,0.0,0.0,0.0,15.0,1.0,0.0,32.0,0.0,7.0,0.0,0.0,0.0,0.0,0.0,0.0,0.0,1.0,53.0,0.0,0.0,1.0,0.0,0.0,0.0,1.0,0.0,0.0,0.0,1.0,0.0,0.0,0.0,1.0,0.0,0.0,0.0,0.0,2.0,0.0,24.0,0.0,0.0,0.0,0.0,0.0,0.0,0.0,1.0,0.0,0.0
gaza,32.0,5.0,1.0,0.0,5.0,5.0,2.0,4.0,26.0,0.0,5.0,19.0,8.0,4.0,11.0,14.0,7.0,0.0,6.0,12.0,3.0,0.0,0.0,1.0,17.0,9.0,24.0,3.0,11.0,4.0,7.0,8.0,3.0,9.0,0.0,5.0,4.0,2.0,1.0,20.0,7.0,6.0,13.0,0.0,16.0,13.0,12.0,3.0,4.0,0.0,3.0,10.0,9.0,13.0,17.0,5.0,435.0,11.0,194.0,54.0,56.0,3.0,16.0,7.0,6.0,0.0,5.0,10.0,13.0,21.0,2.0,1.0,2.0,1.0,3.0,15.0,14.0,5.0,11.0,41.0,38.0,2.0,34.0,2.0,0.0,1.0,14.0,8.0,3.0,38.0,0.0,11.0,31.0,11.0,72.0,9.0,5.0,34.0,2.0,7.0
greek,14.0,1.0,3.0,1.0,8.0,4.0,41.0,1.0,23.0,1.0,2.0,14.0,15.0,2.0,2.0,2.0,4.0,0.0,7.0,4.0,1.0,1.0,0.0,60.0,0.0,6.0,32.0,1.0,9.0,3.0,4.0,7.0,3.0,3.0,5.0,0.0,0.0,0.0,0.0,19.0,4.0,2.0,18.0,0.0,10.0,0.0,4.0,10.0,14.0,4.0,0.0,8.0,5.0,11.0,20.0,2.0,142.0,2.0,197.0,50.0,11.0,8.0,2.0,7.0,0.0,0.0,4.0,6.0,1.0,16.0,7.0,0.0,8.0,1.0,4.0,1.0,6.0,5.0,0.0,5.0,5.0,0.0,1.0,1.0,3.0,4.0,1.0,10.0,8.0,20.0,6.0,4.0,7.0,6.0,0.0,4.0,7.0,28.0,11.0,4.0
group,3.0,0.0,0.0,0.0,0.0,0.0,0.0,0.0,0.0,0.0,0.0,0.0,0.0,0.0,4.0,26.0,1.0,0.0,0.0,2.0,0.0,0.0,0.0,0.0,8.0,0.0,0.0,0.0,0.0,0.0,2.0,0.0,1.0,2.0,4.0,0.0,0.0,0.0,0.0,0.0,1.0,1.0,0.0,0.0,0.0,1.0,0.0,0.0,0.0,0.0,0.0,0.0,1.0,1.0,0.0,3.0,1.0,0.0,0.0,0.0,22.0,0.0,3.0,0.0,0.0,0.0,0.0,1.0,3.0,1.0,0.0,0.0,1.0,0.0,0.0,3.0,0.0,1.0,1.0,0.0,0.0,1.0,5.0,0.0,0.0,0.0,4.0,0.0,0.0,7.0,0.0,1.0,0.0,3.0,0.0,0.0,0.0,0.0,0.0,0.0
hamas,7.0,0.0,3.0,0.0,2.0,2.0,0.0,0.0,2.0,0.0,2.0,4.0,1.0,0.0,11.0,66.0,0.0,0.0,0.0,11.0,1.0,0.0,0.0,0.0,14.0,4.0,0.0,0.0,1.0,2.0,2.0,0.0,4.0,2.0,2.0,0.0,0.0,0.0,0.0,2.0,1.0,0.0,0.0,0.0,3.0,1.0,1.0,0.0,2.0,3.0,1.0,3.0,9.0,8.0,0.0,4.0,2.0,0.0,4.0,0.0,43.0,0.0,1.0,0.0,0.0,0.0,5.0,3.0,6.0,9.0,0.0,0.0,4.0,0.0,1.0,19.0,3.0,2.0,2.0,0.0,0.0,7.0,15.0,0.0,0.0,0.0,30.0,4.0,0.0,10.0,1.0,4.0,10.0,7.0,1.0,1.0,0.0,2.0,0.0,1.0
help,2.0,1.0,0.0,0.0,1.0,1.0,0.0,0.0,2.0,0.0,0.0,1.0,3.0,0.0,0.0,0.0,0.0,2.0,0.0,1.0,3.0,0.0,0.0,0.0,0.0,4.0,3.0,0.0,0.0,0.0,0.0,0.0,0.0,0.0,1.0,0.0,0.0,0.0,0.0,0.0,0.0,1.0,0.0,0.0,2.0,0.0,0.0,0.0,0.0,0.0,0.0,1.0,6.0,2.0,11.0,0.0,40.0,1.0,21.0,7.0,6.0,0.0,2.0,0.0,0.0,0.0,3.0,3.0,1.0,0.0,1.0,2.0,0.0,0.0,0.0,0.0,1.0,0.0,1.0,0.0,0.0,1.0,1.0,0.0,0.0,0.0,1.0,2.0,1.0,8.0,2.0,1.0,0.0,0.0,0.0,7.0,0.0,3.0,0.0,1.0
home,3.0,0.0,0.0,0.0,1.0,1.0,1.0,0.0,5.0,0.0,0.0,0.0,0.0,1.0,1.0,2.0,1.0,0.0,10.0,0.0,0.0,0.0,0.0,4.0,0.0,0.0,2.0,0.0,1.0,0.0,0.0,2.0,0.0,1.0,20.0,19.0,0.0,2.0,0.0,0.0,4.0,0.0,0.0,0.0,1.0,1.0,2.0,1.0,0.0,0.0,0.0,0.0,0.0,3.0,1.0,1.0,16.0,2.0,26.0,8.0,0.0,2.0,1.0,0.0,0.0,0.0,0.0,0.0,0.0,2.0,0.0,0.0,2.0,0.0,0.0,4.0,2.0,1.0,0.0,0.0,0.0,0.0,0.0,0.0,0.0,1.0,0.0,1.0,0.0,0.0,0.0,5.0,0.0,0.0,0.0,0.0,2.0,6.0,2.0,0.0
human,2.0,0.0,0.0,0.0,0.0,1.0,0.0,1.0,3.0,0.0,0.0,1.0,1.0,0.0,0.0,1.0,3.0,0.0,1.0,0.0,0.0,0.0,0.0,0.0,0.0,2.0,1.0,0.0,2.0,0.0,0.0,3.0,0.0,0.0,7.0,4.0,1.0,1.0,0.0,4.0,0.0,1.0,0.0,0.0,1.0,0.0,2.0,1.0,0.0,0.0,0.0,0.0,0.0,6.0,0.0,2.0,20.0,0.0,13.0,0.0,1.0,0.0,0.0,2.0,0.0,1.0,0.0,0.0,0.0,4.0,2.0,0.0,0.0,0.0,1.0,1.0,1.0,3.0,1.0,0.0,0.0,0.0,0.0,0.0,0.0,0.0,0.0,0.0,0.0,0.0,0.0,0.0,2.0,0.0,0.0,1.0,0.0,3.0,1.0,1.0
international,4.0,0.0,0.0,0.0,1.0,0.0,0.0,0.0,1.0,2.0,0.0,1.0,0.0,0.0,0.0,1.0,0.0,0.0,0.0,0.0,0.0,0.0,0.0,0.0,0.0,0.0,0.0,0.0,0.0,0.0,0.0,1.0,0.0,1.0,6.0,2.0,1.0,0.0,1.0,0.0,1.0,0.0,0.0,0.0,1.0,0.0,0.0,0.0,0.0,0.0,0.0,0.0,0.0,2.0,0.0,1.0,57.0,1.0,5.0,0.0,3.0,0.0,0.0,0.0,0.0,0.0,0.0,0.0,0.0,0.0,0.0,1.0,0.0,0.0,1.0,0.0,2.0,30.0,1.0,0.0,0.0,0.0,0.0,0.0,1.0,0.0,0.0,0.0,0.0,1.0,0.0,0.0,3.0,0.0,0.0,0.0,1.0,0.0,0.0,0.0
israel,1.0,0.0,0.0,41.0,0.0,0.0,6.0,0.0,3.0,0.0,0.0,0.0,11.0,0.0,0.0,0.0,0.0,0.0,19.0,0.0,0.0,4.0,41.0,3.0,0.0,0.0,4.0,0.0,1.0,2.0,1.0,3.0,0.0,0.0,13.0,18.0,0.0,0.0,0.0,0.0,0.0,0.0,0.0,0.0,0.0,4.0,0.0,4.0,1.0,0.0,0.0,0.0,0.0,2.0,1.0,2.0,38.0,0.0,35.0,20.0,0.0,17.0,0.0,0.0,0.0,1.0,0.0,0.0,1.0,0.0,1.0,1.0,1.0,0.0,0.0,0.0,0.0,0.0,0.0,0.0,0.0,2.0,0.0,0.0,35.0,0.0,0.0,8.0,0.0,2.0,0.0,0.0,3.0,1.0,0.0,0.0,1.0,4.0,38.0,0.0
israeli,35.0,0.0,1.0,1.0,0.0,0.0,0.0,0.0,0.0,3.0,0.0,0.0,0.0,0.0,0.0,0.0,0.0,34.0,0.0,0.0,0.0,0.0,0.0,0.0,2.0,0.0,1.0,0.0,0.0,0.0,0.0,0.0,0.0,0.0,0.0,0.0,0.0,0.0,0.0,0.0,0.0,0.0,0.0,0.0,0.0,0.0,0.0,0.0,0.0,0.0,0.0,0.0,0.0,0.0,1.0,0.0,54.0,1.0,0.0,0.0,0.0,1.0,0.0,0.0,0.0,0.0,0.0,0.0,0.0,0.0,0.0,0.0,0.0,3.0,0.0,0.0,1.0,0.0,0.0,0.0,0.0,0.0,0.0,3.0,0.0,0.0,0.0,0.0,0.0,6.0,0.0,0.0,0.0,0.0,0.0,0.0,0.0,0.0,0.0,0.0
israelipalestinian,6.0,0.0,2.0,0.0,1.0,0.0,2.0,0.0,5.0,0.0,0.0,1.0,0.0,0.0,0.0,0.0,13.0,0.0,1.0,0.0,0.0,1.0,0.0,0.0,0.0,0.0,1.0,0.0,0.0,1.0,0.0,0.0,0.0,0.0,16.0,10.0,0.0,3.0,2.0,1.0,1.0,1.0,0.0,0.0,0.0,0.0,0.0,0.0,0.0,0.0,0.0,0.0,0.0,1.0,2.0,0.0,25.0,2.0,22.0,2.0,1.0,0.0,1.0,0.0,0.0,3.0,0.0,0.0,0.0,1.0,0.0,0.0,0.0,0.0,1.0,0.0,2.0,0.0,0.0,0.0,0.0,0.0,0.0,0.0,0.0,0.0,1.0,0.0,0.0,3.0,0.0,1.0,0.0,0.0,0.0,1.0,0.0,6.0,0.0,0.0
israelpalestine,3.0,0.0,0.0,0.0,2.0,0.0,0.0,0.0,0.0,0.0,0.0,21.0,0.0,0.0,1.0,0.0,0.0,0.0,1.0,0.0,1.0,0.0,0.0,0.0,0.0,3.0,0.0,0.0,1.0,5.0,1.0,0.0,0.0,0.0,12.0,4.0,0.0,1.0,0.0,2.0,2.0,0.0,0.0,0.0,0.0,0.0,0.0,0.0,0.0,1.0,1.0,0.0,0.0,1.0,0.0,0.0,33.0,0.0,18.0,0.0,2.0,0.0,1.0,1.0,0.0,0.0,0.0,0.0,0.0,4.0,0.0,0.0,0.0,0.0,1.0,0.0,4.0,0.0,0.0,0.0,0.0,0.0,0.0,0.0,0.0,0.0,1.0,0.0,1.0,0.0,0.0,2.0,1.0,1.0,2.0,0.0,0.0,2.0,0.0,17.0
israels,3.0,0.0,0.0,0.0,0.0,0.0,0.0,21.0,1.0,0.0,0.0,0.0,3.0,0.0,0.0,0.0,1.0,0.0,10.0,0.0,0.0,1.0,0.0,4.0,0.0,0.0,0.0,0.0,0.0,0.0,1.0,1.0,0.0,0.0,3.0,10.0,0.0,0.0,0.0,1.0,1.0,0.0,4.0,0.0,0.0,0.0,0.0,0.0,2.0,1.0,0.0,0.0,0.0,5.0,0.0,1.0,49.0,1.0,15.0,3.0,1.0,11.0,0.0,0.0,0.0,0.0,0.0,0.0,0.0,1.0,1.0,6.0,8.0,0.0,0.0,0.0,0.0,0.0,0.0,0.0,0.0,0.0,0.0,0.0,18.0,0.0,0.0,1.0,0.0,1.0,0.0,0.0,0.0,0.0,0.0,0.0,0.0,1.0,1.0,0.0
jerusalem,3.0,0.0,0.0,0.0,0.0,0.0,0.0,0.0,0.0,0.0,1.0,1.0,1.0,0.0,2.0,0.0,0.0,0.0,0.0,0.0,0.0,0.0,0.0,0.0,2.0,0.0,1.0,0.0,0.0,0.0,0.0,0.0,0.0,1.0,4.0,14.0,0.0,2.0,0.0,0.0,0.0,0.0,1.0,0.0,0.0,0.0,0.0,2.0,0.0,0.0,0.0,0.0,0.0,0.0,0.0,0.0,28.0,0.0,18.0,1.0,0.0,0.0,0.0,0.0,0.0,0.0,1.0,0.0,0.0,0.0,0.0,0.0,0.0,0.0,0.0,0.0,0.0,0.0,0.0,0.0,0.0,0.0,0.0,0.0,2.0,0.0,0.0,0.0,0.0,0.0,0.0,0.0,4.0,1.0,0.0,0.0,0.0,0.0,0.0,0.0
jewish,3.0,0.0,0.0,0.0,7.0,0.0,0.0,0.0,0.0,0.0,0.0,1.0,0.0,2.0,0.0,0.0,0.0,0.0,1.0,0.0,3.0,0.0,0.0,0.0,0.0,2.0,0.0,0.0,0.0,5.0,0.0,0.0,0.0,0.0,0.0,4.0,0.0,3.0,0.0,0.0,0.0,0.0,0.0,0.0,0.0,0.0,1.0,1.0,0.0,0.0,1.0,0.0,4.0,1.0,1.0,0.0,13.0,12.0,13.0,0.0,2.0,0.0,3.0,0.0,0.0,0.0,1.0,0.0,0.0,0.0,1.0,0.0,0.0,0.0,2.0,0.0,3.0,0.0,0.0,0.0,0.0,0.0,2.0,3.0,0.0,2.0,0.0,1.0,0.0,1.0,0.0,0.0,1.0,0.0,0.0,0.0,2.0,0.0,0.0,0.0
justice,2.0,0.0,0.0,0.0,0.0,0.0,3.0,0.0,0.0,0.0,0.0,0.0,0.0,0.0,2.0,1.0,0.0,0.0,49.0,2.0,2.0,0.0,0.0,0.0,2.0,1.0,0.0,0.0,0.0,1.0,2.0,0.0,0.0,0.0,3.0,0.0,0.0,1.0,0.0,0.0,0.0,0.0,0.0,0.0,0.0,2.0,1.0,0.0,0.0,1.0,0.0,0.0,0.0,2.0,0.0,0.0,16.0,1.0,3.0,0.0,10.0,0.0,0.0,0.0,0.0,0.0,1.0,0.0,2.0,2.0,0.0,0.0,0.0,0.0,0.0,2.0,0.0,0.0,0.0,0.0,0.0,2.0,4.0,1.0,0.0,0.0,0.0,0.0,0.0,3.0,0.0,0.0,2.0,0.0,0.0,0.0,0.0,0.0,0.0,2.0
killed,5.0,0.0,1.0,0.0,1.0,0.0,0.0,0.0,1.0,0.0,0.0,1.0,0.0,0.0,0.0,0.0,1.0,0.0,1.0,0.0,0.0,0.0,0.0,0.0,1.0,1.0,0.0,3.0,0.0,0.0,2.0,0.0,0.0,0.0,10.0,8.0,0.0,3.0,1.0,0.0,0.0,0.0,0.0,0.0,0.0,0.0,0.0,0.0,0.0,0.0,0.0,0.0,3.0,0.0,1.0,1.0,36.0,0.0,13.0,0.0,2.0,0.0,1.0,1.0,0.0,0.0,0.0,0.0,0.0,2.0,0.0,0.0,0.0,0.0,2.0,0.0,2.0,1.0,1.0,8.0,8.0,0.0,3.0,0.0,0.0,0.0,0.0,1.0,0.0,2.0,0.0,0.0,2.0,2.0,12.0,0.0,1.0,1.0,0.0,3.0
la,3.0,0.0,0.0,0.0,1.0,1.0,0.0,0.0,0.0,0.0,0.0,1.0,1.0,0.0,1.0,2.0,0.0,0.0,0.0,3.0,0.0,0.0,0.0,0.0,5.0,6.0,0.0,0.0,1.0,0.0,1.0,0.0,0.0,0.0,9.0,5.0,1.0,9.0,6.0,0.0,0.0,0.0,0.0,0.0,0.0,0.0,0.0,0.0,0.0,4.0,0.0,3.0,0.0,1.0,0.0,0.0,18.0,2.0,8.0,0.0,8.0,0.0,2.0,0.0,1.0,0.0,2.0,1.0,1.0,3.0,0.0,0.0,0.0,0.0,0.0,1.0,3.0,0.0,1.0,0.0,0.0,1.0,10.0,0.0,0.0,2.0,0.0,0.0,0.0,1.0,0.0,0.0,1.0,0.0,3.0,1.0,0.0,0.0,0.0,0.0
land,11.0,2.0,1.0,1.0,5.0,1.0,1.0,3.0,9.0,1.0,3.0,3.0,3.0,2.0,2.0,4.0,0.0,0.0,6.0,4.0,2.0,0.0,0.0,0.0,3.0,1.0,4.0,0.0,1.0,1.0,1.0,4.0,15.0,0.0,13.0,11.0,1.0,8.0,2.0,3.0,6.0,2.0,2.0,0.0,1.0,2.0,1.0,5.0,0.0,1.0,2.0,0.0,1.0,0.0,2.0,0.0,167.0,9.0,39.0,6.0,6.0,1.0,1.0,0.0,3.0,4.0,3.0,16.0,0.0,8.0,2.0,0.0,0.0,0.0,0.0,0.0,13.0,3.0,2.0,0.0,0.0,1.0,1.0,0.0,0.0,0.0,0.0,1.0,1.0,19.0,2.0,0.0,2.0,5.0,0.0,0.0,0.0,8.0,0.0,1.0
latest,3.0,0.0,0.0,0.0,2.0,0.0,0.0,0.0,1.0,0.0,0.0,2.0,0.0,1.0,0.0,1.0,0.0,1.0,0.0,0.0,0.0,0.0,0.0,1.0,0.0,0.0,1.0,0.0,0.0,0.0,0.0,0.0,1.0,0.0,17.0,20.0,0.0,0.0,11.0,1.0,0.0,0.0,1.0,1.0,2.0,0.0,0.0,0.0,0.0,1.0,0.0,1.0,0.0,2.0,0.0,0.0,35.0,3.0,18.0,3.0,3.0,0.0,2.0,0.0,0.0,0.0,0.0,1.0,0.0,2.0,1.0,0.0,0.0,0.0,0.0,1.0,0.0,0.0,0.0,0.0,0.0,0.0,0.0,0.0,0.0,0.0,0.0,1.0,1.0,7.0,0.0,1.0,1.0,3.0,1.0,0.0,0.0,1.0,0.0,1.0
leader,3.0,0.0,0.0,0.0,0.0,0.0,0.0,3.0,0.0,4.0,0.0,0.0,2.0,3.0,1.0,7.0,3.0,0.0,4.0,0.0,1.0,0.0,2.0,0.0,0.0,0.0,1.0,0.0,1.0,0.0,1.0,1.0,0.0,0.0,5.0,2.0,3.0,4.0,0.0,1.0,2.0,1.0,2.0,0.0,0.0,0.0,0.0,1.0,0.0,0.0,0.0,1.0,0.0,0.0,0.0,0.0,26.0,3.0,14.0,1.0,2.0,1.0,0.0,0.0,0.0,0.0,0.0,1.0,2.0,2.0,2.0,4.0,8.0,4.0,0.0,2.0,4.0,1.0,0.0,0.0,0.0,0.0,0.0,1.0,4.0,0.0,5.0,2.0,0.0,1.0,0.0,0.0,2.0,2.0,1.0,0.0,0.0,0.0,0.0,1.0
man,181.0,60.0,117.0,24.0,44.0,16.0,12.0,40.0,49.0,56.0,25.0,71.0,28.0,35.0,22.0,31.0,41.0,48.0,105.0,31.0,43.0,32.0,40.0,14.0,39.0,26.0,29.0,39.0,17.0,15.0,33.0,19.0,32.0,23.0,435.0,142.0,1.0,2.0,40.0,16.0,20.0,57.0,38.0,54.0,25.0,26.0,33.0,49.0,28.0,13.0,16.0,36.0,18.0,167.0,35.0,26.0,0.0,0.0,48.0,23.0,113.0,79.0,44.0,0.0,43.0,21.0,18.0,37.0,28.0,52.0,44.0,46.0,18.0,52.0,60.0,32.0,119.0,46.0,75.0,64.0,51.0,21.0,51.0,43.0,21.0,101.0,16.0,28.0,25.0,122.0,11.0,30.0,54.0,17.0,96.0,18.0,57.0,34.0,40.0,72.0
media,6.0,1.0,1.0,0.0,13.0,11.0,0.0,0.0,2.0,0.0,2.0,1.0,5.0,2.0,1.0,6.0,3.0,0.0,6.0,0.0,7.0,0.0,0.0,0.0,0.0,0.0,1.0,0.0,0.0,1.0,0.0,0.0,0.0,1.0,11.0,2.0,0.0,0.0,1.0,2.0,0.0,1.0,0.0,1.0,2.0,0.0,0.0,1.0,0.0,12.0,1.0,0.0,2.0,9.0,3.0,3.0,0.0,0.0,2.0,2.0,3.0,0.0,4.0,0.0,0.0,0.0,1.0,0.0,0.0,2.0,0.0,0.0,0.0,1.0,0.0,1.0,5.0,1.0,3.0,0.0,0.0,1.0,2.0,6.0,1.0,0.0,0.0,1.0,0.0,2.0,2.0,2.0,2.0,0.0,1.0,2.0,0.0,3.0,0.0,4.0
meet,37.0,1.0,5.0,0.0,28.0,18.0,24.0,6.0,34.0,0.0,4.0,19.0,31.0,10.0,6.0,6.0,24.0,2.0,12.0,9.0,5.0,0.0,0.0,28.0,16.0,12.0,32.0,12.0,10.0,14.0,9.0,19.0,7.0,19.0,194.0,197.0,0.0,4.0,21.0,26.0,13.0,5.0,35.0,0.0,22.0,4.0,18.0,15.0,18.0,13.0,3.0,13.0,8.0,39.0,18.0,14.0,48.0,2.0,0.0,1.0,20.0,8.0,31.0,0.0,12.0,40.0,9.0,27.0,4.0,28.0,6.0,2.0,26.0,2.0,24.0,3.0,56.0,13.0,32.0,8.0,5.0,9.0,10.0,6.0,1.0,3.0,2.0,17.0,13.0,49.0,23.0,9.0,28.0,19.0,9.0,7.0,5.0,31.0,15.0,11.0
middle,4.0,1.0,2.0,1.0,5.0,3.0,10.0,0.0,23.0,0.0,2.0,4.0,1.0,0.0,1.0,1.0,1.0,0.0,0.0,2.0,2.0,1.0,0.0,19.0,0.0,3.0,6.0,0.0,0.0,2.0,0.0,3.0,0.0,4.0,54.0,50.0,0.0,0.0,7.0,8.0,0.0,0.0,20.0,0.0,2.0,0.0,0.0,3.0,1.0,0.0,0.0,0.0,0.0,6.0,3.0,1.0,23.0,2.0,1.0,0.0,5.0,0.0,1.0,0.0,0.0,1.0,1.0,0.0,1.0,3.0,1.0,2.0,1.0,0.0,0.0,0.0,2.0,0.0,4.0,0.0,0.0,3.0,5.0,0.0,0.0,0.0,1.0,10.0,1.0,7.0,2.0,1.0,1.0,1.0,1.0,2.0,0.0,27.0,0.0,3.0
minister,13.0,0.0,0.0,0.0,2.0,5.0,0.0,0.0,1.0,0.0,13.0,10.0,1.0,0.0,20.0,5.0,0.0,0.0,10.0,6.0,2.0,0.0,0.0,0.0,34.0,24.0,0.0,0.0,0.0,4.0,12.0,1.0,0.0,2.0,56.0,11.0,22.0,43.0,6.0,0.0,1.0,3.0,0.0,0.0,1.0,0.0,2.0,1.0,0.0,2.0,10.0,2.0,8.0,6.0,3.0,2.0,113.0,3.0,20.0,5.0,0.0,0.0,3.0,0.0,4.0,0.0,0.0,1.0,4.0,12.0,2.0,0.0,1.0,0.0,2.0,7.0,1.0,1.0,3.0,0.0,0.0,2.0,29.0,0.0,0.0,0.0,5.0,0.0,0.0,6.0,0.0,3.0,6.0,2.0,4.0,1.0,0.0,3.0,0.0,6.0
netanyahu,4.0,0.0,0.0,18.0,0.0,1.0,0.0,8.0,0.0,0.0,0.0,0.0,2.0,3.0,0.0,0.0,0.0,2.0,2.0,0.0,0.0,0.0,18.0,0.0,0.0,0.0,0.0,0.0,1.0,0.0,6.0,0.0,0.0,0.0,3.0,8.0,0.0,0.0,0.0,2.0,0.0,0.0,17.0,1.0,0.0,0.0,0.0,11.0,0.0,0.0,0.0,0.0,0.0,1.0,0.0,1.0,79.0,0.0,8.0,0.0,0.0,0.0,1.0,1.0,0.0,0.0,0.0,0.0,0.0,0.0,16.0,21.0,4.0,0.0,0.0,0.0,1.0,1.0,0.0,0.0,0.0,0.0,0.0,0.0,7.0,0.0,0.0,1.0,1.0,1.0,0.0,0.0,0.0,1.0,0.0,0.0,0.0,1.0,12.0,0.0
new,2.0,0.0,3.0,0.0,22.0,0.0,0.0,0.0,0.0,0.0,1.0,12.0,0.0,0.0,1.0,0.0,0.0,0.0,1.0,0.0,0.0,0.0,0.0,0.0,0.0,0.0,0.0,0.0,0.0,1.0,0.0,0.0,0.0,2.0,16.0,2.0,3.0,1.0,2.0,1.0,0.0,0.0,0.0,0.0,1.0,0.0,1.0,0.0,0.0,3.0,0.0,1.0,2.0,1.0,2.0,0.0,44.0,4.0,31.0,1.0,3.0,1.0,0.0,0.0,1.0,0.0,0.0,0.0,0.0,0.0,0.0,0.0,0.0,0.0,0.0,0.0,11.0,0.0,6.0,1.0,1.0,2.0,1.0,0.0,0.0,0.0,1.0,3.0,1.0,2.0,0.0,5.0,3.0,1.0,6.0,0.0,0.0,1.0,0.0,1.0
occupation,1.0,0.0,0.0,0.0,0.0,0.0,0.0,0.0,4.0,0.0,2.0,0.0,0.0,0.0,0.0,0.0,1.0,0.0,0.0,0.0,0.0,0.0,0.0,1.0,0.0,0.0,1.0,0.0,7.0,0.0,0.0,0.0,0.0,1.0,7.0,7.0,0.0,0.0,0.0,0.0,2.0,0.0,0.0,0.0,0.0,0.0,1.0,0.0,0.0,0.0,0.0,1.0,0.0,0.0,0.0,0.0,0.0,0.0,0.0,0.0,0.0,1.0,0.0,0.0,0.0,0.0,1.0,1.0,2.0,5.0,2.0,0.0,0.0,0.0,0.0,0.0,0.0,9.0,0.0,0.0,0.0,0.0,0.0,0.0,1.0,0.0,0.0,0.0,3.0,0.0,1.0,0.0,1.0,0.0,0.0,0.0,2.0,0.0,0.0,3.0
one,2.0,1.0,0.0,0.0,1.0,0.0,0.0,0.0,1.0,0.0,0.0,4.0,0.0,0.0,1.0,0.0,0.0,0.0,0.0,5.0,0.0,0.0,0.0,0.0,0.0,0.0,4.0,0.0,0.0,0.0,1.0,1.0,0.0,0.0,0.0,0.0,0.0,0.0,0.0,0.0,1.0,0.0,1.0,0.0,3.0,0.0,0.0,0.0,0.0,0.0,0.0,0.0,0.0,4.0,0.0,0.0,21.0,0.0,40.0,1.0,0.0,0.0,0.0,0.0,0.0,0.0,1.0,0.0,0.0,1.0,0.0,0.0,0.0,0.0,0.0,1.0,1.0,0.0,6.0,0.0,0.0,13.0,0.0,0.0,0.0,1.0,0.0,0.0,1.0,16.0,0.0,1.0,0.0,0.0,0.0,2.0,0.0,1.0,0.0,1.0
palestine,4.0,2.0,1.0,0.0,0.0,0.0,0.0,0.0,0.0,0.0,0.0,0.0,0.0,0.0,0.0,2.0,0.0,0.0,1.0,3.0,0.0,0.0,0.0,2.0,0.0,0.0,1.0,0.0,0.0,1.0,0.0,0.0,1.0,0.0,5.0,4.0,0.0,5.0,3.0,0.0,0.0,0.0,0.0,0.0,0.0,1.0,0.0,0.0,1.0,1.0,1.0,0.0,2.0,3.0,0.0,0.0,18.0,1.0,9.0,1.0,0.0,0.0,0.0,1.0,0.0,1.0,0.0,1.0,0.0,1.0,3.0,0.0,0.0,0.0,0.0,4.0,0.0,0.0,1.0,0.0,0.0,1.0,1.0,0.0,0.0,1.0,0.0,0.0,1.0,3.0,0.0,0.0,0.0,1.0,0.0,0.0,11.0,0.0,0.0,0.0
palestines,3.0,2.0,0.0,0.0,1.0,0.0,0.0,0.0,1.0,0.0,0.0,2.0,1.0,0.0,2.0,0.0,1.0,0.0,0.0,0.0,0.0,0.0,0.0,0.0,0.0,1.0,0.0,0.0,9.0,0.0,0.0,0.0,53.0,1.0,10.0,6.0,1.0,3.0,3.0,0.0,0.0,0.0,0.0,0.0,0.0,0.0,0.0,0.0,0.0,0.0,0.0,0.0,1.0,16.0,1.0,1.0,37.0,0.0,27.0,0.0,1.0,0.0,0.0,1.0,0.0,0.0,1.0,0.0,1.0,2.0,1.0,0.0,0.0,0.0,1.0,0.0,0.0,1.0,1.0,0.0,0.0,0.0,0.0,1.0,0.0,0.0,0.0,2.0,0.0,28.0,0.0,0.0,6.0,1.0,0.0,1.0,0.0,1.0,0.0,0.0
palestinian,5.0,0.0,1.0,0.0,0.0,0.0,0.0,0.0,2.0,0.0,2.0,2.0,0.0,0.0,0.0,6.0,0.0,0.0,2.0,0.0,0.0,0.0,0.0,0.0,0.0,0.0,0.0,0.0,0.0,0.0,0.0,0.0,0.0,0.0,13.0,1.0,3.0,6.0,1.0,0.0,0.0,0.0,1.0,0.0,0.0,0.0,0.0,0.0,0.0,0.0,2.0,0.0,1.0,0.0,0.0,2.0,28.0,0.0,4.0,1.0,4.0,0.0,0.0,2.0,0.0,0.0,0.0,1.0,0.0,2.0,0.0,0.0,0.0,0.0,0.0,0.0,0.0,0.0,1.0,0.0,0.0,0.0,0.0,1.0,0.0,0.0,2.0,0.0,0.0,0.0,0.0,0.0,4.0,0.0,0.0,1.0,0.0,2.0,0.0,0.0
palestinians,4.0,8.0,4.0,0.0,11.0,1.0,1.0,0.0,2.0,0.0,0.0,0.0,1.0,0.0,4.0,6.0,0.0,0.0,2.0,0.0,0.0,11.0,0.0,0.0,3.0,2.0,3.0,0.0,5.0,7.0,1.0,0.0,0.0,0.0,21.0,16.0,1.0,9.0,0.0,2.0,4.0,0.0,0.0,0.0,1.0,0.0,4.0,1.0,0.0,0.0,2.0,2.0,3.0,8.0,2.0,2.0,52.0,2.0,28.0,3.0,12.0,0.0,0.0,5.0,2.0,1.0,1.0,2.0,2.0,0.0,1.0,0.0,0.0,0.0,0.0,3.0,11.0,0.0,2.0,0.0,0.0,1.0,3.0,1.0,1.0,0.0,8.0,0.0,0.0,2.0,2.0,1.0,9.0,2.0,2.0,1.0,0.0,0.0,0.0,7.0
peace,1.0,1.0,0.0,0.0,0.0,0.0,0.0,0.0,2.0,0.0,2.0,2.0,1.0,0.0,0.0,0.0,23.0,0.0,0.0,0.0,1.0,0.0,0.0,0.0,0.0,0.0,1.0,0.0,0.0,0.0,0.0,0.0,1.0,18.0,3.0,4.0,0.0,1.0,0.0,0.0,1.0,1.0,0.0,0.0,1.0,0.0,1.0,0.0,0.0,2.0,0.0,2.0,0.0,0.0,0.0,0.0,60.0,0.0,24.0,0.0,2.0,0.0,0.0,0.0,0.0,0.0,0.0,1.0,0.0,0.0,0.0,0.0,0.0,0.0,0.0,0.0,1.0,2.0,1.0,0.0,0.0,0.0,0.0,0.0,3.0,1.0,0.0,0.0,2.0,10.0,1.0,0.0,2.0,0.0,0.0,0.0,2.0,0.0,2.0,0.0
police,1.0,1.0,0.0,0.0,1.0,0.0,0.0,0.0,0.0,0.0,7.0,0.0,0.0,0.0,6.0,15.0,0.0,0.0,1.0,1.0,0.0,0.0,0.0,0.0,3.0,1.0,2.0,0.0,0.0,0.0,0.0,0.0,0.0,0.0,15.0,1.0,3.0,19.0,0.0,4.0,1.0,0.0,0.0,0.0,0.0,0.0,0.0,0.0,0.0,0.0,2.0,0.0,1.0,0.0,1.0,2.0,32.0,1.0,3.0,0.0,7.0,0.0,0.0,0.0,0.0,1.0,4.0,0.0,0.0,3.0,0.0,0.0,0.0,0.0,0.0,0.0,1.0,0.0,2.0,0.0,0.0,2.0,1.0,0.0,0.0,0.0,0.0,2.0,0.0,5.0,0.0,8.0,1.0,1.0,0.0,0.0,0.0,0.0,0.0,0.0
president,9.0,0.0,7.0,0.0,21.0,2.0,0.0,0.0,0.0,9.0,2.0,4.0,0.0,1.0,0.0,1.0,1.0,0.0,8.0,0.0,2.0,0.0,0.0,0.0,10.0,1.0,2.0,20.0,2.0,3.0,0.0,0.0,0.0,1.0,14.0,6.0,0.0,3.0,1.0,2.0,1.0,2.0,0.0,1.0,2.0,0.0,4.0,0.0,0.0,3.0,0.0,2.0,3.0,13.0,0.0,4.0,119.0,5.0,56.0,2.0,1.0,1.0,11.0,0.0,15.0,1.0,0.0,0.0,0.0,11.0,0.0,1.0,1.0,9.0,1.0,1.0,0.0,2.0,10.0,0.0,0.0,0.0,2.0,2.0,5.0,0.0,0.0,3.0,0.0,5.0,1.0,1.0,12.0,0.0,2.0,0.0,0.0,1.0,0.0,1.0
propalestine,6.0,0.0,0.0,0.0,8.0,1.0,0.0,0.0,3.0,0.0,2.0,2.0,1.0,0.0,2.0,1.0,0.0,0.0,0.0,6.0,0.0,2.0,0.0,2.0,1.0,2.0,2.0,1.0,0.0,0.0,1.0,0.0,1.0,6.0,11.0,0.0,1.0,2.0,1.0,0.0,1.0,1.0,0.0,0.0,0.0,0.0,0.0,0.0,0.0,0.0,0.0,1.0,1.0,2.0,0.0,0.0,75.0,3.0,32.0,4.0,3.0,0.0,6.0,0.0,0.0,6.0,1.0,1.0,1.0,2.0,1.0,0.0,0.0,0.0,1.0,2.0,10.0,1.0,0.0,1.0,0.0,1.0,2.0,0.0,0.0,1.0,2.0,0.0,0.0,6.0,2.0,5.0,9.0,1.0,0.0,0.0,0.0,3.0,0.0,3.0
recognize,2.0,1.0,0.0,0.0,1.0,0.0,0.0,0.0,0.0,0.0,1.0,4.0,0.0,0.0,0.0,0.0,0.0,0.0,1.0,0.0,2.0,0.0,0.0,0.0,1.0,0.0,1.0,0.0,0.0,0.0,1.0,1.0,0.0,1.0,2.0,0.0,1.0,7.0,1.0,0.0,0.0,0.0,2.0,0.0,0.0,0.0,0.0,0.0,0.0,0.0,2.0,0.0,1.0,1.0,0.0,0.0,21.0,1.0,9.0,3.0,2.0,0.0,2.0,0.0,0.0,13.0,1.0,0.0,0.0,1.0,1.0,0.0,0.0,0.0,0.0,2.0,0.0,1.0,1.0,0.0,0.0,0.0,4.0,0.0,0.0,0.0,0.0,2.0,2.0,8.0,0.0,4.0,3.0,2.0,2.0,5.0,1.0,0.0,0.0,2.0
refugees,5.0,0.0,2.0,0.0,0.0,0.0,0.0,0.0,1.0,0.0,1.0,5.0,0.0,0.0,1.0,1.0,0.0,0.0,4.0,6.0,0.0,0.0,0.0,0.0,15.0,5.0,1.0,0.0,0.0,2.0,2.0,0.0,1.0,1.0,34.0,1.0,5.0,15.0,1.0,0.0,0.0,0.0,0.0,0.0,0.0,0.0,0.0,0.0,0.0,2.0,4.0,3.0,10.0,1.0,0.0,0.0,51.0,2.0,10.0,5.0,29.0,0.0,1.0,0.0,2.0,0.0,1.0,0.0,0.0,3.0,0.0,0.0,0.0,0.0,0.0,1.0,2.0,0.0,2.0,5.0,6.0,4.0,0.0,0.0,0.0,0.0,0.0,1.0,0.0,4.0,0.0,1.0,4.0,0.0,0.0,0.0,0.0,0.0,0.0,3.0
report,1.0,0.0,0.0,0.0,0.0,0.0,0.0,0.0,0.0,15.0,0.0,0.0,0.0,0.0,0.0,0.0,0.0,0.0,0.0,0.0,4.0,0.0,0.0,0.0,0.0,0.0,0.0,0.0,1.0,0.0,0.0,0.0,0.0,0.0,2.0,1.0,0.0,0.0,0.0,0.0,0.0,0.0,0.0,3.0,0.0,0.0,0.0,0.0,0.0,3.0,1.0,0.0,0.0,0.0,0.0,1.0,43.0,6.0,6.0,0.0,0.0,0.0,0.0,0.0,0.0,0.0,0.0,1.0,1.0,1.0,0.0,0.0,0.0,20.0,0.0,0.0,2.0,0.0,0.0,0.0,0.0,0.0,0.0,0.0,0.0,0.0,0.0,0.0,0.0,0.0,0.0,0.0,1.0,1.0,0.0,1.0,0.0,0.0,0.0,2.0
rights,3.0,0.0,1.0,29.0,0.0,0.0,0.0,1.0,0.0,4.0,0.0,0.0,4.0,1.0,0.0,0.0,0.0,0.0,56.0,0.0,0.0,8.0,48.0,0.0,0.0,0.0,0.0,0.0,0.0,0.0,0.0,1.0,0.0,0.0,0.0,3.0,0.0,0.0,0.0,0.0,0.0,1.0,35.0,0.0,0.0,14.0,0.0,18.0,2.0,0.0,0.0,0.0,0.0,0.0,0.0,4.0,21.0,1.0,1.0,0.0,0.0,7.0,0.0,1.0,0.0,0.0,0.0,0.0,0.0,1.0,2.0,0.0,13.0,4.0,3.0,0.0,5.0,0.0,0.0,0.0,0.0,0.0,0.0,0.0,0.0,0.0,0.0,0.0,0.0,0.0,3.0,0.0,2.0,0.0,0.0,0.0,0.0,0.0,39.0,0.0
sanders,3.0,30.0,59.0,0.0,0.0,0.0,1.0,0.0,0.0,0.0,0.0,0.0,0.0,0.0,0.0,0.0,1.0,0.0,0.0,0.0,0.0,0.0,0.0,2.0,0.0,1.0,0.0,0.0,0.0,0.0,0.0,0.0,0.0,0.0,1.0,4.0,0.0,0.0,0.0,1.0,0.0,0.0,0.0,0.0,0.0,0.0,0.0,0.0,0.0,2.0,0.0,0.0,2.0,0.0,0.0,0.0,101.0,0.0,3.0,0.0,0.0,0.0,0.0,0.0,0.0,1.0,1.0,0.0,0.0,0.0,0.0,0.0,0.0,0.0,1.0,0.0,0.0,0.0,1.0,0.0,0.0,0.0,0.0,0.0,0.0,0.0,0.0,0.0,0.0,0.0,0.0,0.0,0.0,0.0,0.0,1.0,0.0,0.0,0.0,0.0
says,4.0,0.0,0.0,0.0,0.0,0.0,0.0,0.0,3.0,0.0,2.0,2.0,0.0,1.0,0.0,10.0,0.0,0.0,0.0,0.0,0.0,0.0,0.0,0.0,0.0,0.0,0.0,0.0,0.0,0.0,0.0,0.0,0.0,0.0,14.0,1.0,4.0,30.0,1.0,0.0,0.0,0.0,0.0,0.0,1.0,1.0,1.0,0.0,0.0,0.0,0.0,0.0,0.0,0.0,0.0,5.0,16.0,0.0,2.0,1.0,5.0,0.0,1.0,0.0,0.0,0.0,0.0,0.0,2.0,8.0,0.0,0.0,5.0,0.0,0.0,0.0,0.0,0.0,2.0,0.0,0.0,0.0,0.0,0.0,0.0,0.0,0.0,0.0,0.0,1.0,0.0,0.0,0.0,0.0,0.0,0.0,0.0,3.0,0.0,0.0
school,13.0,0.0,1.0,1.0,4.0,0.0,0.0,0.0,6.0,0.0,4.0,15.0,1.0,0.0,3.0,5.0,10.0,6.0,3.0,0.0,6.0,0.0,0.0,0.0,0.0,0.0,4.0,0.0,3.0,1.0,4.0,1.0,24.0,7.0,38.0,20.0,7.0,10.0,8.0,0.0,0.0,1.0,2.0,6.0,3.0,0.0,0.0,1.0,0.0,1.0,3.0,2.0,1.0,19.0,7.0,1.0,122.0,2.0,49.0,7.0,6.0,1.0,2.0,0.0,0.0,16.0,3.0,28.0,0.0,2.0,0.0,0.0,0.0,0.0,10.0,5.0,5.0,0.0,6.0,0.0,0.0,8.0,4.0,0.0,0.0,0.0,1.0,0.0,1.0,0.0,0.0,12.0,7.0,3.0,0.0,0.0,0.0,6.0,0.0,1.0
shooting,10.0,0.0,0.0,0.0,2.0,2.0,0.0,0.0,2.0,0.0,2.0,3.0,2.0,0.0,0.0,4.0,1.0,0.0,2.0,1.0,2.0,0.0,0.0,0.0,0.0,0.0,0.0,0.0,1.0,3.0,0.0,0.0,0.0,0.0,31.0,7.0,0.0,10.0,0.0,0.0,2.0,3.0,3.0,0.0,0.0,0.0,1.0,0.0,4.0,1.0,2.0,2.0,1.0,2.0,1.0,2.0,54.0,2.0,28.0,1.0,6.0,0.0,3.0,1.0,1.0,0.0,0.0,6.0,4.0,9.0,1.0,0.0,0.0,0.0,2.0,1.0,12.0,2.0,9.0,0.0,0.0,3.0,4.0,1.0,2.0,0.0,0.0,6.0,3.0,7.0,4.0,1.0,0.0,1.0,3.0,4.0,0.0,3.0,0.0,0.0
shot,3.0,0.0,0.0,0.0,1.0,1.0,0.0,0.0,0.0,0.0,0.0,2.0,3.0,1.0,0.0,1.0,1.0,0.0,0.0,0.0,0.0,0.0,0.0,0.0,0.0,0.0,0.0,0.0,1.0,2.0,0.0,0.0,0.0,0.0,11.0,6.0,3.0,7.0,0.0,0.0,0.0,0.0,1.0,0.0,0.0,0.0,1.0,0.0,1.0,0.0,0.0,2.0,0.0,5.0,3.0,2.0,17.0,0.0,19.0,1.0,2.0,1.0,1.0,0.0,0.0,0.0,1.0,1.0,0.0,2.0,0.0,0.0,0.0,1.0,0.0,1.0,0.0,1.0,1.0,0.0,0.0,2.0,0.0,1.0,0.0,0.0,0.0,0.0,0.0,3.0,0.0,2.0,1.0,0.0,0.0,0.0,0.0,0.0,0.0,1.0
soccer,1.0,0.0,2.0,0.0,2.0,0.0,0.0,0.0,1.0,0.0,0.0,0.0,1.0,0.0,0.0,1.0,0.0,0.0,0.0,1.0,0.0,1.0,0.0,0.0,0.0,2.0,2.0,2.0,0.0,0.0,0.0,0.0,0.0,0.0,72.0,0.0,0.0,1.0,0.0,0.0,0.0,0.0,0.0,0.0,0.0,0.0,2.0,0.0,0.0,0.0,0.0,12.0,3.0,0.0,1.0,1.0,96.0,1.0,9.0,1.0,4.0,0.0,6.0,0.0,0.0,0.0,0.0,0.0,0.0,2.0,1.0,0.0,0.0,0.0,0.0,0.0,2.0,2.0,0.0,40.0,33.0,2.0,0.0,0.0,0.0,0.0,0.0,0.0,0.0,0.0,0.0,0.0,3.0,0.0,0.0,0.0,3.0,1.0,0.0,0.0
solidarity,2.0,0.0,0.0,0.0,0.0,0.0,0.0,0.0,1.0,0.0,0.0,0.0,4.0,1.0,0.0,0.0,1.0,0.0,2.0,0.0,1.0,0.0,0.0,0.0,0.0,1.0,1.0,0.0,0.0,0.0,0.0,0.0,0.0,0.0,9.0,4.0,0.0,1.0,7.0,0.0,1.0,0.0,0.0,0.0,1.0,0.0,0.0,0.0,0.0,0.0,0.0,0.0,1.0,0.0,0.0,0.0,18.0,2.0,7.0,2.0,1.0,0.0,0.0,0.0,0.0,2.0,0.0,1.0,1.0,1.0,0.0,0.0,0.0,0.0,0.0,0.0,0.0,0.0,0.0,0.0,0.0,5.0,0.0,1.0,0.0,1.0,0.0,0.0,1.0,0.0,0.0,0.0,4.0,0.0,0.0,0.0,0.0,1.0,0.0,7.0
solution,1.0,19.0,24.0,0.0,1.0,0.0,0.0,0.0,0.0,0.0,0.0,0.0,0.0,0.0,0.0,0.0,0.0,0.0,0.0,0.0,1.0,0.0,0.0,0.0,0.0,0.0,0.0,1.0,0.0,1.0,0.0,0.0,0.0,0.0,5.0,7.0,0.0,0.0,0.0,2.0,0.0,1.0,1.0,0.0,0.0,0.0,0.0,0.0,0.0,2.0,0.0,1.0,0.0,0.0,0.0,0.0,57.0,0.0,5.0,0.0,0.0,0.0,0.0,2.0,0.0,0.0,11.0,0.0,0.0,0.0,0.0,0.0,0.0,0.0,2.0,0.0,0.0,0.0,0.0,0.0,0.0,1.0,0.0,0.0,0.0,0.0,0.0,0.0,2.0,0.0,0.0,0.0,0.0,0.0,3.0,0.0,0.0,0.0,0.0,0.0
state,9.0,0.0,0.0,1.0,2.0,0.0,6.0,0.0,108.0,0.0,3.0,2.0,0.0,1.0,0.0,0.0,0.0,0.0,0.0,0.0,3.0,0.0,0.0,15.0,0.0,0.0,11.0,0.0,0.0,1.0,0.0,2.0,1.0,0.0,34.0,28.0,0.0,2.0,3.0,6.0,3.0,0.0,4.0,0.0,6.0,0.0,2.0,1.0,0.0,0.0,0.0,1.0,0.0,8.0,1.0,0.0,34.0,3.0,31.0,27.0,3.0,1.0,1.0,0.0,0.0,1.0,0.0,1.0,2.0,0.0,2.0,1.0,2.0,0.0,0.0,0.0,1.0,0.0,3.0,1.0,0.0,0.0,0.0,0.0,0.0,0.0,3.0,4.0,0.0,6.0,0.0,1.0,3.0,0.0,1.0,1.0,0.0,0.0,2.0,0.0
students,1.0,0.0,0.0,31.0,0.0,0.0,2.0,0.0,3.0,0.0,0.0,0.0,4.0,0.0,0.0,0.0,0.0,0.0,28.0,0.0,0.0,4.0,29.0,3.0,0.0,0.0,2.0,0.0,0.0,0.0,0.0,0.0,0.0,0.0,2.0,11.0,0.0,0.0,0.0,2.0,1.0,0.0,38.0,0.0,0.0,2.0,0.0,1.0,0.0,0.0,0.0,0.0,0.0,0.0,0.0,0.0,40.0,0.0,15.0,0.0,0.0,12.0,0.0,0.0,0.0,0.0,0.0,0.0,0.0,0.0,0.0,1.0,13.0,0.0,2.0,0.0,0.0,0.0,0.0,0.0,0.0,0.0,0.0,0.0,39.0,0.0,0.0,0.0,0.0,0.0,0.0,0.0,0.0,0.0,0.0,0.0,0.0,2.0,0.0,0.0
support,4.0,0.0,0.0,0.0,2.0,2.0,0.0,0.0,4.0,0.0,2.0,20.0,0.0,0.0,1.0,0.0,2.0,0.0,2.0,3.0,3.0,0.0,0.0,0.0,0.0,0.0,0.0,0.0,3.0,0.0,0.0,1.0,0.0,1.0,7.0,4.0,0.0,1.0,1.0,0.0,1.0,0.0,0.0,0.0,0.0,0.0,17.0,0.0,0.0,0.0,2.0,3.0,0.0,1.0,1.0,1.0,72.0,4.0,11.0,3.0,6.0,0.0,1.0,3.0,1.0,1.0,0.0,0.0,0.0,7.0,0.0,0.0,0.0,1.0,0.0,0.0,1.0,0.0,3.0,0.0,0.0,2.0,3.0,2.0,0.0,0.0,0.0,0.0,1.0,1.0,0.0,5.0,0.0,1.0,0.0,7.0,0.0,0.0,0.0,0.0
sushma,0.0,1.0,0.0,0.0,0.0,0.0,0.0,0.0,1.0,0.0,2.0,1.0,2.0,0.0,0.0,1.0,1.0,0.0,0.0,0.0,0.0,0.0,0.0,1.0,0.0,0.0,1.0,0.0,0.0,0.0,0.0,0.0,4.0,1.0,11.0,9.0,0.0,1.0,0.0,1.0,2.0,0.0,1.0,0.0,0.0,0.0,1.0,0.0,0.0,0.0,0.0,0.0,1.0,1.0,0.0,1.0,17.0,0.0,10.0,0.0,0.0,1.0,0.0,7.0,0.0,0.0,0.0,9.0,0.0,5.0,1.0,0.0,0.0,0.0,0.0,0.0,2.0,0.0,0.0,0.0,0.0,0.0,0.0,1.0,0.0,0.0,0.0,0.0,2.0,3.0,0.0,1.0,1.0,1.0,0.0,0.0,0.0,0.0,0.0,3.0
swaraj,0.0,0.0,1.0,0.0,0.0,0.0,0.0,0.0,4.0,0.0,0.0,0.0,1.0,0.0,0.0,0.0,0.0,0.0,2.0,0.0,0.0,0.0,0.0,1.0,0.0,0.0,2.0,0.0,0.0,0.0,0.0,3.0,0.0,0.0,2.0,41.0,0.0,0.0,0.0,1.0,0.0,0.0,6.0,0.0,2.0,0.0,0.0,0.0,0.0,0.0,3.0,0.0,0.0,1.0,0.0,0.0,12.0,0.0,24.0,10.0,0.0,0.0,0.0,0.0,0.0,0.0,0.0,0.0,0.0,1.0,0.0,0.0,3.0,0.0,0.0,0.0,0.0,3.0,0.0,0.0,0.0,0.0,0.0,0.0,0.0,1.0,0.0,2.0,0.0,0.0,3.0,0.0,0.0,0.0,0.0,0.0,0.0,6.0,2.0,0.0
syria,0.0,0.0,1.0,0.0,0.0,0.0,3.0,0.0,0.0,0.0,2.0,0.0,1.0,1.0,0.0,2.0,0.0,0.0,2.0,0.0,0.0,0.0,0.0,0.0,0.0,0.0,0.0,0.0,0.0,0.0,0.0,0.0,0.0,0.0,5.0,5.0,1.0,2.0,0.0,1.0,3.0,30.0,0.0,0.0,0.0,0.0,0.0,0.0,0.0,0.0,0.0,1.0,0.0,3.0,0.0,1.0,46.0,1.0,13.0,0.0,1.0,1.0,0.0,9.0,0.0,0.0,0.0,1.0,0.0,0.0,2.0,0.0,1.0,0.0,2.0,0.0,2.0,0.0,1.0,0.0,0.0,1.0,0.0,0.0,0.0,0.0,0.0,0.0,2.0,0.0,11.0,0.0,2.0,1.0,2.0,0.0,0.0,0.0,0.0,0.0
talks,0.0,0.0,1.0,0.0,0.0,2.0,3.0,0.0,0.0,0.0,2.0,0.0,0.0,1.0,0.0,2.0,0.0,0.0,0.0,0.0,1.0,0.0,0.0,1.0,0.0,0.0,0.0,0.0,0.0,0.0,0.0,0.0,0.0,0.0,0.0,6.0,0.0,1.0,2.0,0.0,0.0,0.0,0.0,0.0,0.0,0.0,0.0,0.0,0.0,0.0,0.0,0.0,0.0,2.0,0.0,0.0,11.0,2.0,23.0,2.0,0.0,0.0,0.0,1.0,0.0,0.0,0.0,0.0,0.0,2.0,0.0,0.0,0.0,0.0,1.0,0.0,1.0,11.0,2.0,1.0,0.0,0.0,0.0,0.0,3.0,0.0,0.0,0.0,0.0,0.0,0.0,0.0,4.0,0.0,0.0,0.0,0.0,0.0,0.0,0.0
team,0.0,0.0,0.0,1.0,0.0,0.0,0.0,0.0,0.0,0.0,0.0,0.0,0.0,0.0,0.0,0.0,0.0,0.0,4.0,0.0,1.0,0.0,0.0,0.0,0.0,0.0,0.0,0.0,0.0,0.0,0.0,0.0,0.0,0.0,0.0,1.0,0.0,0.0,0.0,0.0,0.0,2.0,0.0,3.0,0.0,0.0,0.0,0.0,0.0,0.0,0.0,0.0,0.0,1.0,0.0,4.0,56.0,0.0,0.0,0.0,0.0,0.0,0.0,0.0,0.0,0.0,0.0,0.0,0.0,0.0,0.0,0.0,0.0,37.0,0.0,0.0,9.0,0.0,0.0,0.0,0.0,0.0,0.0,15.0,4.0,0.0,0.0,1.0,0.0,0.0,0.0,0.0,0.0,0.0,0.0,0.0,0.0,0.0,0.0,0.0
texas,0.0,0.0,0.0,4.0,0.0,0.0,0.0,0.0,0.0,0.0,0.0,1.0,4.0,0.0,0.0,0.0,0.0,0.0,1.0,0.0,2.0,0.0,0.0,0.0,0.0,0.0,0.0,0.0,0.0,0.0,2.0,0.0,0.0,0.0,0.0,1.0,0.0,0.0,0.0,0.0,0.0,0.0,4.0,0.0,1.0,14.0,0.0,1.0,0.0,0.0,0.0,0.0,0.0,0.0,0.0,0.0,32.0,0.0,0.0,1.0,0.0,0.0,0.0,0.0,0.0,0.0,0.0,0.0,0.0,11.0,0.0,0.0,0.0,0.0,0.0,0.0,0.0,0.0,2.0,0.0,0.0,0.0,0.0,0.0,8.0,0.0,0.0,0.0,0.0,0.0,0.0,0.0,0.0,0.0,1.0,0.0,0.0,0.0,4.0,0.0
today,0.0,0.0,0.0,2.0,0.0,1.0,0.0,0.0,0.0,0.0,0.0,0.0,0.0,0.0,0.0,0.0,0.0,0.0,3.0,1.0,0.0,14.0,13.0,0.0,0.0,0.0,0.0,0.0,0.0,0.0,0.0,0.0,0.0,0.0,13.0,0.0,1.0,1.0,0.0,1.0,0.0,0.0,4.0,0.0,0.0,0.0,0.0,0.0,0.0,0.0,2.0,0.0,0.0,2.0,0.0,0.0,26.0,0.0,4.0,0.0,0.0,0.0,0.0,0.0,0.0,0.0,1.0,0.0,0.0,0.0,0.0,0.0,0.0,0.0,0.0,0.0,0.0,0.0,0.0,0.0,0.0,0.0,0.0,0.0,14.0,0.0,1.0,0.0,0.0,0.0,0.0,0.0,0.0,0.0,0.0,0.0,0.0,0.0,2.0,0.0
trump,0.0,0.0,0.0,0.0,2.0,1.0,0.0,0.0,0.0,0.0,0.0,4.0,0.0,0.0,0.0,0.0,0.0,0.0,0.0,0.0,0.0,0.0,0.0,0.0,0.0,0.0,0.0,0.0,0.0,0.0,0.0,0.0,0.0,0.0,3.0,1.0,0.0,0.0,0.0,0.0,0.0,0.0,0.0,0.0,0.0,0.0,0.0,0.0,0.0,0.0,0.0,3.0,0.0,0.0,0.0,0.0,39.0,0.0,12.0,0.0,0.0,0.0,0.0,0.0,20.0,0.0,0.0,0.0,0.0,0.0,0.0,0.0,0.0,0.0,0.0,0.0,20.0,0.0,1.0,0.0,0.0,0.0,0.0,0.0,0.0,0.0,0.0,0.0,0.0,0.0,0.0,5.0,0.0,0.0,2.0,0.0,1.0,0.0,0.0,0.0
two,0.0,0.0,0.0,0.0,1.0,0.0,0.0,19.0,1.0,0.0,0.0,0.0,0.0,0.0,0.0,0.0,0.0,0.0,0.0,0.0,0.0,0.0,0.0,0.0,0.0,0.0,0.0,0.0,0.0,0.0,0.0,0.0,0.0,0.0,1.0,0.0,0.0,0.0,2.0,0.0,0.0,1.0,1.0,0.0,0.0,0.0,0.0,6.0,0.0,0.0,0.0,0.0,0.0,0.0,0.0,4.0,46.0,0.0,2.0,2.0,0.0,21.0,0.0,0.0,0.0,0.0,0.0,0.0,0.0,0.0,25.0,0.0,0.0,0.0,0.0,0.0,1.0,0.0,0.0,0.0,0.0,0.0,0.0,0.0,0.0,0.0,0.0,3.0,0.0,0.0,0.0,0.0,0.0,0.0,0.0,0.0,0.0,1.0,1.0,0.0
uk,0.0,0.0,0.0,0.0,1.0,0.0,0.0,0.0,1.0,0.0,0.0,5.0,0.0,0.0,0.0,0.0,0.0,0.0,0.0,0.0,0.0,0.0,0.0,0.0,0.0,0.0,0.0,0.0,0.0,0.0,0.0,0.0,0.0,0.0,41.0,5.0,0.0,0.0,0.0,0.0,0.0,0.0,0.0,0.0,0.0,0.0,0.0,0.0,0.0,0.0,0.0,8.0,0.0,0.0,0.0,0.0,64.0,0.0,8.0,0.0,0.0,0.0,1.0,0.0,0.0,0.0,0.0,0.0,0.0,0.0,0.0,0.0,0.0,0.0,0.0,0.0,0.0,0.0,1.0,0.0,61.0,0.0,5.0,0.0,0.0,0.0,0.0,0.0,0.0,0.0,1.0,0.0,0.0,0.0,40.0,0.0,0.0,1.0,0.0,0.0
un,0.0,0.0,0.0,0.0,1.0,0.0,0.0,0.0,0.0,0.0,0.0,5.0,0.0,0.0,0.0,0.0,0.0,0.0,0.0,0.0,0.0,0.0,0.0,0.0,0.0,0.0,0.0,0.0,0.0,0.0,0.0,0.0,0.0,0.0,38.0,5.0,0.0,0.0,0.0,0.0,0.0,0.0,0.0,0.0,0.0,0.0,0.0,0.0,0.0,0.0,0.0,8.0,0.0,0.0,0.0,0.0,51.0,0.0,5.0,0.0,0.0,0.0,1.0,0.0,0.0,0.0,0.0,0.0,0.0,0.0,0.0,0.0,0.0,0.0,0.0,0.0,0.0,0.0,0.0,61.0,0.0,0.0,6.0,0.0,0.0,0.0,0.0,0.0,0.0,0.0,0.0,0.0,0.0,0.0,33.0,0.0,0.0,0.0,0.0,0.0
university,0.0,0.0,0.0,0.0,2.0,0.0,0.0,0.0,1.0,0.0,0.0,1.0,1.0,0.0,5.0,4.0,2.0,0.0,0.0,2.0,0.0,0.0,0.0,0.0,0.0,0.0,3.0,5.0,1.0,1.0,1.0,0.0,0.0,1.0,11.0,4.0,1.0,4.0,1.0,5.0,0.0,0.0,0.0,0.0,1.0,0.0,2.0,0.0,0.0,0.0,0.0,0.0,0.0,0.0,1.0,0.0,30.0,2.0,9.0,1.0,3.0,0.0,5.0,0.0,3.0,1.0,0.0,0.0,0.0,1.0,0.0,0.0,0.0,0.0,0.0,8.0,1.0,0.0,5.0,0.0,0.0,4.0,1.0,0.0,0.0,0.0,0.0,0.0,0.0,12.0,0.0,0.0,1.0,2.0,0.0,0.0,0.0,1.0,0.0,5.0
urges,0.0,0.0,0.0,0.0,0.0,2.0,3.0,1.0,2.0,0.0,0.0,0.0,0.0,1.0,0.0,0.0,0.0,0.0,0.0,0.0,0.0,0.0,2.0,1.0,0.0,0.0,3.0,0.0,0.0,0.0,1.0,0.0,0.0,0.0,8.0,7.0,0.0,0.0,0.0,2.0,3.0,1.0,3.0,0.0,0.0,0.0,0.0,1.0,0.0,0.0,0.0,0.0,0.0,4.0,0.0,1.0,19.0,0.0,19.0,3.0,1.0,0.0,0.0,0.0,0.0,1.0,0.0,0.0,0.0,0.0,0.0,0.0,0.0,0.0,0.0,0.0,0.0,0.0,0.0,0.0,0.0,1.0,0.0,0.0,1.0,0.0,0.0,0.0,0.0,1.0,0.0,0.0,0.0,0.0,0.0,0.0,0.0,2.0,0.0,1.0
us,0.0,0.0,0.0,0.0,0.0,1.0,0.0,6.0,1.0,0.0,0.0,0.0,2.0,0.0,2.0,0.0,0.0,0.0,1.0,0.0,0.0,0.0,0.0,0.0,0.0,0.0,2.0,0.0,1.0,0.0,2.0,0.0,1.0,0.0,2.0,7.0,0.0,0.0,1.0,0.0,2.0,0.0,1.0,0.0,0.0,0.0,0.0,1.0,0.0,1.0,0.0,0.0,0.0,2.0,1.0,2.0,44.0,0.0,6.0,1.0,2.0,16.0,0.0,2.0,0.0,0.0,3.0,1.0,0.0,1.0,0.0,25.0,3.0,0.0,0.0,0.0,0.0,2.0,1.0,0.0,0.0,1.0,0.0,0.0,2.0,0.0,0.0,0.0,2.0,0.0,0.0,0.0,1.0,0.0,1.0,0.0,0.0,2.0,0.0,0.0
violence,0.0,0.0,0.0,0.0,0.0,0.0,1.0,0.0,13.0,0.0,0.0,0.0,2.0,0.0,0.0,0.0,0.0,0.0,3.0,0.0,0.0,0.0,0.0,0.0,0.0,0.0,3.0,0.0,1.0,0.0,1.0,1.0,0.0,0.0,1.0,60.0,0.0,0.0,0.0,4.0,0.0,0.0,3.0,0.0,0.0,0.0,0.0,4.0,0.0,0.0,0.0,0.0,0.0,0.0,1.0,0.0,14.0,0.0,28.0,19.0,0.0,0.0,0.0,1.0,0.0,0.0,2.0,0.0,0.0,0.0,0.0,0.0,2.0,0.0,0.0,0.0,0.0,0.0,2.0,0.0,0.0,0.0,0.0,0.0,0.0,2.0,0.0,1.0,0.0,0.0,1.0,0.0,0.0,0.0,0.0,0.0,0.0,15.0,3.0,0.0
visit,0.0,0.0,0.0,0.0,0.0,0.0,3.0,2.0,4.0,0.0,0.0,0.0,0.0,0.0,0.0,4.0,0.0,0.0,8.0,0.0,0.0,0.0,0.0,2.0,0.0,0.0,1.0,0.0,0.0,0.0,0.0,0.0,0.0,0.0,2.0,8.0,1.0,4.0,0.0,2.0,0.0,0.0,1.0,0.0,0.0,0.0,0.0,8.0,0.0,0.0,0.0,0.0,0.0,0.0,0.0,8.0,18.0,0.0,26.0,1.0,1.0,4.0,0.0,0.0,0.0,0.0,0.0,0.0,0.0,0.0,3.0,0.0,0.0,0.0,0.0,0.0,1.0,1.0,0.0,0.0,0.0,0.0,0.0,0.0,13.0,0.0,5.0,1.0,0.0,0.0,0.0,0.0,0.0,0.0,0.0,0.0,0.0,2.0,13.0,0.0
war,0.0,0.0,0.0,0.0,0.0,0.0,2.0,3.0,4.0,1.0,3.0,0.0,1.0,2.0,0.0,8.0,0.0,0.0,0.0,0.0,0.0,0.0,0.0,1.0,0.0,0.0,3.0,0.0,0.0,1.0,0.0,0.0,2.0,0.0,8.0,10.0,0.0,4.0,2.0,1.0,0.0,0.0,8.0,0.0,0.0,0.0,0.0,1.0,0.0,1.0,0.0,1.0,0.0,1.0,1.0,2.0,28.0,1.0,17.0,10.0,0.0,1.0,3.0,0.0,0.0,0.0,0.0,2.0,0.0,0.0,0.0,3.0,1.0,1.0,0.0,2.0,3.0,0.0,0.0,0.0,0.0,2.0,1.0,0.0,0.0,0.0,0.0,0.0,0.0,0.0,0.0,0.0,6.0,0.0,0.0,0.0,0.0,4.0,0.0,0.0
week,0.0,0.0,0.0,0.0,0.0,0.0,0.0,0.0,3.0,0.0,1.0,10.0,0.0,0.0,5.0,1.0,16.0,0.0,0.0,2.0,3.0,0.0,0.0,0.0,2.0,0.0,0.0,0.0,1.0,0.0,0.0,0.0,1.0,0.0,9.0,3.0,2.0,2.0,0.0,1.0,0.0,1.0,0.0,0.0,0.0,0.0,0.0,0.0,1.0,0.0,0.0,0.0,0.0,0.0,0.0,0.0,23.0,1.0,19.0,4.0,2.0,0.0,2.0,1.0,1.0,0.0,0.0,1.0,0.0,0.0,0.0,0.0,0.0,0.0,18.0,0.0,1.0,0.0,6.0,0.0,0.0,1.0,1.0,0.0,0.0,0.0,0.0,0.0,0.0,7.0,0.0,1.0,0.0,0.0,0.0,0.0,0.0,0.0,0.0,1.0
west,0.0,0.0,0.0,0.0,0.0,0.0,0.0,0.0,2.0,0.0,1.0,0.0,1.0,0.0,0.0,1.0,0.0,0.0,0.0,0.0,3.0,0.0,0.0,0.0,0.0,0.0,0.0,0.0,2.0,0.0,0.0,0.0,0.0,0.0,3.0,8.0,0.0,0.0,1.0,0.0,0.0,0.0,0.0,0.0,0.0,0.0,1.0,0.0,0.0,0.0,0.0,0.0,0.0,1.0,1.0,0.0,25.0,0.0,13.0,1.0,0.0,1.0,1.0,3.0,1.0,1.0,1.0,0.0,0.0,0.0,2.0,0.0,0.0,0.0,2.0,0.0,0.0,2.0,0.0,0.0,0.0,2.0,0.0,0.0,0.0,0.0,0.0,0.0,0.0,1.0,0.0,0.0,3.0,0.0,0.0,1.0,2.0,0.0,0.0,1.0
woman,0.0,0.0,0.0,0.0,0.0,0.0,0.0,0.0,0.0,37.0,0.0,0.0,0.0,0.0,0.0,0.0,0.0,0.0,4.0,0.0,1.0,0.0,0.0,0.0,0.0,0.0,0.0,0.0,0.0,0.0,0.0,0.0,0.0,0.0,1.0,1.0,0.0,0.0,0.0,0.0,0.0,0.0,0.0,3.0,0.0,0.0,0.0,0.0,0.0,0.0,0.0,0.0,0.0,0.0,0.0,4.0,52.0,1.0,2.0,0.0,0.0,0.0,0.0,0.0,0.0,0.0,0.0,0.0,0.0,0.0,0.0,0.0,0.0,0.0,0.0,0.0,9.0,0.0,0.0,0.0,0.0,0.0,0.0,20.0,4.0,0.0,0.0,1.0,0.0,0.0,0.0,0.0,0.0,1.0,0.0,0.0,0.0,0.0,0.0,1.0
world,0.0,0.0,0.0,0.0,0.0,0.0,0.0,0.0,0.0,0.0,0.0,2.0,0.0,0.0,0.0,0.0,0.0,0.0,0.0,2.0,1.0,0.0,0.0,0.0,9.0,2.0,0.0,20.0,0.0,0.0,0.0,0.0,0.0,1.0,6.0,0.0,0.0,0.0,0.0,0.0,0.0,0.0,0.0,0.0,0.0,0.0,0.0,0.0,0.0,0.0,0.0,0.0,1.0,3.0,0.0,0.0,43.0,0.0,12.0,0.0,4.0,0.0,1.0,0.0,0.0,0.0,0.0,0.0,0.0,2.0,0.0,0.0,0.0,0.0,0.0,0.0,15.0,0.0,0.0,0.0,0.0,0.0,2.0,0.0,0.0,0.0,0.0,0.0,1.0,0.0,0.0,3.0,1.0,0.0,0.0,0.0,0.0,0.0,0.0,1.0
