words,"",10,2,2016,3,365,4,5,950,adds,ai,amazon,android,announces,app,apple,apps,available,azure,band,big,book,build,business,buy,ceo,cloud,corporation,cortana,data,deal,dynamics,edge,enterprise,facebook,first,free,future,game,games,get,gets,google,help,heres,hololens,india,internet,ios,iphone,latest,launches,linkedin,live,lumia,make,may,microsoft,microsofts,mobile,msft,nadella,new,next,office,one,open,pc,phone,power,preview,pro,project,release,releases,review,satya,says,security,server,services,skype,software,stock,store,support,surface,tech,technology,uk,update,updates,upgrade,us,users,video,vs,wants,windows,xbox
"",0,65.0,12.0,28.0,5.0,7.0,16.0,6.0,14.0,2.0,11.0,11.0,12.0,5.0,19.0,19.0,6.0,1.0,8.0,10.0,8.0,5.0,9.0,17.0,4.0,4.0,21.0,11.0,31.0,7.0,7.0,5.0,6.0,7.0,4.0,8.0,8.0,9.0,7.0,10.0,12.0,7.0,21.0,3.0,35.0,15.0,2.0,5.0,5.0,7.0,6.0,4.0,15.0,9.0,35.0,5.0,7.0,476,84,6.0,22.0,10.0,30.0,11.0,13.0,39.0,2.0,6.0,14.0,1.0,2.0,18.0,1.0,4.0,4.0,14.0,10.0,7.0,4.0,4.0,5.0,7.0,9.0,8.0,6.0,4.0,29.0,12.0,6.0,3.0,7.0,2.0,13.0,4.0,12.0,14.0,27.0,11.0,87.0,33.0
10,65,0.0,18.0,21.0,12.0,7.0,14.0,9.0,19.0,31.0,6.0,0.0,24.0,16.0,92.0,12.0,42.0,16.0,3.0,6.0,20.0,8.0,125.0,11.0,4.0,9.0,11.0,12.0,34.0,14.0,6.0,0.0,63.0,17.0,3.0,28.0,74.0,4.0,15.0,16.0,56.0,12.0,11.0,10.0,23.0,10.0,7.0,37.0,19.0,4.0,49.0,21.0,5.0,13.0,52.0,19.0,13.0,1476,241,215.0,13.0,4.0,178.0,25.0,26.0,38.0,2.0,34.0,41.0,5.0,62.0,29.0,3.0,49.0,76.0,12.0,5.0,36.0,19.0,4.0,1.0,8.0,3.0,3.0,19.0,62.0,27.0,4.0,2.0,4.0,224.0,58.0,216.0,7.0,108.0,5.0,4.0,26.0,1818.0,42.0
2,12,18.0,0.0,6.0,4.0,0.0,9.0,8.0,3.0,5.0,0.0,6.0,10.0,2.0,3.0,13.0,2.0,11.0,0.0,220.0,6.0,11.0,3.0,0.0,2.0,3.0,5.0,3.0,10.0,3.0,6.0,1.0,1.0,1.0,0.0,3.0,2.0,0.0,2.0,2.0,9.0,15.0,2.0,6.0,2.0,2.0,1.0,0.0,1.0,0.0,3.0,2.0,0.0,2.0,5.0,0.0,4.0,295,21,2.0,2.0,1.0,13.0,4.0,1.0,9.0,1.0,2.0,0.0,4.0,1.0,12.0,0.0,15.0,6.0,37.0,1.0,4.0,0.0,0.0,0.0,0.0,1.0,1.0,5.0,5.0,21.0,6.0,2.0,14.0,32.0,2.0,0.0,3.0,6.0,0.0,8.0,1.0,21.0,9.0
2016,28,21.0,6.0,0.0,11.0,5.0,10.0,9.0,0.0,10.0,3.0,4.0,2.0,23.0,2.0,9.0,5.0,15.0,13.0,2.0,8.0,10.0,56.0,2.0,5.0,2.0,12.0,10.0,0.0,12.0,6.0,31.0,7.0,4.0,1.0,15.0,6.0,7.0,3.0,17.0,4.0,2.0,7.0,1.0,5.0,7.0,5.0,7.0,1.0,0.0,4.0,5.0,2.0,24.0,6.0,2.0,14.0,489,85,8.0,18.0,3.0,44.0,3.0,52.0,34.0,2.0,4.0,11.0,3.0,15.0,7.0,9.0,18.0,23.0,3.0,2.0,2.0,12.0,83.0,3.0,2.0,3.0,9.0,2.0,10.0,31.0,9.0,3.0,8.0,16.0,4.0,4.0,1.0,1.0,6.0,9.0,1.0,52.0,50.0
3,5,12.0,4.0,11.0,0.0,3.0,12.0,4.0,0.0,4.0,1.0,2.0,1.0,0.0,0.0,4.0,0.0,2.0,1.0,5.0,0.0,3.0,0.0,1.0,6.0,0.0,4.0,13.0,0.0,0.0,3.0,0.0,0.0,0.0,0.0,0.0,1.0,0.0,0.0,3.0,2.0,5.0,0.0,1.0,0.0,2.0,3.0,0.0,2.0,1.0,1.0,1.0,3.0,0.0,0.0,0.0,2.0,158,22,0.0,0.0,2.0,17.0,0.0,3.0,6.0,0.0,0.0,4.0,0.0,5.0,38.0,1.0,7.0,7.0,4.0,0.0,0.0,0.0,0.0,1.0,0.0,2.0,1.0,4.0,0.0,101.0,2.0,2.0,10.0,7.0,5.0,2.0,4.0,0.0,0.0,4.0,1.0,14.0,7.0
365,7,7.0,0.0,5.0,3.0,0.0,0.0,1.0,4.0,8.0,0.0,0.0,4.0,8.0,13.0,2.0,8.0,6.0,16.0,0.0,0.0,0.0,2.0,15.0,0.0,2.0,12.0,1.0,0.0,3.0,2.0,7.0,2.0,5.0,0.0,4.0,6.0,0.0,0.0,0.0,12.0,0.0,6.0,3.0,2.0,1.0,0.0,0.0,6.0,0.0,1.0,5.0,0.0,3.0,4.0,1.0,2.0,240,41,4.0,2.0,0.0,41.0,1.0,284.0,1.0,4.0,0.0,2.0,0.0,7.0,2.0,5.0,0.0,8.0,0.0,0.0,3.0,19.0,0.0,6.0,8.0,1.0,0.0,2.0,8.0,1.0,0.0,2.0,2.0,4.0,8.0,0.0,2.0,15.0,2.0,0.0,2.0,10.0,0.0
4,16,14.0,9.0,10.0,12.0,0.0,0.0,11.0,2.0,1.0,0.0,1.0,0.0,1.0,1.0,26.0,1.0,4.0,2.0,5.0,2.0,64.0,2.0,2.0,6.0,1.0,1.0,0.0,0.0,0.0,3.0,0.0,1.0,2.0,2.0,8.0,22.0,0.0,4.0,0.0,1.0,4.0,3.0,2.0,4.0,1.0,14.0,0.0,2.0,0.0,4.0,8.0,1.0,2.0,3.0,0.0,5.0,321,40,0.0,2.0,2.0,26.0,3.0,1.0,29.0,0.0,7.0,1.0,3.0,1.0,305.0,1.0,7.0,4.0,44.0,2.0,8.0,0.0,1.0,0.0,1.0,0.0,1.0,10.0,3.0,307.0,5.0,0.0,6.0,14.0,10.0,0.0,4.0,3.0,1.0,55.0,0.0,16.0,31.0
5,6,9.0,8.0,9.0,4.0,1.0,11.0,0.0,0.0,3.0,0.0,0.0,0.0,1.0,2.0,1.0,2.0,0.0,3.0,2.0,2.0,5.0,2.0,1.0,3.0,0.0,0.0,1.0,0.0,0.0,1.0,3.0,1.0,2.0,0.0,9.0,1.0,3.0,5.0,2.0,2.0,1.0,1.0,1.0,3.0,4.0,2.0,1.0,1.0,0.0,0.0,0.0,3.0,1.0,2.0,1.0,4.0,141,21,3.0,7.0,0.0,4.0,2.0,2.0,4.0,2.0,7.0,1.0,2.0,0.0,61.0,0.0,30.0,0.0,1.0,0.0,0.0,2.0,0.0,0.0,0.0,0.0,3.0,0.0,1.0,70.0,4.0,1.0,2.0,3.0,0.0,0.0,0.0,0.0,0.0,4.0,4.0,10.0,7.0
950,14,19.0,3.0,0.0,0.0,4.0,2.0,0.0,0.0,1.0,0.0,6.0,0.0,1.0,0.0,4.0,0.0,6.0,0.0,1.0,2.0,0.0,1.0,0.0,2.0,0.0,0.0,0.0,0.0,0.0,3.0,0.0,1.0,0.0,0.0,12.0,18.0,0.0,0.0,0.0,1.0,1.0,4.0,0.0,2.0,0.0,14.0,0.0,1.0,4.0,2.0,6.0,0.0,0.0,205.0,0.0,1.0,183,19,11.0,0.0,0.0,3.0,0.0,5.0,4.0,2.0,4.0,11.0,0.0,2.0,3.0,0.0,1.0,4.0,31.0,0.0,5.0,0.0,0.0,0.0,0.0,0.0,1.0,5.0,0.0,3.0,0.0,0.0,16.0,4.0,1.0,1.0,6.0,2.0,0.0,20.0,0.0,24.0,2.0
adds,2,31.0,5.0,10.0,4.0,8.0,1.0,3.0,1.0,0.0,2.0,1.0,13.0,0.0,8.0,2.0,5.0,0.0,15.0,14.0,0.0,0.0,8.0,3.0,1.0,1.0,15.0,2.0,5.0,2.0,0.0,9.0,9.0,3.0,4.0,0.0,3.0,0.0,1.0,7.0,0.0,1.0,3.0,0.0,0.0,2.0,0.0,1.0,11.0,2.0,6.0,0.0,0.0,2.0,1.0,1.0,0.0,222,11,12.0,2.0,0.0,42.0,1.0,28.0,11.0,0.0,2.0,0.0,10.0,8.0,1.0,2.0,3.0,1.0,0.0,0.0,0.0,7.0,4.0,5.0,10.0,3.0,0.0,2.0,44.0,0.0,2.0,0.0,0.0,15.0,3.0,0.0,0.0,3.0,3.0,1.0,0.0,38.0,11.0
ai,11,6.0,0.0,3.0,1.0,0.0,0.0,0.0,0.0,2.0,0.0,0.0,0.0,0.0,2.0,1.0,2.0,0.0,1.0,0.0,4.0,0.0,5.0,0.0,1.0,7.0,1.0,5.0,2.0,1.0,1.0,0.0,0.0,0.0,1.0,5.0,1.0,4.0,0.0,0.0,0.0,6.0,2.0,2.0,0.0,1.0,0.0,1.0,0.0,0.0,6.0,5.0,0.0,1.0,0.0,0.0,0.0,112,91,0.0,5.0,5.0,23.0,1.0,0.0,2.0,4.0,0.0,0.0,0.0,0.0,0.0,3.0,0.0,0.0,0.0,3.0,3.0,0.0,0.0,0.0,2.0,1.0,0.0,0.0,0.0,0.0,4.0,6.0,1.0,0.0,0.0,0.0,1.0,1.0,1.0,0.0,6.0,4.0,0.0
amazon,11,0.0,6.0,4.0,2.0,0.0,1.0,0.0,6.0,1.0,0.0,0.0,0.0,0.0,1.0,35.0,1.0,2.0,10.0,4.0,11.0,0.0,0.0,1.0,4.0,1.0,67.0,1.0,1.0,9.0,1.0,0.0,2.0,0.0,21.0,1.0,0.0,1.0,1.0,0.0,4.0,4.0,67.0,0.0,7.0,0.0,3.0,0.0,1.0,0.0,0.0,0.0,1.0,0.0,11.0,2.0,2.0,249,9,0.0,6.0,1.0,2.0,0.0,0.0,5.0,1.0,0.0,0.0,0.0,1.0,1.0,0.0,0.0,0.0,1.0,1.0,10.0,0.0,1.0,3.0,0.0,0.0,3.0,1.0,5.0,2.0,12.0,0.0,12.0,1.0,0.0,0.0,0.0,5.0,1.0,9.0,0.0,1.0,1.0
android,12,24.0,10.0,2.0,1.0,4.0,0.0,0.0,0.0,13.0,0.0,0.0,0.0,1.0,66.0,4.0,82.0,6.0,2.0,12.0,3.0,0.0,1.0,9.0,4.0,1.0,0.0,0.0,46.0,0.0,5.0,0.0,0.0,0.0,3.0,0.0,7.0,0.0,1.0,0.0,2.0,12.0,11.0,0.0,0.0,0.0,0.0,0.0,67.0,8.0,8.0,16.0,0.0,0.0,0.0,5.0,1.0,279,72,20.0,4.0,0.0,29.0,4.0,28.0,2.0,3.0,0.0,5.0,0.0,3.0,0.0,8.0,0.0,3.0,0.0,0.0,5.0,0.0,0.0,2.0,18.0,0.0,0.0,10.0,17.0,0.0,0.0,0.0,0.0,9.0,12.0,0.0,2.0,15.0,10.0,0.0,11.0,59.0,2.0
announces,5,16.0,2.0,23.0,0.0,8.0,1.0,1.0,1.0,0.0,0.0,0.0,1.0,0.0,4.0,3.0,1.0,2.0,17.0,0.0,3.0,0.0,2.0,13.0,0.0,1.0,18.0,2.0,0.0,13.0,1.0,10.0,2.0,4.0,0.0,7.0,6.0,1.0,3.0,5.0,0.0,0.0,0.0,3.0,0.0,6.0,7.0,2.0,0.0,2.0,1.0,2.0,1.0,4.0,4.0,0.0,0.0,273,2,4.0,5.0,1.0,45.0,2.0,14.0,19.0,3.0,1.0,2.0,9.0,8.0,4.0,10.0,6.0,0.0,0.0,0.0,0.0,6.0,5.0,8.0,9.0,1.0,0.0,1.0,12.0,7.0,1.0,1.0,3.0,10.0,6.0,1.0,3.0,2.0,4.0,0.0,0.0,25.0,29.0
app,19,92.0,3.0,2.0,0.0,13.0,1.0,2.0,0.0,8.0,2.0,1.0,66.0,4.0,0.0,10.0,16.0,13.0,2.0,12.0,1.0,0.0,6.0,16.0,1.0,2.0,9.0,5.0,14.0,16.0,2.0,0.0,2.0,1.0,4.0,5.0,3.0,2.0,4.0,3.0,3.0,20.0,15.0,1.0,3.0,25.0,0.0,0.0,68.0,43.0,11.0,31.0,1.0,7.0,2.0,13.0,2.0,512,171,39.0,12.0,1.0,116.0,5.0,22.0,5.0,3.0,6.0,18.0,4.0,5.0,6.0,15.0,4.0,26.0,3.0,1.0,10.0,9.0,0.0,0.0,21.0,3.0,0.0,39.0,15.0,3.0,0.0,0.0,0.0,19.0,28.0,3.0,2.0,15.0,15.0,2.0,13.0,139.0,18.0
apple,19,12.0,13.0,9.0,4.0,2.0,26.0,1.0,4.0,2.0,1.0,35.0,4.0,3.0,10.0,0.0,1.0,2.0,0.0,16.0,12.0,7.0,1.0,4.0,9.0,7.0,4.0,14.0,4.0,6.0,4.0,0.0,0.0,2.0,55.0,3.0,0.0,7.0,2.0,0.0,5.0,4.0,137.0,5.0,7.0,1.0,2.0,1.0,11.0,23.0,7.0,8.0,1.0,1.0,5.0,5.0,9.0,535,48,1.0,11.0,0.0,24.0,5.0,7.0,8.0,1.0,13.0,1.0,1.0,2.0,49.0,1.0,0.0,1.0,1.0,1.0,12.0,5.0,0.0,0.0,1.0,2.0,7.0,14.0,25.0,45.0,36.0,4.0,4.0,2.0,3.0,1.0,19.0,10.0,4.0,49.0,2.0,14.0,11.0
apps,6,42.0,2.0,5.0,0.0,8.0,1.0,2.0,0.0,5.0,2.0,1.0,82.0,1.0,16.0,1.0,0.0,2.0,3.0,2.0,0.0,0.0,12.0,10.0,5.0,3.0,3.0,1.0,2.0,1.0,1.0,1.0,0.0,4.0,2.0,7.0,8.0,1.0,0.0,12.0,9.0,4.0,24.0,6.0,0.0,19.0,1.0,0.0,21.0,7.0,3.0,5.0,0.0,1.0,0.0,8.0,3.0,258,55,25.0,5.0,0.0,39.0,0.0,42.0,12.0,3.0,2.0,4.0,5.0,1.0,5.0,6.0,0.0,6.0,0.0,0.0,6.0,2.0,0.0,4.0,6.0,2.0,1.0,15.0,1.0,1.0,0.0,1.0,0.0,7.0,17.0,0.0,1.0,5.0,2.0,0.0,7.0,89.0,15.0
available,1,16.0,11.0,15.0,2.0,6.0,4.0,0.0,6.0,0.0,0.0,2.0,6.0,2.0,13.0,2.0,2.0,0.0,26.0,9.0,0.0,7.0,2.0,2.0,2.0,0.0,11.0,0.0,5.0,3.0,3.0,6.0,7.0,2.0,3.0,1.0,3.0,0.0,3.0,3.0,0.0,4.0,0.0,0.0,0.0,9.0,3.0,0.0,6.0,5.0,0.0,1.0,0.0,0.0,29.0,3.0,1.0,151,36,5.0,2.0,0.0,9.0,0.0,10.0,6.0,0.0,0.0,2.0,0.0,8.0,4.0,1.0,3.0,0.0,0.0,0.0,8.0,2.0,6.0,4.0,0.0,3.0,0.0,8.0,0.0,13.0,2.0,0.0,14.0,7.0,1.0,1.0,6.0,0.0,1.0,0.0,0.0,19.0,9.0
azure,8,3.0,0.0,13.0,1.0,16.0,2.0,3.0,0.0,15.0,1.0,10.0,2.0,17.0,2.0,0.0,3.0,26.0,0.0,0.0,5.0,0.0,6.0,5.0,3.0,0.0,101.0,0.0,2.0,17.0,3.0,12.0,2.0,13.0,0.0,8.0,5.0,0.0,0.0,0.0,4.0,9.0,6.0,6.0,1.0,0.0,2.0,1.0,2.0,0.0,2.0,29.0,0.0,10.0,0.0,2.0,2.0,454,80,5.0,4.0,0.0,35.0,10.0,28.0,1.0,6.0,1.0,0.0,6.0,28.0,0.0,3.0,0.0,14.0,1.0,0.0,3.0,20.0,15.0,34.0,1.0,3.0,0.0,0.0,11.0,0.0,1.0,3.0,3.0,1.0,7.0,0.0,2.0,7.0,3.0,3.0,1.0,8.0,0.0
band,10,6.0,220.0,2.0,5.0,0.0,5.0,2.0,1.0,14.0,0.0,4.0,12.0,0.0,12.0,16.0,2.0,9.0,0.0,0.0,2.0,1.0,1.0,0.0,2.0,0.0,0.0,3.0,14.0,5.0,7.0,0.0,1.0,0.0,4.0,4.0,2.0,0.0,1.0,0.0,9.0,19.0,2.0,2.0,1.0,0.0,0.0,0.0,1.0,0.0,5.0,0.0,0.0,0.0,3.0,0.0,3.0,347,12,0.0,2.0,0.0,20.0,2.0,0.0,6.0,1.0,2.0,1.0,6.0,0.0,5.0,0.0,3.0,2.0,38.0,0.0,0.0,0.0,0.0,0.0,0.0,2.0,1.0,7.0,7.0,10.0,1.0,1.0,18.0,31.0,6.0,0.0,2.0,8.0,0.0,6.0,2.0,8.0,3.0
big,8,20.0,6.0,8.0,0.0,0.0,2.0,2.0,2.0,0.0,4.0,11.0,3.0,3.0,1.0,12.0,0.0,0.0,5.0,2.0,0.0,2.0,4.0,5.0,4.0,4.0,15.0,5.0,2.0,45.0,19.0,1.0,0.0,4.0,5.0,5.0,2.0,2.0,0.0,1.0,1.0,6.0,7.0,6.0,4.0,6.0,2.0,1.0,0.0,1.0,0.0,4.0,6.0,2.0,3.0,8.0,0.0,197,45,8.0,8.0,3.0,13.0,12.0,5.0,18.0,0.0,1.0,1.0,2.0,1.0,2.0,1.0,2.0,1.0,2.0,7.0,7.0,0.0,3.0,7.0,3.0,0.0,2.0,2.0,5.0,5.0,7.0,2.0,0.0,14.0,3.0,0.0,0.0,0.0,1.0,2.0,0.0,24.0,10.0
book,5,8.0,11.0,10.0,3.0,0.0,64.0,5.0,0.0,0.0,0.0,0.0,0.0,0.0,0.0,7.0,0.0,7.0,0.0,1.0,2.0,0.0,0.0,0.0,1.0,18.0,0.0,0.0,2.0,0.0,4.0,0.0,0.0,0.0,0.0,8.0,0.0,0.0,0.0,0.0,2.0,1.0,0.0,0.0,2.0,0.0,0.0,0.0,0.0,0.0,4.0,0.0,0.0,1.0,1.0,0.0,2.0,186,50,0.0,1.0,4.0,23.0,4.0,0.0,6.0,1.0,2.0,0.0,2.0,0.0,81.0,0.0,12.0,4.0,28.0,4.0,9.0,0.0,0.0,0.0,0.0,0.0,0.0,4.0,0.0,227.0,2.0,0.0,19.0,11.0,10.0,0.0,2.0,3.0,1.0,11.0,0.0,11.0,1.0
build,9,125.0,3.0,56.0,0.0,2.0,2.0,2.0,1.0,8.0,5.0,0.0,1.0,2.0,6.0,1.0,12.0,2.0,6.0,1.0,4.0,0.0,0.0,2.0,0.0,3.0,4.0,0.0,7.0,7.0,1.0,0.0,18.0,1.0,20.0,5.0,2.0,4.0,0.0,1.0,3.0,1.0,3.0,8.0,4.0,14.0,2.0,5.0,0.0,3.0,13.0,4.0,2.0,17.0,2.0,1.0,2.0,259,38,43.0,2.0,0.0,45.0,9.0,12.0,8.0,2.0,9.0,3.0,2.0,30.0,1.0,1.0,2.0,28.0,0.0,0.0,1.0,2.0,2.0,0.0,2.0,2.0,0.0,0.0,7.0,4.0,3.0,1.0,2.0,13.0,2.0,0.0,3.0,1.0,1.0,0.0,10.0,136.0,7.0
business,17,11.0,0.0,2.0,1.0,15.0,2.0,1.0,0.0,3.0,0.0,1.0,9.0,13.0,16.0,4.0,10.0,2.0,5.0,0.0,5.0,0.0,2.0,0.0,1.0,3.0,30.0,5.0,3.0,7.0,7.0,7.0,1.0,4.0,2.0,0.0,5.0,1.0,0.0,0.0,6.0,9.0,2.0,0.0,2.0,1.0,3.0,0.0,1.0,6.0,0.0,12.0,7.0,1.0,11.0,1.0,2.0,300,47,9.0,9.0,0.0,30.0,4.0,24.0,6.0,6.0,1.0,35.0,6.0,11.0,4.0,2.0,1.0,1.0,0.0,0.0,4.0,2.0,1.0,2.0,66.0,13.0,0.0,8.0,3.0,7.0,6.0,5.0,2.0,6.0,4.0,1.0,5.0,14.0,3.0,5.0,2.0,21.0,4.0
buy,4,4.0,2.0,5.0,6.0,0.0,6.0,3.0,2.0,1.0,1.0,4.0,4.0,0.0,1.0,9.0,5.0,2.0,3.0,2.0,4.0,1.0,0.0,1.0,0.0,2.0,8.0,16.0,0.0,3.0,16.0,0.0,0.0,3.0,0.0,0.0,4.0,0.0,2.0,2.0,3.0,1.0,1.0,0.0,5.0,0.0,0.0,0.0,2.0,0.0,0.0,0.0,76.0,1.0,5.0,0.0,2.0,198,14,3.0,14.0,6.0,0.0,0.0,1.0,9.0,0.0,0.0,1.0,0.0,0.0,8.0,0.0,0.0,0.0,0.0,6.0,5.0,0.0,1.0,0.0,0.0,0.0,6.0,3.0,1.0,11.0,2.0,0.0,2.0,1.0,1.0,1.0,0.0,0.0,0.0,16.0,3.0,7.0,11.0
ceo,4,9.0,3.0,2.0,0.0,2.0,1.0,0.0,0.0,1.0,7.0,1.0,1.0,1.0,2.0,7.0,3.0,0.0,0.0,0.0,4.0,18.0,3.0,3.0,2.0,0.0,5.0,1.0,3.0,1.0,9.0,1.0,0.0,1.0,0.0,5.0,0.0,4.0,0.0,4.0,0.0,2.0,2.0,4.0,6.0,2.0,15.0,1.0,0.0,2.0,1.0,0.0,13.0,1.0,0.0,1.0,3.0,267,33,0.0,6.0,114.0,11.0,3.0,2.0,7.0,1.0,1.0,0.0,0.0,0.0,1.0,1.0,2.0,0.0,0.0,112.0,7.0,1.0,0.0,0.0,0.0,1.0,1.0,1.0,0.0,3.0,2.0,9.0,6.0,0.0,1.0,0.0,7.0,0.0,2.0,0.0,2.0,17.0,6.0
cloud,21,11.0,5.0,12.0,4.0,12.0,1.0,0.0,0.0,15.0,1.0,67.0,0.0,18.0,9.0,4.0,3.0,11.0,101.0,0.0,15.0,0.0,4.0,30.0,8.0,5.0,0.0,10.0,0.0,51.0,3.0,16.0,0.0,61.0,2.0,10.0,10.0,5.0,3.0,0.0,2.0,9.0,54.0,17.0,4.0,0.0,8.0,2.0,0.0,0.0,4.0,9.0,2.0,1.0,2.0,4.0,1.0,788,137,8.0,27.0,6.0,61.0,0.0,19.0,9.0,4.0,16.0,5.0,4.0,7.0,1.0,4.0,2.0,2.0,1.0,4.0,14.0,31.0,15.0,88.0,2.0,9.0,10.0,0.0,9.0,6.0,6.0,11.0,13.0,2.0,2.0,3.0,9.0,12.0,2.0,12.0,5.0,11.0,4.0
corporation,11,12.0,3.0,10.0,13.0,1.0,0.0,1.0,0.0,2.0,5.0,1.0,0.0,2.0,5.0,14.0,1.0,0.0,0.0,3.0,5.0,0.0,0.0,5.0,16.0,1.0,10.0,0.0,0.0,7.0,7.0,0.0,2.0,2.0,8.0,0.0,4.0,2.0,2.0,3.0,1.0,0.0,1.0,1.0,2.0,3.0,0.0,0.0,1.0,2.0,3.0,4.0,0.0,0.0,4.0,0.0,3.0,306,2,2.0,114.0,2.0,15.0,2.0,1.0,7.0,0.0,5.0,5.0,0.0,4.0,0.0,3.0,3.0,2.0,0.0,1.0,1.0,2.0,0.0,0.0,3.0,0.0,39.0,0.0,0.0,17.0,4.0,0.0,1.0,8.0,2.0,1.0,1.0,0.0,1.0,11.0,2.0,13.0,6.0
cortana,31,34.0,10.0,0.0,0.0,0.0,0.0,0.0,0.0,5.0,2.0,1.0,46.0,0.0,14.0,4.0,2.0,5.0,2.0,14.0,2.0,2.0,7.0,3.0,0.0,3.0,0.0,0.0,0.0,8.0,0.0,1.0,16.0,0.0,0.0,3.0,0.0,2.0,1.0,4.0,3.0,12.0,12.0,4.0,3.0,4.0,3.0,0.0,37.0,11.0,3.0,12.0,0.0,0.0,0.0,4.0,2.0,182,71,7.0,1.0,7.0,18.0,1.0,1.0,7.0,0.0,2.0,0.0,7.0,4.0,0.0,0.0,1.0,7.0,1.0,7.0,0.0,0.0,0.0,0.0,3.0,0.0,0.0,0.0,7.0,1.0,1.0,0.0,0.0,8.0,6.0,0.0,2.0,3.0,1.0,5.0,1.0,36.0,9.0
data,7,14.0,3.0,12.0,0.0,3.0,0.0,0.0,0.0,2.0,1.0,9.0,0.0,13.0,16.0,6.0,1.0,3.0,17.0,5.0,45.0,0.0,7.0,7.0,3.0,1.0,51.0,7.0,8.0,0.0,1.0,5.0,5.0,4.0,4.0,15.0,4.0,0.0,0.0,0.0,4.0,3.0,1.0,5.0,1.0,0.0,4.0,1.0,0.0,0.0,1.0,9.0,2.0,4.0,0.0,5.0,3.0,498,39,11.0,5.0,5.0,40.0,2.0,7.0,1.0,13.0,0.0,0.0,10.0,0.0,0.0,7.0,2.0,6.0,1.0,4.0,8.0,6.0,6.0,10.0,0.0,3.0,0.0,12.0,10.0,1.0,13.0,1.0,17.0,2.0,5.0,0.0,62.0,5.0,2.0,3.0,11.0,21.0,0.0
deal,7,6.0,6.0,6.0,3.0,2.0,3.0,1.0,3.0,0.0,1.0,1.0,5.0,1.0,2.0,4.0,1.0,3.0,3.0,7.0,19.0,4.0,1.0,7.0,16.0,9.0,3.0,7.0,0.0,1.0,0.0,4.0,1.0,1.0,3.0,4.0,7.0,0.0,2.0,1.0,2.0,3.0,4.0,2.0,2.0,1.0,0.0,1.0,0.0,0.0,3.0,4.0,57.0,0.0,8.0,6.0,1.0,201,22,4.0,16.0,3.0,7.0,1.0,2.0,5.0,1.0,0.0,6.0,0.0,0.0,1.0,0.0,0.0,0.0,0.0,4.0,1.0,0.0,4.0,0.0,0.0,1.0,7.0,2.0,0.0,7.0,8.0,1.0,2.0,0.0,0.0,0.0,2.0,0.0,0.0,1.0,0.0,5.0,9.0
dynamics,5,0.0,1.0,31.0,0.0,7.0,0.0,3.0,0.0,9.0,0.0,0.0,0.0,10.0,0.0,0.0,1.0,6.0,12.0,0.0,1.0,0.0,0.0,7.0,0.0,1.0,16.0,0.0,1.0,5.0,4.0,0.0,1.0,3.0,0.0,2.0,0.0,1.0,0.0,0.0,0.0,3.0,0.0,0.0,0.0,0.0,1.0,0.0,0.0,0.0,2.0,8.0,4.0,6.0,0.0,1.0,0.0,154,17,3.0,0.0,1.0,28.0,5.0,3.0,1.0,0.0,0.0,0.0,7.0,2.0,0.0,5.0,4.0,4.0,0.0,1.0,0.0,1.0,2.0,4.0,3.0,5.0,0.0,0.0,5.0,0.0,1.0,1.0,0.0,8.0,5.0,2.0,0.0,1.0,0.0,1.0,0.0,0.0,0.0
edge,6,63.0,1.0,7.0,0.0,2.0,1.0,1.0,1.0,9.0,0.0,2.0,0.0,2.0,2.0,0.0,0.0,7.0,2.0,1.0,0.0,0.0,18.0,1.0,0.0,0.0,0.0,2.0,16.0,5.0,1.0,1.0,0.0,2.0,2.0,8.0,0.0,1.0,0.0,1.0,9.0,12.0,13.0,2.0,0.0,9.0,0.0,8.0,0.0,0.0,11.0,3.0,0.0,1.0,1.0,5.0,7.0,314,50,2.0,5.0,0.0,20.0,9.0,18.0,6.0,13.0,2.0,0.0,10.0,13.0,0.0,0.0,2.0,5.0,0.0,0.0,1.0,3.0,0.0,0.0,3.0,0.0,0.0,1.0,28.0,0.0,3.0,0.0,0.0,9.0,1.0,0.0,0.0,16.0,2.0,6.0,4.0,91.0,2.0
enterprise,7,17.0,1.0,4.0,0.0,5.0,2.0,2.0,0.0,3.0,0.0,0.0,0.0,4.0,1.0,2.0,4.0,2.0,13.0,0.0,4.0,0.0,1.0,4.0,3.0,1.0,61.0,2.0,0.0,4.0,1.0,3.0,2.0,0.0,0.0,2.0,0.0,0.0,0.0,0.0,2.0,2.0,8.0,1.0,0.0,4.0,0.0,1.0,0.0,0.0,3.0,2.0,1.0,0.0,0.0,2.0,0.0,187,16,3.0,1.0,0.0,19.0,0.0,6.0,0.0,0.0,0.0,3.0,1.0,0.0,4.0,0.0,1.0,1.0,0.0,0.0,0.0,14.0,4.0,13.0,3.0,5.0,0.0,1.0,2.0,3.0,0.0,1.0,1.0,3.0,0.0,2.0,1.0,3.0,0.0,2.0,0.0,24.0,1.0
facebook,4,3.0,0.0,1.0,0.0,0.0,2.0,0.0,0.0,4.0,1.0,21.0,3.0,0.0,4.0,55.0,2.0,3.0,0.0,4.0,5.0,0.0,20.0,2.0,0.0,0.0,2.0,8.0,0.0,4.0,3.0,0.0,2.0,0.0,0.0,0.0,0.0,0.0,0.0,0.0,0.0,2.0,80.0,0.0,5.0,0.0,3.0,10.0,3.0,3.0,0.0,0.0,7.0,2.0,0.0,0.0,1.0,249,9,2.0,8.0,0.0,10.0,2.0,6.0,0.0,0.0,0.0,0.0,1.0,0.0,0.0,0.0,0.0,0.0,0.0,0.0,5.0,1.0,0.0,0.0,2.0,0.0,0.0,1.0,14.0,1.0,13.0,2.0,7.0,0.0,0.0,0.0,0.0,2.0,0.0,7.0,0.0,3.0,2.0
first,8,28.0,3.0,15.0,0.0,4.0,8.0,9.0,12.0,0.0,5.0,1.0,0.0,7.0,5.0,3.0,7.0,1.0,8.0,4.0,5.0,8.0,5.0,0.0,0.0,5.0,10.0,0.0,3.0,15.0,4.0,2.0,8.0,2.0,0.0,0.0,0.0,0.0,2.0,11.0,3.0,9.0,3.0,4.0,0.0,24.0,3.0,5.0,2.0,0.0,3.0,8.0,1.0,1.0,18.0,0.0,0.0,219,59,7.0,2.0,1.0,30.0,0.0,9.0,10.0,7.0,2.0,5.0,0.0,11.0,9.0,1.0,2.0,8.0,8.0,3.0,0.0,2.0,5.0,0.0,3.0,0.0,0.0,11.0,2.0,23.0,6.0,1.0,9.0,16.0,0.0,9.0,6.0,1.0,1.0,1.0,1.0,47.0,17.0
free,8,74.0,2.0,6.0,1.0,6.0,22.0,1.0,18.0,3.0,1.0,0.0,7.0,6.0,3.0,0.0,8.0,3.0,5.0,2.0,2.0,0.0,2.0,5.0,4.0,0.0,10.0,4.0,0.0,4.0,7.0,0.0,0.0,0.0,0.0,0.0,0.0,0.0,10.0,20.0,10.0,3.0,9.0,1.0,7.0,0.0,1.0,0.0,3.0,3.0,0.0,7.0,0.0,11.0,21.0,4.0,3.0,273,28,4.0,4.0,0.0,13.0,0.0,24.0,32.0,6.0,2.0,4.0,1.0,0.0,12.0,1.0,12.0,5.0,0.0,0.0,2.0,2.0,8.0,3.0,14.0,8.0,2.0,8.0,5.0,13.0,2.0,0.0,4.0,13.0,0.0,36.0,3.0,24.0,5.0,0.0,3.0,79.0,44.0
future,9,4.0,0.0,7.0,0.0,0.0,0.0,3.0,0.0,0.0,4.0,1.0,0.0,1.0,2.0,7.0,1.0,0.0,0.0,0.0,2.0,0.0,4.0,1.0,0.0,4.0,5.0,2.0,2.0,0.0,0.0,1.0,1.0,0.0,0.0,0.0,0.0,0.0,4.0,5.0,2.0,0.0,3.0,1.0,0.0,12.0,1.0,0.0,1.0,0.0,1.0,0.0,1.0,0.0,0.0,0.0,0.0,122,43,3.0,4.0,5.0,4.0,0.0,2.0,4.0,0.0,2.0,1.0,0.0,0.0,0.0,1.0,0.0,0.0,1.0,4.0,3.0,0.0,1.0,0.0,2.0,0.0,0.0,0.0,0.0,4.0,6.0,5.0,0.0,3.0,2.0,1.0,1.0,0.0,2.0,0.0,0.0,12.0,10.0
game,7,15.0,2.0,3.0,0.0,0.0,4.0,5.0,0.0,1.0,0.0,1.0,1.0,3.0,4.0,2.0,0.0,3.0,0.0,1.0,0.0,0.0,0.0,0.0,2.0,0.0,3.0,2.0,1.0,0.0,2.0,0.0,0.0,0.0,0.0,2.0,10.0,4.0,0.0,2.0,4.0,2.0,2.0,3.0,2.0,3.0,0.0,1.0,3.0,0.0,0.0,1.0,0.0,2.0,0.0,2.0,2.0,145,27,1.0,3.0,2.0,15.0,11.0,0.0,35.0,0.0,1.0,4.0,1.0,1.0,3.0,5.0,4.0,0.0,1.0,2.0,13.0,0.0,0.0,0.0,0.0,1.0,1.0,3.0,1.0,9.0,2.0,0.0,0.0,6.0,0.0,1.0,0.0,1.0,15.0,1.0,4.0,22.0,52.0
games,10,16.0,2.0,17.0,3.0,0.0,0.0,2.0,0.0,7.0,0.0,0.0,0.0,5.0,3.0,0.0,12.0,3.0,0.0,0.0,1.0,0.0,1.0,0.0,2.0,4.0,0.0,3.0,4.0,0.0,1.0,0.0,1.0,0.0,0.0,11.0,20.0,5.0,2.0,0.0,4.0,0.0,0.0,3.0,4.0,19.0,0.0,0.0,0.0,0.0,1.0,1.0,0.0,8.0,0.0,4.0,7.0,157,48,0.0,2.0,0.0,26.0,8.0,0.0,77.0,1.0,22.0,0.0,0.0,0.0,0.0,1.0,3.0,0.0,0.0,0.0,8.0,0.0,0.0,0.0,0.0,2.0,0.0,8.0,1.0,0.0,1.0,0.0,4.0,13.0,1.0,0.0,0.0,1.0,6.0,1.0,5.0,25.0,113.0
get,12,56.0,9.0,4.0,2.0,12.0,1.0,2.0,1.0,0.0,0.0,4.0,2.0,0.0,3.0,5.0,9.0,0.0,4.0,9.0,1.0,2.0,3.0,6.0,3.0,0.0,2.0,1.0,3.0,4.0,2.0,0.0,9.0,2.0,0.0,3.0,10.0,2.0,4.0,4.0,0.0,0.0,4.0,9.0,4.0,8.0,3.0,3.0,3.0,0.0,1.0,1.0,0.0,1.0,5.0,4.0,6.0,179,37,7.0,2.0,0.0,18.0,10.0,26.0,13.0,0.0,3.0,3.0,0.0,1.0,1.0,2.0,0.0,0.0,0.0,0.0,5.0,5.0,1.0,1.0,0.0,0.0,0.0,8.0,5.0,11.0,2.0,2.0,3.0,8.0,6.0,6.0,2.0,16.0,0.0,4.0,5.0,59.0,14.0
gets,7,12.0,15.0,2.0,5.0,0.0,4.0,1.0,1.0,1.0,6.0,4.0,12.0,0.0,20.0,4.0,4.0,4.0,9.0,19.0,6.0,1.0,1.0,9.0,1.0,2.0,9.0,0.0,12.0,3.0,3.0,3.0,12.0,2.0,2.0,9.0,3.0,0.0,2.0,0.0,0.0,0.0,2.0,0.0,4.0,7.0,1.0,1.0,19.0,0.0,3.0,0.0,1.0,0.0,5.0,0.0,1.0,163,54,6.0,1.0,6.0,35.0,3.0,13.0,0.0,0.0,1.0,0.0,2.0,2.0,7.0,2.0,1.0,0.0,1.0,2.0,0.0,7.0,2.0,6.0,6.0,1.0,1.0,2.0,20.0,10.0,0.0,1.0,9.0,11.0,3.0,0.0,0.0,1.0,6.0,1.0,0.0,17.0,2.0
google,21,11.0,2.0,7.0,0.0,6.0,3.0,1.0,4.0,3.0,2.0,67.0,11.0,0.0,15.0,137.0,24.0,0.0,6.0,2.0,7.0,0.0,3.0,2.0,1.0,2.0,54.0,1.0,12.0,1.0,4.0,0.0,13.0,8.0,80.0,3.0,9.0,3.0,2.0,0.0,4.0,2.0,0.0,2.0,11.0,15.0,4.0,6.0,7.0,13.0,1.0,8.0,3.0,0.0,4.0,19.0,10.0,573,43,5.0,12.0,1.0,32.0,3.0,22.0,9.0,10.0,4.0,0.0,0.0,4.0,3.0,1.0,1.0,1.0,1.0,3.0,8.0,9.0,0.0,0.0,4.0,3.0,2.0,7.0,16.0,2.0,24.0,2.0,8.0,1.0,2.0,1.0,13.0,7.0,1.0,25.0,3.0,12.0,0.0
help,3,10.0,6.0,1.0,1.0,3.0,2.0,1.0,0.0,0.0,2.0,0.0,0.0,3.0,1.0,5.0,6.0,0.0,6.0,2.0,6.0,0.0,8.0,0.0,0.0,4.0,17.0,1.0,4.0,5.0,2.0,0.0,2.0,1.0,0.0,4.0,1.0,1.0,3.0,3.0,9.0,0.0,2.0,0.0,1.0,3.0,5.0,8.0,1.0,2.0,0.0,7.0,1.0,0.0,0.0,1.0,2.0,169,24,0.0,2.0,1.0,18.0,3.0,11.0,7.0,1.0,1.0,0.0,1.0,0.0,2.0,3.0,0.0,1.0,1.0,1.0,3.0,0.0,0.0,3.0,3.0,4.0,0.0,0.0,2.0,2.0,6.0,2.0,0.0,5.0,2.0,1.0,4.0,3.0,1.0,0.0,15.0,14.0,7.0
heres,35,23.0,2.0,5.0,0.0,2.0,4.0,3.0,2.0,0.0,0.0,7.0,0.0,0.0,3.0,7.0,0.0,0.0,1.0,1.0,4.0,2.0,4.0,2.0,5.0,6.0,4.0,2.0,3.0,1.0,2.0,0.0,0.0,0.0,5.0,0.0,7.0,0.0,2.0,4.0,4.0,4.0,11.0,1.0,0.0,10.0,1.0,0.0,0.0,5.0,3.0,0.0,9.0,0.0,5.0,2.0,1.0,136,31,4.0,10.0,4.0,9.0,5.0,5.0,9.0,0.0,2.0,5.0,1.0,3.0,7.0,0.0,3.0,1.0,0.0,4.0,0.0,0.0,0.0,0.0,0.0,2.0,4.0,1.0,0.0,11.0,0.0,2.0,0.0,6.0,0.0,2.0,0.0,0.0,1.0,4.0,2.0,34.0,6.0
hololens,15,10.0,2.0,7.0,2.0,1.0,1.0,4.0,0.0,2.0,1.0,0.0,0.0,6.0,25.0,1.0,19.0,9.0,0.0,0.0,6.0,0.0,14.0,1.0,0.0,2.0,0.0,3.0,4.0,0.0,1.0,0.0,9.0,4.0,0.0,24.0,0.0,12.0,3.0,19.0,8.0,7.0,15.0,3.0,10.0,0.0,0.0,0.0,0.0,0.0,9.0,7.0,0.0,0.0,0.0,7.0,10.0,390,126,0.0,2.0,2.0,24.0,4.0,1.0,11.0,4.0,1.0,2.0,0.0,2.0,0.0,5.0,9.0,3.0,1.0,1.0,7.0,1.0,0.0,0.0,0.0,1.0,0.0,4.0,2.0,3.0,3.0,3.0,3.0,5.0,3.0,0.0,5.0,0.0,15.0,5.0,15.0,16.0,10.0
india,2,7.0,1.0,5.0,3.0,0.0,14.0,2.0,14.0,0.0,0.0,3.0,0.0,7.0,0.0,2.0,1.0,3.0,2.0,0.0,2.0,0.0,2.0,3.0,0.0,15.0,8.0,0.0,3.0,4.0,0.0,1.0,0.0,0.0,3.0,3.0,1.0,1.0,0.0,0.0,3.0,1.0,4.0,5.0,1.0,0.0,0.0,2.0,0.0,0.0,1.0,15.0,0.0,0.0,32.0,0.0,5.0,165,11,2.0,1.0,22.0,4.0,0.0,1.0,0.0,8.0,0.0,0.0,0.0,0.0,17.0,0.0,0.0,0.0,0.0,19.0,2.0,6.0,0.0,2.0,0.0,0.0,0.0,1.0,0.0,21.0,0.0,2.0,0.0,1.0,0.0,0.0,1.0,0.0,0.0,0.0,1.0,10.0,2.0
internet,5,37.0,0.0,7.0,0.0,0.0,0.0,1.0,0.0,1.0,1.0,0.0,0.0,2.0,0.0,1.0,0.0,0.0,1.0,0.0,1.0,0.0,5.0,0.0,0.0,1.0,2.0,0.0,0.0,1.0,1.0,0.0,8.0,1.0,10.0,5.0,0.0,0.0,1.0,0.0,3.0,1.0,6.0,8.0,0.0,0.0,2.0,0.0,0.0,0.0,0.0,14.0,0.0,0.0,0.0,0.0,1.0,195,12,0.0,1.0,2.0,13.0,9.0,0.0,2.0,0.0,0.0,0.0,0.0,0.0,0.0,2.0,0.0,0.0,0.0,1.0,2.0,7.0,0.0,2.0,0.0,1.0,0.0,0.0,26.0,0.0,0.0,1.0,1.0,3.0,2.0,11.0,1.0,4.0,0.0,2.0,1.0,13.0,1.0
ios,5,19.0,1.0,1.0,2.0,6.0,2.0,1.0,1.0,11.0,0.0,1.0,67.0,0.0,68.0,11.0,21.0,6.0,2.0,1.0,0.0,0.0,0.0,1.0,2.0,0.0,0.0,1.0,37.0,0.0,0.0,0.0,0.0,0.0,3.0,2.0,3.0,1.0,3.0,0.0,3.0,19.0,7.0,1.0,0.0,0.0,0.0,0.0,0.0,6.0,1.0,19.0,0.0,0.0,1.0,3.0,0.0,188,56,16.0,1.0,0.0,23.0,1.0,25.0,1.0,2.0,0.0,5.0,1.0,1.0,9.0,3.0,0.0,9.0,3.0,0.0,3.0,0.0,0.0,0.0,16.0,1.0,0.0,0.0,25.0,3.0,0.0,0.0,0.0,5.0,15.0,0.0,2.0,3.0,7.0,3.0,0.0,37.0,2.0
iphone,7,4.0,0.0,0.0,1.0,0.0,0.0,0.0,4.0,2.0,0.0,0.0,8.0,2.0,43.0,23.0,7.0,5.0,0.0,0.0,1.0,0.0,3.0,6.0,0.0,2.0,0.0,2.0,11.0,0.0,0.0,0.0,0.0,0.0,3.0,0.0,3.0,0.0,0.0,0.0,0.0,0.0,13.0,2.0,5.0,0.0,0.0,0.0,6.0,0.0,4.0,3.0,0.0,2.0,6.0,0.0,6.0,130,38,7.0,6.0,1.0,15.0,5.0,3.0,3.0,0.0,1.0,11.0,1.0,0.0,3.0,0.0,0.0,3.0,4.0,1.0,1.0,0.0,0.0,0.0,1.0,7.0,1.0,1.0,2.0,6.0,0.0,0.0,1.0,0.0,5.0,0.0,1.0,9.0,4.0,8.0,1.0,12.0,0.0
latest,6,49.0,3.0,4.0,1.0,1.0,4.0,0.0,2.0,6.0,6.0,0.0,8.0,1.0,11.0,7.0,3.0,0.0,2.0,5.0,0.0,4.0,13.0,0.0,0.0,1.0,4.0,3.0,3.0,1.0,3.0,2.0,11.0,3.0,0.0,3.0,0.0,1.0,0.0,1.0,1.0,3.0,1.0,0.0,3.0,9.0,1.0,0.0,1.0,4.0,0.0,1.0,0.0,1.0,6.0,0.0,3.0,106,81,9.0,3.0,0.0,11.0,0.0,6.0,3.0,0.0,1.0,3.0,0.0,5.0,5.0,1.0,9.0,2.0,0.0,0.0,1.0,2.0,8.0,0.0,0.0,0.0,0.0,0.0,5.0,12.0,12.0,0.0,0.0,27.0,3.0,4.0,8.0,5.0,1.0,3.0,1.0,62.0,6.0
launches,4,21.0,2.0,5.0,1.0,5.0,8.0,0.0,6.0,0.0,5.0,0.0,16.0,2.0,31.0,8.0,5.0,1.0,29.0,0.0,4.0,0.0,4.0,12.0,0.0,0.0,9.0,4.0,12.0,9.0,4.0,8.0,3.0,2.0,0.0,8.0,7.0,0.0,1.0,1.0,1.0,0.0,8.0,7.0,0.0,7.0,15.0,14.0,19.0,3.0,1.0,0.0,0.0,1.0,24.0,0.0,0.0,325,10,2.0,6.0,0.0,35.0,0.0,22.0,4.0,1.0,0.0,5.0,1.0,22.0,11.0,7.0,0.0,0.0,0.0,0.0,0.0,7.0,5.0,4.0,10.0,1.0,0.0,23.0,4.0,16.0,1.0,2.0,3.0,5.0,4.0,5.0,6.0,6.0,3.0,0.0,2.0,35.0,5.0
linkedin,15,5.0,0.0,2.0,3.0,0.0,1.0,3.0,0.0,0.0,0.0,1.0,0.0,1.0,1.0,1.0,0.0,0.0,0.0,0.0,6.0,0.0,2.0,7.0,76.0,13.0,2.0,0.0,0.0,2.0,57.0,4.0,0.0,1.0,7.0,1.0,0.0,1.0,0.0,0.0,0.0,1.0,3.0,1.0,9.0,0.0,0.0,0.0,0.0,0.0,0.0,0.0,0.0,1.0,0.0,5.0,3.0,247,38,0.0,12.0,13.0,2.0,0.0,2.0,0.0,0.0,0.0,1.0,0.0,0.0,0.0,0.0,0.0,0.0,1.0,12.0,4.0,0.0,0.0,0.0,0.0,0.0,3.0,0.0,0.0,0.0,8.0,0.0,0.0,1.0,1.0,0.0,0.0,1.0,2.0,0.0,2.0,1.0,0.0
live,9,13.0,2.0,24.0,0.0,3.0,2.0,1.0,0.0,2.0,1.0,0.0,0.0,4.0,7.0,1.0,1.0,0.0,10.0,0.0,2.0,1.0,17.0,1.0,1.0,1.0,1.0,0.0,0.0,4.0,0.0,6.0,1.0,0.0,2.0,1.0,11.0,0.0,2.0,8.0,1.0,0.0,0.0,0.0,0.0,0.0,0.0,0.0,0.0,2.0,1.0,1.0,1.0,0.0,3.0,1.0,2.0,134,40,0.0,2.0,1.0,7.0,7.0,4.0,16.0,5.0,1.0,3.0,0.0,0.0,0.0,0.0,1.0,1.0,0.0,1.0,1.0,1.0,0.0,2.0,0.0,0.0,0.0,3.0,2.0,5.0,1.0,0.0,1.0,6.0,7.0,0.0,0.0,9.0,3.0,1.0,1.0,26.0,84.0
lumia,35,52.0,5.0,6.0,0.0,4.0,3.0,2.0,205.0,1.0,0.0,11.0,0.0,4.0,2.0,5.0,0.0,29.0,0.0,3.0,3.0,1.0,2.0,11.0,5.0,0.0,2.0,4.0,0.0,0.0,8.0,0.0,1.0,0.0,0.0,18.0,21.0,0.0,0.0,0.0,5.0,5.0,4.0,0.0,5.0,0.0,32.0,0.0,1.0,6.0,6.0,24.0,0.0,3.0,0.0,1.0,11.0,463,60,22.0,1.0,0.0,24.0,3.0,5.0,10.0,3.0,4.0,40.0,0.0,2.0,4.0,0.0,18.0,6.0,40.0,0.0,7.0,0.0,0.0,0.0,0.0,0.0,1.0,11.0,2.0,13.0,0.0,0.0,31.0,11.0,2.0,1.0,19.0,4.0,4.0,35.0,0.0,71.0,3.0
make,5,19.0,0.0,2.0,0.0,1.0,0.0,1.0,0.0,1.0,0.0,2.0,5.0,0.0,13.0,5.0,8.0,3.0,2.0,0.0,8.0,0.0,1.0,1.0,0.0,1.0,4.0,0.0,4.0,5.0,6.0,1.0,5.0,2.0,0.0,0.0,4.0,0.0,2.0,4.0,4.0,0.0,19.0,1.0,2.0,7.0,0.0,0.0,3.0,0.0,0.0,0.0,5.0,1.0,1.0,0.0,2.0,145,23,6.0,1.0,1.0,7.0,2.0,4.0,9.0,3.0,3.0,3.0,1.0,0.0,0.0,0.0,0.0,0.0,0.0,1.0,4.0,0.0,0.0,1.0,2.0,6.0,1.0,1.0,1.0,2.0,2.0,0.0,0.0,3.0,1.0,1.0,4.0,1.0,0.0,1.0,18.0,28.0,14.0
may,7,13.0,4.0,14.0,2.0,2.0,5.0,4.0,1.0,0.0,0.0,2.0,1.0,0.0,2.0,9.0,3.0,1.0,2.0,3.0,0.0,2.0,2.0,2.0,2.0,3.0,1.0,3.0,2.0,3.0,1.0,0.0,7.0,0.0,1.0,0.0,3.0,0.0,2.0,7.0,6.0,1.0,10.0,2.0,1.0,10.0,5.0,1.0,0.0,6.0,3.0,0.0,3.0,2.0,11.0,2.0,0.0,150,42,11.0,5.0,3.0,21.0,2.0,5.0,20.0,0.0,14.0,10.0,0.0,0.0,5.0,1.0,5.0,1.0,1.0,2.0,0.0,2.0,0.0,0.0,0.0,1.0,1.0,3.0,4.0,22.0,5.0,2.0,0.0,4.0,1.0,4.0,2.0,3.0,0.0,1.0,0.0,19.0,36.0
microsoft,476,1476.0,295.0,489.0,158.0,240.0,321.0,141.0,183.0,222.0,112.0,249.0,279.0,273.0,512.0,535.0,258.0,151.0,454.0,347.0,197.0,186.0,259.0,300.0,198.0,267.0,788.0,306.0,182.0,498.0,201.0,154.0,314.0,187.0,249.0,219.0,273.0,122.0,145.0,157.0,179.0,163.0,573.0,169.0,136.0,390.0,165.0,195.0,188.0,130.0,106.0,325.0,247.0,134.0,463.0,145.0,150.0,0,15,342.0,399.0,167.0,1130.0,137.0,621.0,546.0,183.0,211.0,264.0,173.0,191.0,445.0,136.0,190.0,253.0,178.0,163.0,283.0,246.0,168.0,170.0,207.0,172.0,156.0,244.0,379.0,911.0,279.0,138.0,149.0,444.0,240.0,202.0,234.0,313.0,143.0,196.0,198.0,2032.0,844.0
microsofts,84,241.0,21.0,85.0,22.0,41.0,40.0,21.0,19.0,11.0,91.0,9.0,72.0,2.0,171.0,48.0,55.0,36.0,80.0,12.0,45.0,50.0,38.0,47.0,14.0,33.0,137.0,2.0,71.0,39.0,22.0,17.0,50.0,16.0,9.0,59.0,28.0,43.0,27.0,48.0,37.0,54.0,43.0,24.0,31.0,126.0,11.0,12.0,56.0,38.0,81.0,10.0,38.0,40.0,60.0,23.0,42.0,15,0,85.0,31.0,49.0,307.0,60.0,61.0,133.0,23.0,52.0,77.0,19.0,14.0,63.0,62.0,8.0,6.0,19.0,30.0,26.0,19.0,20.0,13.0,31.0,18.0,23.0,13.0,25.0,207.0,38.0,30.0,32.0,49.0,8.0,43.0,30.0,54.0,26.0,17.0,26.0,339.0,184.0
mobile,6,215.0,2.0,8.0,0.0,4.0,0.0,3.0,11.0,12.0,0.0,0.0,20.0,4.0,39.0,1.0,25.0,5.0,5.0,0.0,8.0,0.0,43.0,9.0,3.0,0.0,8.0,2.0,7.0,11.0,4.0,3.0,2.0,3.0,2.0,7.0,4.0,3.0,1.0,0.0,7.0,6.0,5.0,0.0,4.0,0.0,2.0,0.0,16.0,7.0,9.0,2.0,0.0,0.0,22.0,6.0,11.0,342,85,0.0,4.0,1.0,38.0,5.0,22.0,3.0,0.0,10.0,26.0,5.0,18.0,0.0,0.0,8.0,26.0,6.0,0.0,6.0,4.0,0.0,6.0,8.0,3.0,0.0,1.0,10.0,6.0,5.0,3.0,1.0,25.0,14.0,13.0,0.0,14.0,7.0,3.0,6.0,232.0,1.0
msft,22,13.0,2.0,18.0,0.0,2.0,2.0,7.0,0.0,2.0,5.0,6.0,4.0,5.0,12.0,11.0,5.0,2.0,4.0,2.0,8.0,1.0,2.0,9.0,14.0,6.0,27.0,114.0,1.0,5.0,16.0,0.0,5.0,1.0,8.0,2.0,4.0,4.0,3.0,2.0,2.0,1.0,12.0,2.0,10.0,2.0,1.0,1.0,1.0,6.0,3.0,6.0,12.0,2.0,1.0,1.0,5.0,399,31,4.0,0.0,6.0,17.0,1.0,3.0,10.0,2.0,4.0,3.0,0.0,6.0,4.0,0.0,0.0,2.0,0.0,4.0,3.0,1.0,1.0,2.0,5.0,3.0,66.0,3.0,2.0,8.0,9.0,3.0,1.0,5.0,0.0,2.0,1.0,3.0,3.0,3.0,1.0,21.0,16.0
nadella,10,4.0,1.0,3.0,2.0,0.0,2.0,0.0,0.0,0.0,5.0,1.0,0.0,1.0,1.0,0.0,0.0,0.0,0.0,0.0,3.0,4.0,0.0,0.0,6.0,114.0,6.0,2.0,7.0,5.0,3.0,1.0,0.0,0.0,0.0,1.0,0.0,5.0,2.0,0.0,0.0,6.0,1.0,1.0,4.0,2.0,22.0,2.0,0.0,1.0,0.0,0.0,13.0,1.0,0.0,1.0,3.0,167,49,1.0,6.0,0.0,8.0,8.0,0.0,9.0,0.0,1.0,2.0,2.0,0.0,1.0,0.0,0.0,0.0,0.0,192.0,7.0,5.0,0.0,1.0,0.0,0.0,0.0,0.0,0.0,1.0,3.0,5.0,1.0,0.0,0.0,0.0,2.0,0.0,2.0,0.0,1.0,4.0,2.0
new,30,178.0,13.0,44.0,17.0,41.0,26.0,4.0,3.0,42.0,23.0,2.0,29.0,45.0,116.0,24.0,39.0,9.0,35.0,20.0,13.0,23.0,45.0,30.0,0.0,11.0,61.0,15.0,18.0,40.0,7.0,28.0,20.0,19.0,10.0,30.0,13.0,4.0,15.0,26.0,18.0,35.0,32.0,18.0,9.0,24.0,4.0,13.0,23.0,15.0,11.0,35.0,2.0,7.0,24.0,7.0,21.0,1130,307,38.0,17.0,8.0,0.0,3.0,86.0,104.0,7.0,22.0,14.0,17.0,48.0,32.0,11.0,17.0,53.0,2.0,7.0,7.0,31.0,15.0,18.0,15.0,16.0,4.0,21.0,24.0,79.0,27.0,17.0,4.0,62.0,37.0,7.0,9.0,21.0,40.0,4.0,5.0,252.0,136.0
next,11,25.0,4.0,3.0,0.0,1.0,3.0,2.0,0.0,1.0,1.0,0.0,4.0,2.0,5.0,5.0,0.0,0.0,10.0,2.0,12.0,4.0,9.0,4.0,0.0,3.0,0.0,2.0,1.0,2.0,1.0,5.0,9.0,0.0,2.0,0.0,0.0,0.0,11.0,8.0,10.0,3.0,3.0,3.0,5.0,4.0,0.0,9.0,1.0,5.0,0.0,0.0,0.0,7.0,3.0,2.0,2.0,137,60,5.0,1.0,8.0,3.0,0.0,5.0,7.0,1.0,3.0,3.0,0.0,4.0,3.0,1.0,3.0,2.0,0.0,9.0,4.0,2.0,3.0,2.0,1.0,0.0,0.0,0.0,12.0,15.0,3.0,3.0,2.0,11.0,2.0,0.0,2.0,0.0,1.0,0.0,5.0,27.0,20.0
office,13,26.0,1.0,52.0,3.0,284.0,1.0,2.0,5.0,28.0,0.0,0.0,28.0,14.0,22.0,7.0,42.0,10.0,28.0,0.0,5.0,0.0,12.0,24.0,1.0,2.0,19.0,1.0,1.0,7.0,2.0,3.0,18.0,6.0,6.0,9.0,24.0,2.0,0.0,0.0,26.0,13.0,22.0,11.0,5.0,1.0,1.0,0.0,25.0,3.0,6.0,22.0,2.0,4.0,5.0,4.0,5.0,621,61,22.0,3.0,0.0,86.0,5.0,0.0,6.0,5.0,2.0,2.0,4.0,20.0,11.0,8.0,1.0,12.0,0.0,0.0,7.0,22.0,3.0,6.0,23.0,7.0,2.0,2.0,20.0,5.0,1.0,2.0,3.0,17.0,30.0,2.0,4.0,33.0,2.0,3.0,7.0,47.0,5.0
one,39,38.0,9.0,34.0,6.0,1.0,29.0,4.0,4.0,11.0,2.0,5.0,2.0,19.0,5.0,8.0,12.0,6.0,1.0,6.0,18.0,6.0,8.0,6.0,9.0,7.0,9.0,7.0,7.0,1.0,5.0,1.0,6.0,0.0,0.0,10.0,32.0,4.0,35.0,77.0,13.0,0.0,9.0,7.0,9.0,11.0,0.0,2.0,1.0,3.0,3.0,4.0,0.0,16.0,10.0,9.0,20.0,546,133,3.0,10.0,9.0,104.0,7.0,6.0,0.0,1.0,29.0,3.0,4.0,11.0,15.0,7.0,12.0,4.0,8.0,11.0,19.0,1.0,0.0,1.0,5.0,4.0,3.0,11.0,7.0,30.0,8.0,1.0,2.0,59.0,8.0,13.0,5.0,4.0,13.0,21.0,10.0,55.0,588.0
open,2,2.0,1.0,2.0,0.0,4.0,0.0,2.0,2.0,0.0,4.0,1.0,3.0,3.0,3.0,1.0,3.0,0.0,6.0,1.0,0.0,1.0,2.0,6.0,0.0,1.0,4.0,0.0,0.0,13.0,1.0,0.0,13.0,0.0,0.0,7.0,6.0,0.0,0.0,1.0,0.0,0.0,10.0,1.0,0.0,4.0,8.0,0.0,2.0,0.0,0.0,1.0,0.0,5.0,3.0,3.0,0.0,183,23,0.0,2.0,0.0,7.0,1.0,5.0,1.0,0.0,0.0,0.0,2.0,1.0,0.0,3.0,0.0,5.0,0.0,0.0,1.0,0.0,0.0,0.0,1.0,3.0,1.0,2.0,0.0,1.0,6.0,3.0,9.0,0.0,0.0,0.0,0.0,0.0,1.0,0.0,11.0,12.0,2.0
pc,6,34.0,2.0,4.0,0.0,0.0,7.0,7.0,4.0,2.0,0.0,0.0,0.0,1.0,6.0,13.0,2.0,0.0,1.0,2.0,1.0,2.0,9.0,1.0,0.0,1.0,16.0,5.0,2.0,0.0,0.0,0.0,2.0,0.0,0.0,2.0,2.0,2.0,1.0,22.0,3.0,1.0,4.0,1.0,2.0,1.0,0.0,0.0,0.0,1.0,1.0,0.0,0.0,1.0,4.0,3.0,14.0,211,52,10.0,4.0,1.0,22.0,3.0,2.0,29.0,0.0,0.0,12.0,0.0,3.0,5.0,2.0,4.0,8.0,5.0,1.0,9.0,3.0,0.0,0.0,1.0,2.0,0.0,5.0,3.0,19.0,3.0,4.0,0.0,4.0,1.0,2.0,0.0,10.0,3.0,4.0,11.0,50.0,56.0
phone,14,41.0,0.0,11.0,4.0,2.0,1.0,1.0,11.0,0.0,0.0,0.0,5.0,2.0,18.0,1.0,4.0,2.0,0.0,1.0,1.0,0.0,3.0,35.0,1.0,0.0,5.0,5.0,0.0,0.0,6.0,0.0,0.0,3.0,0.0,5.0,4.0,1.0,4.0,0.0,3.0,0.0,0.0,0.0,5.0,2.0,0.0,0.0,5.0,11.0,3.0,5.0,1.0,3.0,40.0,3.0,10.0,264,77,26.0,3.0,2.0,14.0,3.0,2.0,3.0,0.0,12.0,0.0,1.0,3.0,1.0,2.0,17.0,6.0,11.0,1.0,3.0,1.0,0.0,0.0,0.0,0.0,0.0,0.0,4.0,119.0,1.0,0.0,1.0,3.0,5.0,2.0,0.0,6.0,1.0,4.0,4.0,126.0,1.0
power,1,5.0,4.0,3.0,0.0,0.0,3.0,2.0,0.0,10.0,0.0,0.0,0.0,9.0,4.0,1.0,5.0,0.0,6.0,6.0,2.0,2.0,2.0,6.0,0.0,0.0,4.0,0.0,7.0,10.0,0.0,7.0,10.0,1.0,1.0,0.0,1.0,0.0,1.0,0.0,0.0,2.0,0.0,1.0,1.0,0.0,0.0,0.0,1.0,1.0,0.0,1.0,0.0,0.0,0.0,1.0,0.0,173,19,5.0,0.0,2.0,17.0,0.0,4.0,4.0,2.0,0.0,1.0,0.0,2.0,47.0,1.0,0.0,3.0,1.0,2.0,3.0,0.0,1.0,1.0,2.0,3.0,0.0,0.0,1.0,61.0,0.0,1.0,0.0,9.0,1.0,1.0,3.0,5.0,1.0,0.0,2.0,7.0,2.0
preview,2,62.0,1.0,15.0,5.0,7.0,1.0,0.0,2.0,8.0,0.0,1.0,3.0,8.0,5.0,2.0,1.0,8.0,28.0,0.0,1.0,0.0,30.0,11.0,0.0,0.0,7.0,4.0,4.0,0.0,0.0,2.0,13.0,0.0,0.0,11.0,0.0,0.0,1.0,0.0,1.0,2.0,4.0,0.0,3.0,2.0,0.0,0.0,1.0,0.0,5.0,22.0,0.0,0.0,2.0,0.0,0.0,191,14,18.0,6.0,0.0,48.0,4.0,20.0,11.0,1.0,3.0,3.0,2.0,0.0,0.0,5.0,2.0,43.0,0.0,0.0,1.0,0.0,4.0,5.0,12.0,0.0,0.0,0.0,4.0,2.0,1.0,0.0,0.0,15.0,5.0,0.0,1.0,0.0,2.0,0.0,0.0,74.0,13.0
pro,18,29.0,12.0,7.0,38.0,2.0,305.0,61.0,3.0,1.0,0.0,1.0,0.0,4.0,6.0,49.0,5.0,4.0,0.0,5.0,2.0,81.0,1.0,4.0,8.0,1.0,1.0,0.0,0.0,0.0,1.0,0.0,0.0,4.0,0.0,9.0,12.0,0.0,3.0,0.0,1.0,7.0,3.0,2.0,7.0,0.0,17.0,0.0,9.0,3.0,5.0,11.0,0.0,0.0,4.0,0.0,5.0,445,63,0.0,4.0,1.0,32.0,3.0,11.0,15.0,0.0,5.0,1.0,47.0,0.0,0.0,0.0,30.0,4.0,49.0,1.0,13.0,0.0,0.0,1.0,2.0,1.0,0.0,12.0,0.0,474.0,4.0,0.0,12.0,19.0,17.0,1.0,4.0,3.0,1.0,63.0,0.0,32.0,8.0
project,1,3.0,0.0,9.0,1.0,5.0,1.0,0.0,0.0,2.0,3.0,0.0,8.0,10.0,15.0,1.0,6.0,1.0,3.0,0.0,1.0,0.0,1.0,2.0,0.0,1.0,4.0,3.0,0.0,7.0,0.0,5.0,0.0,0.0,0.0,1.0,1.0,1.0,5.0,1.0,2.0,2.0,1.0,3.0,0.0,5.0,0.0,2.0,3.0,0.0,1.0,7.0,0.0,0.0,0.0,0.0,1.0,136,62,0.0,0.0,0.0,11.0,1.0,8.0,7.0,3.0,2.0,2.0,1.0,5.0,0.0,0.0,0.0,2.0,0.0,0.0,0.0,1.0,7.0,4.0,4.0,0.0,0.0,0.0,1.0,2.0,0.0,0.0,0.0,4.0,1.0,1.0,0.0,1.0,1.0,0.0,3.0,4.0,14.0
release,4,49.0,15.0,18.0,7.0,0.0,7.0,30.0,1.0,3.0,0.0,0.0,0.0,6.0,4.0,0.0,0.0,3.0,0.0,3.0,2.0,12.0,2.0,1.0,0.0,2.0,2.0,3.0,1.0,2.0,0.0,4.0,2.0,1.0,0.0,2.0,12.0,0.0,4.0,3.0,0.0,1.0,1.0,0.0,3.0,9.0,0.0,0.0,0.0,0.0,9.0,0.0,0.0,1.0,18.0,0.0,5.0,190,8,8.0,0.0,0.0,17.0,3.0,1.0,12.0,0.0,4.0,17.0,0.0,2.0,30.0,0.0,0.0,2.0,0.0,0.0,0.0,0.0,9.0,0.0,1.0,0.0,0.0,0.0,1.0,68.0,2.0,0.0,10.0,18.0,10.0,12.0,1.0,0.0,1.0,1.0,0.0,54.0,22.0
releases,4,76.0,6.0,23.0,7.0,8.0,4.0,0.0,4.0,1.0,0.0,0.0,3.0,0.0,26.0,1.0,6.0,0.0,14.0,2.0,1.0,4.0,28.0,1.0,0.0,0.0,2.0,2.0,7.0,6.0,0.0,4.0,5.0,1.0,0.0,8.0,5.0,0.0,0.0,0.0,0.0,0.0,1.0,1.0,1.0,3.0,0.0,0.0,9.0,3.0,2.0,0.0,0.0,1.0,6.0,0.0,1.0,253,6,26.0,2.0,0.0,53.0,2.0,12.0,4.0,5.0,8.0,6.0,3.0,43.0,4.0,2.0,2.0,0.0,0.0,0.0,2.0,6.0,14.0,0.0,7.0,3.0,0.0,2.0,2.0,13.0,1.0,2.0,0.0,42.0,10.0,1.0,1.0,2.0,3.0,0.0,1.0,91.0,5.0
review,14,12.0,37.0,3.0,4.0,0.0,44.0,1.0,31.0,0.0,0.0,1.0,0.0,0.0,3.0,1.0,0.0,0.0,1.0,38.0,2.0,28.0,0.0,0.0,0.0,0.0,1.0,0.0,1.0,1.0,0.0,0.0,0.0,0.0,0.0,8.0,0.0,1.0,1.0,0.0,0.0,1.0,1.0,1.0,0.0,1.0,0.0,0.0,3.0,4.0,0.0,0.0,1.0,0.0,40.0,0.0,1.0,178,19,6.0,0.0,0.0,2.0,0.0,0.0,8.0,0.0,5.0,11.0,1.0,0.0,49.0,0.0,0.0,0.0,0.0,0.0,0.0,0.0,0.0,0.0,0.0,4.0,0.0,0.0,0.0,81.0,5.0,0.0,1.0,0.0,0.0,0.0,0.0,0.0,0.0,0.0,0.0,21.0,6.0
satya,10,5.0,1.0,2.0,0.0,0.0,2.0,0.0,0.0,0.0,3.0,1.0,0.0,0.0,1.0,1.0,0.0,0.0,0.0,0.0,7.0,4.0,0.0,0.0,6.0,112.0,4.0,1.0,7.0,4.0,4.0,1.0,0.0,0.0,0.0,3.0,0.0,4.0,2.0,0.0,0.0,2.0,3.0,1.0,4.0,1.0,19.0,1.0,0.0,1.0,0.0,0.0,12.0,1.0,0.0,1.0,2.0,163,30,0.0,4.0,192.0,7.0,9.0,0.0,11.0,0.0,1.0,1.0,2.0,0.0,1.0,0.0,0.0,0.0,0.0,0.0,7.0,3.0,0.0,0.0,0.0,0.0,1.0,0.0,0.0,1.0,2.0,5.0,0.0,0.0,0.0,0.0,2.0,0.0,2.0,0.0,0.0,5.0,4.0
says,7,36.0,4.0,2.0,0.0,3.0,8.0,0.0,5.0,0.0,3.0,10.0,5.0,0.0,10.0,12.0,6.0,8.0,3.0,0.0,7.0,9.0,1.0,4.0,5.0,7.0,14.0,1.0,0.0,8.0,1.0,0.0,1.0,0.0,5.0,0.0,2.0,3.0,13.0,8.0,5.0,0.0,8.0,3.0,0.0,7.0,2.0,2.0,3.0,1.0,1.0,0.0,4.0,1.0,7.0,4.0,0.0,283,26,6.0,3.0,7.0,7.0,4.0,7.0,19.0,1.0,9.0,3.0,3.0,1.0,13.0,0.0,0.0,2.0,0.0,7.0,0.0,1.0,1.0,0.0,0.0,3.0,3.0,2.0,8.0,12.0,8.0,1.0,9.0,6.0,1.0,3.0,8.0,5.0,1.0,1.0,0.0,42.0,54.0
security,4,19.0,0.0,12.0,0.0,19.0,0.0,2.0,0.0,7.0,0.0,0.0,0.0,6.0,9.0,5.0,2.0,2.0,20.0,0.0,0.0,0.0,2.0,2.0,0.0,1.0,31.0,2.0,0.0,6.0,0.0,1.0,3.0,14.0,1.0,2.0,2.0,0.0,0.0,0.0,5.0,7.0,9.0,0.0,0.0,1.0,6.0,7.0,0.0,0.0,2.0,7.0,0.0,1.0,0.0,0.0,2.0,246,19,4.0,1.0,5.0,31.0,2.0,22.0,1.0,0.0,3.0,1.0,0.0,0.0,0.0,1.0,0.0,6.0,0.0,3.0,1.0,0.0,6.0,3.0,0.0,5.0,0.0,0.0,4.0,1.0,2.0,1.0,0.0,6.0,8.0,6.0,2.0,8.0,0.0,0.0,0.0,30.0,0.0
server,4,4.0,0.0,83.0,0.0,0.0,1.0,0.0,0.0,4.0,0.0,1.0,0.0,5.0,0.0,0.0,0.0,6.0,15.0,0.0,3.0,0.0,2.0,1.0,1.0,0.0,15.0,0.0,0.0,6.0,4.0,2.0,0.0,4.0,0.0,5.0,8.0,1.0,0.0,0.0,1.0,2.0,0.0,0.0,0.0,0.0,0.0,0.0,0.0,0.0,8.0,5.0,0.0,0.0,0.0,0.0,0.0,168,20,0.0,1.0,0.0,15.0,3.0,3.0,0.0,0.0,0.0,0.0,1.0,4.0,0.0,7.0,9.0,14.0,0.0,0.0,1.0,6.0,0.0,3.0,1.0,0.0,0.0,0.0,12.0,0.0,0.0,0.0,0.0,4.0,4.0,1.0,0.0,3.0,0.0,0.0,1.0,51.0,1.0
services,5,1.0,0.0,3.0,1.0,6.0,0.0,0.0,0.0,5.0,0.0,3.0,2.0,8.0,0.0,0.0,4.0,4.0,34.0,0.0,7.0,0.0,0.0,2.0,0.0,0.0,88.0,0.0,0.0,10.0,0.0,4.0,0.0,13.0,0.0,0.0,3.0,0.0,0.0,0.0,1.0,6.0,0.0,3.0,0.0,0.0,2.0,2.0,0.0,0.0,0.0,4.0,0.0,2.0,0.0,1.0,0.0,170,13,6.0,2.0,1.0,18.0,2.0,6.0,1.0,0.0,0.0,0.0,1.0,5.0,1.0,4.0,0.0,0.0,0.0,0.0,0.0,3.0,3.0,0.0,3.0,4.0,0.0,0.0,3.0,1.0,0.0,1.0,3.0,2.0,3.0,0.0,0.0,0.0,0.0,0.0,0.0,3.0,2.0
skype,7,8.0,0.0,2.0,0.0,8.0,1.0,0.0,0.0,10.0,2.0,0.0,18.0,9.0,21.0,1.0,6.0,0.0,1.0,0.0,3.0,0.0,2.0,66.0,0.0,0.0,2.0,3.0,3.0,0.0,0.0,3.0,3.0,3.0,2.0,3.0,14.0,2.0,0.0,0.0,0.0,6.0,4.0,3.0,0.0,0.0,0.0,0.0,16.0,1.0,0.0,10.0,0.0,0.0,0.0,2.0,0.0,207,31,8.0,5.0,0.0,15.0,1.0,23.0,5.0,1.0,1.0,0.0,2.0,12.0,2.0,4.0,1.0,7.0,0.0,0.0,0.0,0.0,1.0,3.0,0.0,0.0,0.0,0.0,13.0,4.0,2.0,5.0,0.0,6.0,6.0,0.0,0.0,9.0,30.0,1.0,1.0,16.0,1.0
software,9,3.0,1.0,3.0,2.0,1.0,0.0,0.0,0.0,3.0,1.0,0.0,0.0,1.0,3.0,2.0,2.0,3.0,3.0,2.0,0.0,0.0,2.0,13.0,0.0,1.0,9.0,0.0,0.0,3.0,1.0,5.0,0.0,5.0,0.0,0.0,8.0,0.0,1.0,2.0,0.0,1.0,3.0,4.0,2.0,1.0,0.0,1.0,1.0,7.0,0.0,1.0,0.0,0.0,0.0,6.0,1.0,172,18,3.0,3.0,0.0,16.0,0.0,7.0,4.0,3.0,2.0,0.0,3.0,0.0,1.0,0.0,0.0,3.0,4.0,0.0,3.0,5.0,0.0,4.0,0.0,0.0,0.0,2.0,2.0,1.0,0.0,2.0,0.0,6.0,4.0,2.0,2.0,0.0,1.0,0.0,1.0,11.0,1.0
stock,8,3.0,1.0,9.0,1.0,0.0,1.0,3.0,1.0,0.0,0.0,3.0,0.0,0.0,0.0,7.0,1.0,0.0,0.0,1.0,2.0,0.0,0.0,0.0,6.0,1.0,10.0,39.0,0.0,0.0,7.0,0.0,0.0,0.0,0.0,0.0,2.0,0.0,1.0,0.0,0.0,1.0,2.0,0.0,4.0,0.0,0.0,0.0,0.0,1.0,0.0,0.0,3.0,0.0,1.0,1.0,1.0,156,23,0.0,66.0,0.0,4.0,0.0,2.0,3.0,1.0,0.0,0.0,0.0,0.0,0.0,0.0,0.0,0.0,0.0,1.0,3.0,0.0,0.0,0.0,0.0,0.0,0.0,0.0,0.0,0.0,10.0,4.0,1.0,3.0,0.0,2.0,1.0,0.0,0.0,0.0,1.0,1.0,6.0
store,6,19.0,5.0,2.0,4.0,2.0,10.0,0.0,5.0,2.0,0.0,1.0,10.0,1.0,39.0,14.0,15.0,8.0,0.0,7.0,2.0,4.0,0.0,8.0,3.0,1.0,0.0,0.0,0.0,12.0,2.0,0.0,1.0,1.0,1.0,11.0,8.0,0.0,3.0,8.0,8.0,2.0,7.0,0.0,1.0,4.0,1.0,0.0,0.0,1.0,0.0,23.0,0.0,3.0,11.0,1.0,3.0,244,13,1.0,3.0,0.0,21.0,0.0,2.0,11.0,2.0,5.0,0.0,0.0,0.0,12.0,0.0,0.0,2.0,0.0,0.0,2.0,0.0,0.0,0.0,0.0,2.0,0.0,0.0,9.0,13.0,1.0,0.0,9.0,1.0,0.0,1.0,6.0,0.0,2.0,0.0,1.0,71.0,20.0
support,4,62.0,5.0,10.0,0.0,8.0,3.0,1.0,0.0,44.0,0.0,5.0,17.0,12.0,15.0,25.0,1.0,0.0,11.0,7.0,5.0,0.0,7.0,3.0,1.0,0.0,9.0,0.0,7.0,10.0,0.0,5.0,28.0,2.0,14.0,2.0,5.0,0.0,1.0,1.0,5.0,20.0,16.0,2.0,0.0,2.0,0.0,26.0,25.0,2.0,5.0,4.0,0.0,2.0,2.0,1.0,4.0,379,25,10.0,2.0,0.0,24.0,12.0,20.0,7.0,0.0,3.0,4.0,1.0,4.0,0.0,1.0,1.0,2.0,0.0,0.0,8.0,4.0,12.0,3.0,13.0,2.0,0.0,9.0,0.0,4.0,17.0,3.0,1.0,8.0,7.0,4.0,2.0,5.0,3.0,1.0,0.0,107.0,13.0
surface,29,27.0,21.0,31.0,101.0,1.0,307.0,70.0,3.0,0.0,0.0,2.0,0.0,7.0,3.0,45.0,1.0,13.0,0.0,10.0,5.0,227.0,4.0,7.0,11.0,3.0,6.0,17.0,1.0,1.0,7.0,0.0,0.0,3.0,1.0,23.0,13.0,4.0,9.0,0.0,11.0,10.0,2.0,2.0,11.0,3.0,21.0,0.0,3.0,6.0,12.0,16.0,0.0,5.0,13.0,2.0,22.0,911,207,6.0,8.0,1.0,79.0,15.0,5.0,30.0,1.0,19.0,119.0,61.0,2.0,474.0,2.0,68.0,13.0,81.0,1.0,12.0,1.0,0.0,1.0,4.0,1.0,0.0,13.0,4.0,0.0,10.0,2.0,37.0,29.0,21.0,2.0,11.0,3.0,3.0,70.0,3.0,39.0,21.0
tech,12,4.0,6.0,9.0,2.0,0.0,5.0,4.0,0.0,2.0,4.0,12.0,0.0,1.0,0.0,36.0,0.0,2.0,1.0,1.0,7.0,2.0,3.0,6.0,2.0,2.0,6.0,4.0,1.0,13.0,8.0,1.0,3.0,0.0,13.0,6.0,2.0,6.0,2.0,1.0,2.0,0.0,24.0,6.0,0.0,3.0,0.0,0.0,0.0,0.0,12.0,1.0,8.0,1.0,0.0,2.0,5.0,279,38,5.0,9.0,3.0,27.0,3.0,1.0,8.0,6.0,3.0,1.0,0.0,1.0,4.0,0.0,2.0,1.0,5.0,2.0,8.0,2.0,0.0,0.0,2.0,0.0,10.0,1.0,17.0,10.0,0.0,2.0,2.0,4.0,0.0,2.0,16.0,1.0,5.0,3.0,5.0,5.0,4.0
technology,6,2.0,2.0,3.0,2.0,2.0,0.0,1.0,0.0,0.0,6.0,0.0,0.0,1.0,0.0,4.0,1.0,0.0,3.0,1.0,2.0,0.0,1.0,5.0,0.0,9.0,11.0,0.0,0.0,1.0,1.0,1.0,0.0,1.0,2.0,1.0,0.0,5.0,0.0,0.0,2.0,1.0,2.0,2.0,2.0,3.0,2.0,1.0,0.0,0.0,0.0,2.0,0.0,0.0,0.0,0.0,2.0,138,30,3.0,3.0,5.0,17.0,3.0,2.0,1.0,3.0,4.0,0.0,1.0,0.0,0.0,0.0,0.0,2.0,0.0,5.0,1.0,1.0,0.0,1.0,5.0,2.0,4.0,0.0,3.0,2.0,2.0,0.0,0.0,0.0,0.0,0.0,3.0,0.0,0.0,0.0,0.0,2.0,2.0
uk,3,4.0,14.0,8.0,10.0,2.0,6.0,2.0,16.0,0.0,1.0,12.0,0.0,3.0,0.0,4.0,0.0,14.0,3.0,18.0,0.0,19.0,2.0,2.0,2.0,6.0,13.0,1.0,0.0,17.0,2.0,0.0,0.0,1.0,7.0,9.0,4.0,0.0,0.0,4.0,3.0,9.0,8.0,0.0,0.0,3.0,0.0,1.0,0.0,1.0,0.0,3.0,0.0,1.0,31.0,0.0,0.0,149,32,1.0,1.0,1.0,4.0,2.0,3.0,2.0,9.0,0.0,1.0,0.0,0.0,12.0,0.0,10.0,0.0,1.0,0.0,9.0,0.0,0.0,3.0,0.0,0.0,1.0,9.0,1.0,37.0,2.0,0.0,0.0,0.0,0.0,0.0,3.0,0.0,0.0,0.0,1.0,3.0,3.0
update,7,224.0,32.0,16.0,7.0,4.0,14.0,3.0,4.0,15.0,0.0,1.0,9.0,10.0,19.0,2.0,7.0,7.0,1.0,31.0,14.0,11.0,13.0,6.0,1.0,0.0,2.0,8.0,8.0,2.0,0.0,8.0,9.0,3.0,0.0,16.0,13.0,3.0,6.0,13.0,8.0,11.0,1.0,5.0,6.0,5.0,1.0,3.0,5.0,0.0,27.0,5.0,1.0,6.0,11.0,3.0,4.0,444,49,25.0,5.0,0.0,62.0,11.0,17.0,59.0,0.0,4.0,3.0,9.0,15.0,19.0,4.0,18.0,42.0,0.0,0.0,6.0,6.0,4.0,2.0,6.0,6.0,3.0,1.0,8.0,29.0,4.0,0.0,0.0,0.0,3.0,3.0,0.0,17.0,4.0,0.0,1.0,269.0,65.0
updates,2,58.0,2.0,4.0,5.0,8.0,10.0,0.0,1.0,3.0,0.0,0.0,12.0,6.0,28.0,3.0,17.0,1.0,7.0,6.0,3.0,10.0,2.0,4.0,1.0,1.0,2.0,2.0,6.0,5.0,0.0,5.0,1.0,0.0,0.0,0.0,0.0,2.0,0.0,1.0,6.0,3.0,2.0,2.0,0.0,3.0,0.0,2.0,15.0,5.0,3.0,4.0,1.0,7.0,2.0,1.0,1.0,240,8,14.0,0.0,0.0,37.0,2.0,30.0,8.0,0.0,1.0,5.0,1.0,5.0,17.0,1.0,10.0,10.0,0.0,0.0,1.0,8.0,4.0,3.0,6.0,4.0,0.0,0.0,7.0,21.0,0.0,0.0,0.0,3.0,0.0,2.0,2.0,5.0,1.0,0.0,0.0,84.0,8.0
upgrade,13,216.0,0.0,4.0,2.0,0.0,0.0,0.0,1.0,0.0,0.0,0.0,0.0,1.0,3.0,1.0,0.0,1.0,0.0,0.0,0.0,0.0,0.0,1.0,1.0,0.0,3.0,1.0,0.0,0.0,0.0,2.0,0.0,2.0,0.0,9.0,36.0,1.0,1.0,0.0,6.0,0.0,1.0,1.0,2.0,0.0,0.0,11.0,0.0,0.0,4.0,5.0,0.0,0.0,1.0,1.0,4.0,202,43,13.0,2.0,0.0,7.0,0.0,2.0,13.0,0.0,2.0,2.0,1.0,0.0,1.0,1.0,12.0,1.0,0.0,0.0,3.0,6.0,1.0,0.0,0.0,2.0,2.0,1.0,4.0,2.0,2.0,0.0,0.0,3.0,2.0,0.0,0.0,29.0,0.0,0.0,0.0,231.0,8.0
us,4,7.0,3.0,1.0,4.0,2.0,4.0,0.0,6.0,0.0,1.0,0.0,2.0,3.0,2.0,19.0,1.0,6.0,2.0,2.0,0.0,2.0,3.0,5.0,0.0,7.0,9.0,1.0,2.0,62.0,2.0,0.0,0.0,1.0,0.0,6.0,3.0,1.0,0.0,0.0,2.0,0.0,13.0,4.0,0.0,5.0,1.0,1.0,2.0,1.0,8.0,6.0,0.0,0.0,19.0,4.0,2.0,234,30,0.0,1.0,2.0,9.0,2.0,4.0,5.0,0.0,0.0,0.0,3.0,1.0,4.0,0.0,1.0,1.0,0.0,2.0,8.0,2.0,0.0,0.0,0.0,2.0,1.0,6.0,2.0,11.0,16.0,3.0,3.0,0.0,2.0,0.0,0.0,2.0,1.0,2.0,2.0,5.0,17.0
users,12,108.0,6.0,1.0,0.0,15.0,3.0,0.0,2.0,3.0,1.0,5.0,15.0,2.0,15.0,10.0,5.0,0.0,7.0,8.0,0.0,3.0,1.0,14.0,0.0,0.0,12.0,0.0,3.0,5.0,0.0,1.0,16.0,3.0,2.0,1.0,24.0,0.0,1.0,1.0,16.0,1.0,7.0,3.0,0.0,0.0,0.0,4.0,3.0,9.0,5.0,6.0,1.0,9.0,4.0,1.0,3.0,313,54,14.0,3.0,0.0,21.0,0.0,33.0,4.0,0.0,10.0,6.0,5.0,0.0,3.0,1.0,0.0,2.0,0.0,0.0,5.0,8.0,3.0,0.0,9.0,0.0,0.0,0.0,5.0,3.0,1.0,0.0,0.0,17.0,5.0,29.0,2.0,0.0,1.0,1.0,3.0,128.0,8.0
video,14,5.0,0.0,6.0,0.0,2.0,1.0,0.0,0.0,3.0,1.0,1.0,10.0,4.0,15.0,4.0,2.0,1.0,3.0,0.0,1.0,1.0,1.0,3.0,0.0,2.0,2.0,1.0,1.0,2.0,0.0,0.0,2.0,0.0,0.0,1.0,5.0,2.0,15.0,6.0,0.0,6.0,1.0,1.0,1.0,15.0,0.0,0.0,7.0,4.0,1.0,3.0,2.0,3.0,4.0,0.0,0.0,143,26,7.0,3.0,2.0,40.0,1.0,2.0,13.0,1.0,3.0,1.0,1.0,2.0,1.0,1.0,1.0,3.0,0.0,2.0,1.0,0.0,0.0,0.0,30.0,1.0,0.0,2.0,3.0,3.0,5.0,0.0,0.0,4.0,1.0,0.0,1.0,1.0,0.0,1.0,3.0,8.0,10.0
vs,27,4.0,8.0,9.0,4.0,0.0,55.0,4.0,20.0,1.0,0.0,9.0,0.0,0.0,2.0,49.0,0.0,0.0,3.0,6.0,2.0,11.0,0.0,5.0,16.0,0.0,12.0,11.0,5.0,3.0,1.0,1.0,6.0,2.0,7.0,1.0,0.0,0.0,1.0,1.0,4.0,1.0,25.0,0.0,4.0,5.0,0.0,2.0,3.0,8.0,3.0,0.0,0.0,1.0,35.0,1.0,1.0,196,17,3.0,3.0,0.0,4.0,0.0,3.0,21.0,0.0,4.0,4.0,0.0,0.0,63.0,0.0,1.0,0.0,0.0,0.0,1.0,0.0,0.0,0.0,1.0,0.0,0.0,0.0,1.0,70.0,3.0,0.0,0.0,0.0,0.0,0.0,2.0,1.0,1.0,0.0,0.0,5.0,7.0
wants,11,26.0,1.0,1.0,1.0,2.0,0.0,4.0,0.0,0.0,6.0,0.0,11.0,0.0,13.0,2.0,7.0,0.0,1.0,2.0,0.0,0.0,10.0,2.0,3.0,2.0,5.0,2.0,1.0,11.0,0.0,0.0,4.0,0.0,0.0,1.0,3.0,0.0,4.0,5.0,5.0,0.0,3.0,15.0,2.0,15.0,1.0,1.0,0.0,1.0,1.0,2.0,2.0,1.0,0.0,18.0,0.0,198,26,6.0,1.0,1.0,5.0,5.0,7.0,10.0,11.0,11.0,4.0,2.0,0.0,0.0,3.0,0.0,1.0,0.0,0.0,0.0,0.0,1.0,0.0,1.0,1.0,1.0,1.0,0.0,3.0,5.0,0.0,1.0,1.0,0.0,0.0,2.0,3.0,3.0,0.0,0.0,38.0,20.0
windows,87,1818.0,21.0,52.0,14.0,10.0,16.0,10.0,24.0,38.0,4.0,1.0,59.0,25.0,139.0,14.0,89.0,19.0,8.0,8.0,24.0,11.0,136.0,21.0,7.0,17.0,11.0,13.0,36.0,21.0,5.0,0.0,91.0,24.0,3.0,47.0,79.0,12.0,22.0,25.0,59.0,17.0,12.0,14.0,34.0,16.0,10.0,13.0,37.0,12.0,62.0,35.0,1.0,26.0,71.0,28.0,19.0,2032,339,232.0,21.0,4.0,252.0,27.0,47.0,55.0,12.0,50.0,126.0,7.0,74.0,32.0,4.0,54.0,91.0,21.0,5.0,42.0,30.0,51.0,3.0,16.0,11.0,1.0,71.0,107.0,39.0,5.0,2.0,3.0,269.0,84.0,231.0,5.0,128.0,8.0,5.0,38.0,0.0,58.0
xbox,33,42.0,9.0,50.0,7.0,0.0,31.0,7.0,2.0,11.0,0.0,1.0,2.0,29.0,18.0,11.0,15.0,9.0,0.0,3.0,10.0,1.0,7.0,4.0,11.0,6.0,4.0,6.0,9.0,0.0,9.0,0.0,2.0,1.0,2.0,17.0,44.0,10.0,52.0,113.0,14.0,2.0,0.0,7.0,6.0,10.0,2.0,1.0,2.0,0.0,6.0,5.0,0.0,84.0,3.0,14.0,36.0,844,184,1.0,16.0,2.0,136.0,20.0,5.0,588.0,2.0,56.0,1.0,2.0,13.0,8.0,14.0,22.0,5.0,6.0,4.0,54.0,0.0,1.0,2.0,1.0,1.0,6.0,20.0,13.0,21.0,4.0,2.0,3.0,65.0,8.0,8.0,17.0,8.0,10.0,7.0,20.0,58.0,0.0
